0100011011
100010001100100011
1111100000100101101000000101
01001111
101011
11010001110100
100000100
00010000
11101101000001110010000011
1110111111110101011110
01000010111110010010
111100110010
1010110110
1110010011111001001111
11000010
1100
00100101100110110
010111101010111000010010
11110010110010000
01110010111101111000000110
11111111100111101000101
001110
01
01100010111
0100001110
000100100111000111000101
001010001100101010010001110010
10101010001111
101
00
00101011010011111
00111001011
10101000
011000001000000101
00001001100000011111
100001110010111011111000
10110100110001011100101101
111011100001010010101110
111001
11001001110011011
1000000000011000
00101001100000110
1000110100000011000010
0000000
10111110
0
0
0111000010
00101000010100111100001100
110011101000110011101011101
01101000000001101110000
0011001101111
1011101010011
011110
01111100100010100010001010010
000101111000101001101101
1100101001001010001001001111001
0000010101101000010
111010100100100001101001
010000100
001111001010011101010000011011
0110111011101110100001111
00
0001100001011000001100110000
00011001101001011111101101101111
11101001110000110110110011001000
1111100101111111
10001100
0010011001110011110100111
00100011
0
1010
0101011011000011
001010010111110100
10010
0000011011110111
0110100000110111111110101010
10010110
101101110011010100010011011001
00001111111001100001010001
0101111111010001000
01110110100111
00101000010001100101
101010011100110111100
010001100000010101
001010011101110110
0101
011011000011011111110011001001
1011111000101
010000101010100011100000
11001011
0110110101010101
00100010100100011100110101
10
1110000100100001
001111
0011011010001010101000
1100111110001110100011001101
10110011101010001110
0110
01111110
0100110101100001010110001101100
00001110011000100001110000101110
111010101111000101000111000
001110111010000010111000111000
01
0111011100011000000
1101
1011101110110000
0
01001
0110
1111
010010101011011110101
00100111000111000100
01101101000100
1100000110001110001011011
100100001001111000001
011
11011001001111100011000110010111
1000100110000010111111111100
0100000110100110101011
11111101
01100010
101011111000
0110100100101000111000110100110
00111111
1000110100
011100110010011000010100110011
110000001010
0100001101100000111
011000101
1101100000110000010011010
11010111010000001
0101101011010110001111111110011
111110
0001
00111111
11
10010000111010010001000011011
1001
1100000111
00000100010111
1101010000000101
000100110010111000
1010
00001110001010101111
101010110011011100011101000000
10010010011100110101100110010100
101
1101010
011111101110010
110000
10010000101011101010
01000111
00011
000110111111011110
00000100111010010101
00000011
11000000100001011010011011
10000100101111
1000101001
11111000101110
1101001101111000011111110110101
01011111111101010001001011000101
11101011110010010111000111001011
00100101
1101
000010111000101111
00111001000010
0101011011110010111110011000101
0100110011000101111011101001
11
100100010111011000001110100
10111110001100
000111
00010001011100001100110001
10010100000011111000100010011
1110111011001110101001000101101
1110101100000110
1010000101100111
010010000
001011110101010001
0101111000001110111010
0000110110000
100000110000010000101
01110011011100
0011000101011
0101000010001111001110000111
01011100111111010111
01011010000001001110000
0010
00101
01010011100100
11100111011
11110011010010101100100100
01100110111011000000111001010
1111000010100001110110
1101100
00100000111000010011000000
0010
111110
101110
101101101011001001101101
110
1000
11111110001
10110000101111001000
01101110100010
111010000011010110
001100111111001111101
10
00110000101111101100000
000100011000
111010000110001001011001111
0011110001001
0001
11001011110101000011111001101001
111110010010100110000010
1110
11000010101110011110101111000110
11111011
1000011111111011
101111100111001011101110
0101000010111
00100001101101
000110101000111011001
10110111101
101111001000101010
011111101100110011010011010100
0111000011100011
0
100100011011101001111
110111111
000001000000110011
101
0100111100111001001001111010
00111101100001100101001100110111
10001110110
000110001011000011111111001
00110001101011100010
011111010111001011
111011100110010000001110
001100010101111011101
111010000100010011110
011100100100
10110000
0110010111111000000010110
10001001010011110101011101010000
11101011010111110
10000101111101010010
001010111011
101100001101
0000101110
110000001100111110111
1100110011
0111010000101000
000011111110101011110010000010
10011111101010010
0010000100010000000101101011111
001111001100001100
100000111100010011010110
110001000110100011010001110000
0001
001011000001
011001011100101000011100110110
0
0000011000000
11110
0111110111001100101010
0001111010100011010100001011
10010110
00
0100010011010100000101
10011110010001
10101011001100001
11001000
1100011
011111011000
000110
110
11011001101101000011000010011
0100001100101101011111
1100111001110011110101001101
1001101110001000100
11010011
1010110
1100010000001010010000111011
1011111101111100101100
0
01
001001111010110010100110001001
11011001010111001011
110101010001011001001001111010
0110110001000101111010101000
01010011110110000011
0011101010
010110000111101011
1100
01100
11
1101010100101001
1101000110011010
0111011111011001100010111011000
10000110000000011000100011100011
0111001001001110011
0000110011101001
01110111000
11010111110011101001010111100
0001
110010100111010101
11001010110011011000110
1011111101110
1011110100100110111011010101
11110111001010010111
10
11100101101110110010
010001110110101
01
00
011110010000011100101
10111011011011110110100011
111011010111
111011101101010100111101011011
01001111110011111000
110111100000011
101
1101011110111000110011110
111110001011101110010010
01
000011
100100110010000000110100
0001010100001
1111000010110001110110
1111000100100011101100
00100110
1101
1000000100010111011
110010
10100010110110111000111011000110
000110101010
101
010000111001001000101001001110
1010110111011000000100
11010010111100010000111010101010
0110110
11111000000001110101
011100001111011000101001110
0100010100010101100000000111011
00110111010100
000
0000001010111000
10000101001
1011010001000101100
00000000101100111000011111101001
000010110100100011000001
110110011111011000
11000111
0110001100011
10010111
0010010010001000
111011011110101001111000001010
110111000101
111111011010111100
0101011100
10010110010110100010101111101
11110101010010100101
001011111111110101100001010000
11001001
0111
0010001010010
00100111101110011001010010
100100100111100010100111
00001011011100
0111011111010100100100001110
010001111011000110010100111000
000110
0011010101101100110101
01011101001010
001100010000011100
0
01111000010010110
10011110110010101
000010101001101001010
00
110110010000001010011100101
0110011011111011100001
10100000110101001010010000000101
10000100001101010011101100
111000
111000001000110111010110011111
0
1011110001
0001100100011110
10000001110011010010110001110100
011100010100
000010101101111111
1010010000100101011011100100101
00100100001110010000111111
1110100001101100101110000111
01010
0111000000010111101101110010
011000101001
011
00111010011101010001
00011100001101000111100
01011111011011111000101111
11000101110100
0100
10001100
100000000111101
101101111101111
0010101100100001100000010
10
100101001
01010111000101111001
1011011111100110110001
11110101110111
1001110001110001
11011100111110100111
11011000111011110110111011
100010110010011101111
11110001
01
10011000110100000
11
1010101111
10010000111101110001010011
0110100111010010100111
00
011010
110110010010101111
01100100001101000000011
0000011101101010101011
0000110
10011101100001
1110110100010111010000100101
00011010111101011
1000010110
00010110000101100010111
11111111001001010011010101
01
01110000010011010111110010011111
10110001110110000111
0010101111011010001111100
01010111011101110011100
101100000100110
011001110000111001100100001
101110111001100100101111100011
011111011011010110101
1011111101101101
01011111111001110110101000010101
00011110000101
1001101111100101110001110010
100100
10101110011110
01010101000101
1101111011100101110000
001011100111011110001111111
00011111101110100111010010011111
110010010001
0
110111111001100
0100001010010110
110111011101
001101100
1011110110101100110
10010110000000111110000010
111011000001111100000111000110
00000001101000001011000001000011
0110110010
10110011000110100010111011000010
001010001101111100011000
000100001
11010000011101
11001100101000011110
00010001110111100
11101101100010001101100
101111101000110101110100011
00
01001000
111011110101011011101000
1000000001011011001101001100
0110111111011010100
110
10100101110011001110110111
10111101000100011110010
1110001000101010010
10
11100101110000
00001110000110110000001100001110
1111000110000001001111101100101
10001110101011001000
01100000011110001111111110010010
10111000001110001000
001000010100000101
110
110010101001011101001010101100
10011000100100000110100
11101011010000111
00111110101000000011001010001000
0101010010
1100000
001101011010010110
10100111000101010001110011001101
0101000000001011101001
101011000010100
110001
01011001101
01000011100100001010111110
0001101100100101010000
1110
11
000000010000111010100101
1011011000101001110100111011
0011110
000111000011110010110111001110
1001001100000100
10001100
01110100011001010110001001000100
100010110001101100
11
0010
10101000000011110010110001010
0111110001100101111110111111
1001111001010101
1110110010
0
11101001100011101
00011101111111010110111101010111
011110
00111011000011
00011
110000100111
01010011000001111
000011001110100010111110
1101000001110011
10011111110110101
11100111000
0010010111010
001110000000110001100100101
11101111001101110110
0001100000
1011010000011101100111110111
000001
10
10101110011010100111110001010
011111101100011000001000011101
01
101101
011100
0101101000001111
1101
01101111011001010
0011110111
10101111
011
010110100011101
110111010101
001111000111
000000111110000101001
01110000000101111010
1110011010110101101101000101
01101110
01111010
1110
10001010
100111101110000100
10111101101
00
01010111100111100010
000001100110011111
011010010110
0100001001101111100110101001110
0001100000100111
0010011011
111010
11100010101000011011011
0
11110101
01111010001
100101000011001001111010
0010001011101
01111100
1001000110111011000010001000
0000111010111000001001101010
0011100100101001
10101111000100
110000100010000
1110111011000
00011000
111100101
0101100010000101000101
011100110010111010011011
0010000001111100100111011100
0100111001
101000010010
11100010000001100110010100
10011000111100100
0100111110101
000101101100100010
1000010100011000011010000110
0001100100000001000101
10110111011010
100011010
000101100100
111011010000111000
11011111001000100010000111001
101101110
00110100101101100101011
00111100101
1100001000101101
000010011001
0010011111
11110101000010111000000101011110
00110110011100001101001110010001
100001
0101011001010110011010101000111
101
101000000110
000011
01100011011110100101001
1100111000
001100011100
001000011101100
1110111011001001100011000001
1111000011011110
10100001011010011001100010100
00100011110011000111000
100011101010101100
11100111111110000000111010
01
1011011000011110001
11001111
011100000011
0011
0110101100
10010101110000100000
11001111101011110101000001010100
011
1110011110100000
010011010
00001010111100001101010010000110
0110
000111100
10110101
111101111111
00000000
01101011001110111010011001
0101011011010000100011
010101000100111001
011011011
1101010111001110000100010110101
00011110001011
001000000011
000000000
10010100100011
011110001110001100010
0000100001101101000000110110011
000010100101000
0
10001111010111
0000101000110111
100000000110111001001
11
00
01
00111011100
100000
110110
11001010011001111010011101001001
11101
001001111011101011011000
011111010000000011100000
010111010000
1110111111111
0001010110101
111000011101
1001101
0
1001101010
111010011011
11000010
11001010
001001
0000111000110010000011011110
101011000111
1011001000110011
0011110010100110100001
10
00101011101101100111110111000100
010011001010001000011110011
00011
11011111000101
011111110011001101
11100111000
00111011111110010011
0010111010010001111000011
0001
0100100001000011111
01000111110000111101101010
0000111011010001011000000010011
0011011100111000010111111011
01011111101111001
0111011100011101000111
1011110011011101001
000001
0101111110100101110
010111011111111000010000101111
0001
001011100000100000
111000101111111111
11000100010101011111100100
11110001001101110001
1010000111001001110110
1111
0000101101101010100100010
101010010000
0111111101110110
11
10
100011110110110001001000
1010001100110001100
1011001001110000011000011101001
0111010000000000110011101
11100011100
011111000111011111100110110000
00111100100000
0
1101011110
001010
00101110
00110010000010111100111001000
10001110101000100101
101111110110111001000111
1010000010
00
1101000101110110001010111100111
110000011
1000000111101111
0101101
0010001
0100100000011001010
1100111000001100
011100000111000001110100110
0010110100
000000010110
10100011101
10001011011100
111001001111111101111
00011000000110011011000110010010
010001111100100010101
000000000
0010111011010100
110111011011100011111101
11101110011101111011100110001001
01111001110110010
100001011001100110101110110001
000010
000000010010010001001010101
110011000011001011
1101000010101101110
110010001111011100001000011011
0101101
0011010110010
1111110010100000
01111000110111100011011011
1100011101010110010000
001001100101111000
1101111100110010110111100
001111100100010001101110011
100110111010101010001010110
11
001110
1001100110000101000010110001
1001100010111011101101100100001
11000101011101
010000100
00110011100111100100001110
1100110000011101001000
100011110101001110110
000101001111001100101
11000010011100111001101011111110
11101001101110011111011101
100011010011001011
0101111010110
101011000011
10010010101100
00000100010111001110111001
110000000111100
100101101010100010110
1000
10
01
110100110111
1000011101000100101
0001
100111000110011001011110111
000000011011010011111101101
101101011111011010001111110100
10101100
1110
11110001110001
111110100101111100000111
0011
1110010000000011101000101101110
0010
0100001100111111100
1100111001
10000111
11010100110100011101001110
1000101011100111101000
10
111000100110011
0100100
11111011000100110010100111000000
1101111000100101111010110100
010111
10100000100101101101000111110
011111010001
110011111101111
0010111111110010000110
11111010011100111
1011
11110001111011001010011011100000
0111100110001111110110011101110
110000001111
01110000110101110110111111101111
0110110
0001010011000011101
0010101011010000
111011111
00010000
11101
1101011101111001101010
10100010011111001000
00111001110010000100000111110001
1000010000011011
0
0001100010011111101011001010
010000100
1011101100001100
001010000000011110
100011010
0011100010011
1000110000
0000000100001110100110101100
0001010100111010
0000
000110000010101010111101
01110110010011011000100000110111
01000101111000011101
0000100111011
1011111
101110010011101110
0111110000001
0000010010000101
101100001010001101011
00111100101000110111101100
10110000111
010100100110001001111110
01100100101000101110111111111000
01
0111
1011111
1100000111011011010111010110
1101001111010101111100110101
0010101010000
01010100000100011100100001110001
110010011010101100
0100
101001111101110111011111110001
10000001011011101
01110111000111010
001010001000
001011101011011101
101101001011
001010011110
0
00
010101101101101000011001000
100101
0100100011100100111000
01111101001001000
0110010001100010111011
0110110001110000
1111111100110110
1110100011100011110110000010
0000010011100111100111
0111001011
10010110110000110100001110
01001100111
11011000101101101101
01001101001111101001001011001111
101001001111100010100
101100
1000010
00011111000010110100010000100100
0111001010000010000101
11
10010100000111
011
0110011000
00011100
100010110001001111011010
000101010100100111000000011
111011010101000001110010
000101000101110000
1111010110011011001111
001011100100000110111100101110
111100100110000000010000
000110110010110011111010111111
001011001000
01
11100100111100000011110010111
0
010010011001010001
10001111010101110001
10001010001
111010
100001101001011100
000110010101100000101001111111
0101001010101101001101110000
00111100
110100100000000111100011101
0001100011000010
011111010000000101
0110100011111010
000110110011010011111000101100
00110101001000100011100101
1111111111101100
10010110111001010011
1100110
1010011
0111001
00011000101110110101101111011011
100100010011100011111100000
010010001101001
01000111110000111101
011000011010011010010000110000
011000111001
1000011010000010
1000100001011100010110011010
1001110000
11110100100100011000101000110101
000
11100010110
001111100010110011000001
101010010100011111011111111
110
10
11001010001110011101
001001110
10111011111111110
11001001111011111
101110001111111111011101010100
000100101101000011
001011000101100000000000
00
0001011010111001000
1100100101111011
1011110100111001110000110
01
101100001
00000
00011010111011011010001100000110
100010100010
110111100010100001
101100101000000110111010001
0001110001
101
011011011011111011110000101000
1010010100010100001010000101
0
1000100
01101101011111100101
10010000000
100010000000010111000
01100
00000101110010010010100
000010110001101000001100010100
0011011110101
110011101000100110111110000
0
000000
010011100101111110
1101000111101011010101110100110
1111111101000000011011
11101010100
101
001100111110100100111010
0100111101101001010
0100
0000111111100000
0001010110
011
010000101110111110101101011
0111001001011100
111001
011110
1011010000
01100100110011000000100110000011
111010
01110001
00
0110111001
11100001110110111101001000000101
101000011000110
01100000001000111
0
11010101101100111001
100001
011100000011100001111001010010
00000110010100010001001100
1100110010011111010000
10110111101001100011000100
100111001100010110100110
11110
001100110000110011
0001001010010100100000110010111
111110010100100110101
0110
10111110011101
000000010010000000
1110111000011000101
0000010000
11011101
01100011100010010100011
0100010011011001000110
010100010110101001010111011
1111000001101100010001110001
10010011001101101111111111110101
00010010111111011
0010000000
11110000110010001
0101111100010010111100010100110
101
1000010011101100001101101010
11001010010101001101000110
1011101011100100111101
00000101110110
011011000110011101
111010100110
10000000101101011001100100111110
01000010000101100011
1000001
00001011011100
11010101100011011010000100010000
11010001101110010001000
100000111101100100011
1010100000
1010011001011010001000111010
1011100001
010100011101110001
10110100101000101101101100010000
11100010000000001111
11111110
000011
0100010000110000011
010100000100111
010011010100111111010101110
101111111
000110101000000101011
1000011100
00001001101000010011100
1010110001101010
1111011011
1010000111100011
0000110011001011
0110010000
1000001010100101110100100010
100101010100001101001110111110
10111011
00011100
11101110110001110111001001101
0
00101000
1100111100100100
11011010101101011000001110000
0
1001010110100100001101010010
011001011110011011010
00011100111
0101011011
010110
100001010010110
011001010100
00
011
100011101111000101101001101101
0010101111111100110101001001
00010101111110011000011100100011
11101101101100000110010110101
0011
0001011111
10010100110010111101
110100001001010100111
11111101
000100001
0010
11001011101011
110001011111001010
01011000
100001010111110
01100000000110011001
101110101011011101
11100001110001
111000010101101101110
001101001010110101100001111011
110110011011001011000101111
0101110111111
00
01110100111100
00011000000
011001101010101011011101000010
011
01001000111001
101101
0011010001101001
111000110100
0001111010110000001110
11010101110100110
1011001000000100
0101
10111
01101011
1111000100
00111111
11010101111000
101000111101010110011100100
11100001110010101111110001000110
1011
010100111000
111001000000110101000
10111100010011
011110000110100110111001
01
1100110011011101
1011010010110010100110011011
00000001100
0011111100110010010
00011000
01
0001110001101101
0100111011110110011110
11111110001000
0101001010001000000110
011011010100011001
0101101111101111
0110001000111010001000
00101011
10100001101000100101110000110011
01111110101011001110
010111110101000
0001100
0011000
000001011001100010
000
0
11
11
000100100
0001110100010110
0
110001001100101110101101111100
0001
1001
0100
100101100101010011110011
1111011010011100
1001011
01010
0010111110
01001010100111110011010011000
0100000000011001
1010111110101011101111
10101010110111010110001100011110
10101100011000101
000000110111000011
01000000110000
0111101100010000011010111100
0010101000
101
0001
00000100
1110101100000
00111100001010
110001001
0010111
100111111111
110101101
10110111001101001111000100
0
011
11
00111001
10111011
111010010010110101011111001100
100001100101010011
00110100001101101100000011111
1100111010100000010
0
1111010010010000110010001001101
01001101111010010011
01110010111111
110011111110111000011111001100
010101000011001101101100001010
11010011011001
110011001011001010010
110011001110110010
0111001001010011111111
1101101100110000001011010000
00000010001101
000101011111101000100011001101
01000100
000111000010110
011001100
1011110100010110110011100
1000111101
110100000111
010100001110011011011010
01000000
0010
000100101001
00
011
100010
110111
110101010001110100110001
101000111110111010
00001011101000001000111101101001
10010111111100110101110010011001
1000010001
1100010010
1100
1010100101001000
011100001010101111
100011100
1010011011111101000001
10001010101111101100001111001
1100110000101110000000
1010111001011111111110
001001111011000100101
0011111110111100001100100100
000101000
110100101111100100000
0011
00111111111001
101
1010001100000101001011001
0011101101010101
0101011
001000101011
111001110000110011110110111100
1100101111
1110111
101000011001000000
11110111111011101000110010111
01
11000110011011011011110011111111
000001100
11000
0011001010110011101000
000010111101111111000010111100
00110110110001000001
01100101110110110010101011001111
11010010011100000111101
0
0111
0110111101100
11000111001110011001010000
1010
011011111011010
10111100010001001100110011
1010010001000001100101110
000111000000001011010101001
0001101111000
111010000011101000001111110
01110010100000110100101000100001
01100001011110011001010001
100100111100000110000
10
000000001110001000011101110
011010001
0111101011001
0000
0101100011011010000010
010011100110
011010101110111000000000110
00011110100110000111
001101000100
0111010101
00111010011110101101101
1001001001001011000010101
0111110110
01110111100010110011
00001100111011
011000011
01111111010110100001010000111
101001101010000101000
01101101110011101110000100101
001000001110000010111111100101
0100011100101000001111
0010010000011011100111
0
1110100
110100100011101
000101000010111111000001000101
111010001110000010000101100011
100110111
00001000110101001110000
0111111111
000011111011101011010
01100011011111010001000110100111
10
110001010101010010010100
0000101011000
00000010111100
111100011010010100001
10100111000101
11000100100110111010001100100110
1011
01000111001110110100000001
1110001
11101010
011000010011010000
1001000001110000
11
011110110010011111010001
100011000001001010100000111110
0111111110011111111001
0101011011001010001010111100011
101101001101100110111101
111101001
01000000111
0111010111
1010110101100000
110000001010101001010100100
0010000010011110101
0011000101001100010000
1101001111110010000
0100100001000010
011
11110010011100000101110010001110
1000
1111010011100011010101100
1011100
0011101100110001011001
0100100011101100110110
10110010001110101011110000011001
010000000000
1110101000100
001000101001000100100
1011111111101010110011
0000100011101100
010111110110010001111110
00010010111000101101010
0000
11
1111
00110101
0111100110011000100011
1001000111010010
00010001111111110
1000011001000100
101011100001
1100000100100001010111010001
0
1000010010101110100010
001001010111111001
1010001001100101
11011011000000010100011111100
111101101101010101
110001010111111110110
1010000111110000010
000101000000011100
111100110
00
110101010010
000111000010
00011101010011
0110
11000101100010010100001000
0011100111010100011100011001
1111011100001010001
1011110010000010010011000101
101111000101011001000001
010100001011011010111001101
11000
111111010101
01110100110001100110110
010001011
001111110010110000
100110110100100110
0
1001000000010011
0
11010100000000001110101011100
010101100010100
00011110011111011001001000010
0010011100111001100010000
1010101
101110100100
00001000
00011000100110101111000
000011100010010010101110
011
10100001110000
111010011111101110010100011110
011
11001100110011000001011011001011
111111
111100100111110000011011101
010101
101100110100
0000011010100
0111100111111111111001100010001
0101100000000100
1010110100001
1100011101001100
1010100110111011111101100101
10001001110000
101010100001101011001010111001
11001110
110111000010100110110001
110111
10101011111011111010
11011010000010000
010001100000
000111
10100001010000110111010
00000000110111110001100110
10100110
0111000111000110
00
1001001110101000001110111100101
001100100010010101000110
1100100101001110
11111000111
0
0101001010110110010100000101
1011
101010110010011101001110111
00010100111110110110
0011
011101010101100010011001001010
000101011111
10000011100101100000
10011000101101101001
011001001110111110010
00101011110111110010001011110011
1000001
11000110000011100011
001011101101110100100110001
1101000011
00
110000100110010
100001101
0110001000100010110001010000
0011101011011111100111111110
10011110
011111111100101010
01011010110010001010
1101101101111011000111101100
10101000010001101010
1000001000101110010100
0011
010111
101
0000101110010000110111000
10010001
001110
1011000010
1011110000
01100101101
0
010000110010
111010001100110011100010011100
0
100101001101011
101011
01
0110001001
00101010010101100000011101011001
101
00110010101011111111011011000011
0
10111001001110010111
01011011110101111101001000111010
1101111101000011011001
1100110111111101011
1100111101101110101011
01101000001001
001010110
1100100110110111
1000011010001100101101110100
101000011110110001
1110101001100001111101101001
0000000
110011100100010001000011110
1110111000
11011
10111111
0000110010101010101
00010011110101001000010011
111000111101111000110001110
1000011011001000111100111000100
0100101110
1000100100
100010
01000111110111
00000
1100110101100011110011001011
1111110100001011
10101010111011101101100100010
0001010100111110011111
11001000010100001101011111
11101001111010110110010001111
11
0101111101
0001
0001111100011000000101
1110
010110100011110001001110
1110
111010111010
00011010010100111
110011101011100100010000110100
10101111101
10011000101100110101010010101
00110001001111101111101
1110011101
10110101101000001111011110001
11111100010101000100000110000000
10
111000001
01101100000
000
00011
010001001010
110100
1101111111000100110111110001101
01011100011100001011101
011101001100000000010101100
11001010011100011000
0010000001011100001111010
11011001110101111011010110
101110
100011001001
11101011
1001
1100110010111101000000101
011111110100101100110101010
01010000010100100001111001101
01000111000110000001110110
101100000110001101000
01
000000101110100011
0100
01001001101100000111111010110100
1010110
1010000100010010000000
10110000000100000
011100010110011111001011011100
11011101000001
1111011011111101010000
01
110010001110
00100110
0101100101111101010001110001
001000111110111100101
00011010
011
1011
011101000010011101111
1010110011110
100110110110000001111100110
0111111000111011
00001011001110000111011001000
100001000000111011101110101110
1001011011000110
1010110000101100101111101
01001001
1111011
11010001000110101101
100001110110110
00000100
010110001000111101
1100110011110101
11001111111001110101001010
11010000110100000
1011011111110110001100110010
0110100111101
100100000001
1010010111011110100011110010
0101101
01011110010101
11110101
1001
0011110
0100100
111001100000010001110110010101
111101011100
011111101111011000110111
10001101111100101010
01111
1010111101
110110011100110001
10100
0
0111110110
01000110001011101011
11011111101100101001110011
0110
001100011011110001
011110
10000111101111011111010101
111010001100111101010
0100110000
1000
00110111100001010100111100
10100001100111100
00111111100111110111111000000
00010001111000101110
000101000110111101010110101000
100010101101110001
10001
01100110001101101000
010110111100001110001011101110
110001100010110101
001010001101011110100010010100
10111
1111000110101
10001001100001000010101011
011
0011011
01111001101100111000
1110
1011110001
100000111100
11000101101110010010100111001001
101000100001100000010001
011111
1100100010010101010110
101101111110100011
11000
0
0010000110010
10001010010011
000
101010011000
0011100111000001111011
01
101111110100011
1101011111100000
11111001111000001011011010
000001
1100111111
00110011
0100010000011111010100011010
1000000110010100101101010
000010001011011011
00110111000100
1011100010110100111101000110001
11110110
1100010010011110101101110
10
0100011100011101010010011
01001001000110010001000010001110
10111110010010111010100001011
1011100111111110001111000001
010101010110110100
0000101111010110
1001011110
10111011
1111000000001011011111110110110
101111100000
0000000000
10101001
110101000111111010100110110
101100111000
0100010111001011
101
100000100010110001111110
111111010010100011100110101
1110001101101
01111100100111010001101001100110
00100001011010111010010101111001
0011010010100101
011
000110100000100
01001011010001
0
0110010100001011110010100100
10001111
10101000010111101001010010
0111110110000011110010
1011011111
00011011
11011110011101000010100000010011
111110100110
11011001111111000111000
110000
00000101101111101100011
0111111001001
010101101101011011110100010000
101011111000100
10101000001011011011001000100
1100001001010101
1101111010000111111111
010111011
100100111111000000010001
000010100001001101111100
11010101010000010010101111
0100111010110010101001010
0110001011011101
111110100101110
101001101101110001011
11100100001111001011001010001
1000100101110001111010
1111000101110111010
10101000110100101100010000011100
00
001110110101
0110001100110
001111000001111001011111000000
11111010100001101010001111001
00011010
000100111011
101111100111100110
1000000001011
1001100101
0000101100101101
00110
00011110100010100010011
1111111010010001101001
00110000001111000010010101111110
000011000
00101111101111011001101111010110
10
00011011
0100010
01000101110100
11101010100001
000110111001000
1001010101010100
111000
000111110010101100010
001011101100010110011101111110
110011110001010101
001101101101101010011110011
01100
00111001101001110010000
01001000000000001110
01110100
0
10000101010001001010110111011
0001011011110010100000
11101001010011111100111110001110
100111001110010
1001001100
00001000100100100000011001
00010001
01111111001010
1111110101101110
01111100
00011010000111101101100010100010
001010
01011100110110
0011111110100101010001
01111010001110100111101
00000111111110111010
011
010001000001011110000110
10110011110100010000
111010
00110011001001
10000111011
001101110001000011110
0
11
01
01011100101000100000011000100111
00000110110110
001011
000111001100111
110110110
10100101101011010000100110
001100110010001111100110
01001101001001100111001011011010
00110011000
0
01010101110110100001001000
01111000101010
11000110001110111110101011
10101100111011111010111110
1100001100001100001110010
01101010010100001010
110111100101010111011101
10000110
011100100011100110011001101111
010011010101101000001111100101
110110011010001110
0111000001111011001001011101
111100110
11111011011110
11000
1001000001000111000010010
101100011000000000111110000000
01001101110010011010100111100011
11000101100100110011
1111101
100110
101101100101
10000101011110
1001101110011110011010010
111111001010011010100110
001100011011100010
110011
01101011100000
0
001010010011
10111101001101000100101001110000
01010011101010100110000000000
0010001001000100100110010110
11011110000
011101001100111000110110100
11
000001101001100101
0101100000001110101010001
11110111111001111
011
11010001
0100011101101001
0100010101011110111111111100
10011110100111011111000100
100010000011000100001010
00010101111
010011010000000110
00
000
1000110001
0010110100100001
101
1101011011001101101
0110001000110011100001100
11100010000100011000
100101010000100111010011
1111010010101
101101101011000010111010
010001000110
000
111101100101110011000100
11111011
0101111100110001100011001101
10010
10001101100101100111000010001100
111101101101
0111000000
0000110010010010010010000000111
11110111110001
10010001110110111100110000100010
1010
0110101101011100
001101100110001100111011
0110101000011
10001111111001010000110
1100011010111110010001
100001001011001111101111110101
1001111101100101
11000000100101100011110
0001000101
0
11110110001011010011001110
11111100110001
1010110110
00000101110011100011111100010000
00000110110000
11110110011101111000011000111
100111100110000111
11110
1110
01000000001011111011
011110010111101010001011
1000011100100010111000
0000001000111111111000011101
100011000011011110111001
000011001011010
10010010010110011101011
10111100
110
10111011101100
110011110011010111
10
1110000010
0010011011001010
1001010001110101010010110010
0000100101101010101110
0000010101000110
0001111011011111111101
100010110110110101
11010100000011000111101111011010
10010101010100010101
01100100110011
00001100001000010111
01001000001011001
00100001
011
01
100110000011010110101000110
01000110100111101001111010
10100100100000010000
0001011000010000
00
0111001111111001100
1110101100000100100011111111
1010101
01000100111100111010101001111111
0000000101011100111111
01000010010100100010110011101
100111110111100101
0100100001011101111000
1111011101001001000001000000
110000110011101101
100000011111010010000
11110100100110
01010111100111010100111011
1100
0011001110011001100101
11011
010101111100001100
10001
1111110101000
0011111010100100111000
011111000111110010111011
0011110111001010
11111001011
10001101111101
01110111010111000011100111110
0011101001001100011001
110
110010100100
10010001011101100100100000011011
001111101101111010000010
010101001000111100110
00011011101011110010
000100101110000101101110001011
1000100001000010111001010001
0010
0000000001
1100000011110010111110011001
11011100100
110000111011101011110111000010
000000100110110111
10111101101101000001
010000100010011111001111001111
001110110011011000011011
000000111110101000110111101
11110110
001010110101
11011011100101010
011010110001110100101000111
001101010110011
11011011101010100000011101011100
11
00010101101110111111011011101010
110101110111001001
1000001010110011010001110100
1101100000
100111010111000110000
0101100100
1110000100001111000011
01110001110000010111000
100100
111110
1110000110101000
11101110011010100101
100010100110011001100110
1001010000
11101011010011001010
00110000000100011011
00011111111110111010101
1011010010100000
0
11
01001101101100111101001100
000001100011000
0100010010
0
00010011
0101101101000010100000110001010
0110001101101101100011
11101010100010101110110111
1101100
0001
0011100110001100
110101110011
100101001
11001000
1000010001111001011000100
001000011100000011000100111
10100001111010
01110101001100011100110101000
10111
1110101100110000101
010001
101001101100
00011101
01010011110000
10100
0111111011001101001011110000
1110001100001
1101010111010111111010
110100000111000001000101001
100100100110110001
1000001011110111101011010110
00001100101100100
010000000000001001100001
1001100101111
0111001010110110101010111011
010001000111000101
001100110100110000101011000011
110010111
001001100001001010111000100
00101010
010111000110011000100010110110
1001000100
110010
0011110010100000
10111110111110
00010111011111010001000011001111
01111100010100100
0111111001
000001100011
1001000110001100011
011111101011100110100101
000
00010010000101001111101001010001
0101000000101010000011001000000
1010
1100
101010010001
01100000000010100
111011110001
010101111100010111100110
110101110
1010100101001110011110
011100110110010
111111101101001011000000
01111110
10110100010101111101110111000000
0100
11101111000001110010
100000011001100100111010
00000100
111100010111010000
010001
1111010011010011
110001110101100000110100010
11011001100
11100110111110011110
00100100001011111
10100100111
101
00110111010000100101010
1010110
0010
0010001110110
001101100101
11001111
01010000110
1110100011111010011010
011100011000
10000110101111100011011111
00001011110010001000110010
10100011111110111010010111
010110
1100110111011011000101110101111
01011110100111100110
0110010001111111000000
111111
011100100001101100000
010100011011000101100010101
11111100000
1100000101100110101110111
11110011001001110010101101
110001100111011010100000110000
011111100
00000010001001010110010010
0101
1111011001010101110100001
100101
01100110100101
0000111011010
101
000000011010100110100011
1010
001001010011010011101000010001
0010
1000
0111001011001010
000000010001000
11101000011
01101001
00101110111000101111000001010
010010100111
0
0010010001110101001110001111
1010101001
0001
00101000000101100111000101110100
01
001100111111
011010111
000111001100101010
01
000010
0
01010110000100110110
01110000011000
111000101111011101011000101001
1000000101010011001011001001
0001001100110001010110
00101100010010100
11
101011010101110110111010000000
00001100000
1010000
11010100110100011000100100101100
0111011000
0110000101
110001110101010110010000101111
1110010101000001111010
11010011011010011
011110010011100011011
100111101011011100011101
0101011111100001000111010011
001101000100001100011011101001
110001011100100110011010010100
10111100000110000101
11000100110010011110010011100001
11111011
01000000
110111011001
100011010011110110001100101
100010
11011111000011110111111100110
100000000011111111101100101001
10110010010111010011
011111101000110011100
00101010100
110000010111011
1011101011010101011
0100011001001100
011101110011
01110011001001100010011010
1111010111000011110010000010
01110001111010001101010001010
10000010110110100010000001100
1001111101110110010
01011011001101000
100111000111001001001101011
1110000100001110001
0011010111111110
00
00010000001001001011111010
001100011111010001100100
010100101100001
01001001001111
1001101000001110101010
0110
0010010011010100010101111001
11010110101010
11101011110001
11011001010010101101001
101000
01111000011
01011100011
0101100110011010100101100
000111010010
011
110
11010000011000010010
11010000000011
0100110111000010110000011110001
11000101000
010011000001111101
1011100111100011000001
10100
0
1001010101001101000100111
11110000111000100111000001
01000101101101001
01010000101000011011011000001111
100111101111111101100011010
00101101010100000
0000010010011011111010000
0000101
00110110111001
1010010111100000101101111011
011001100011
01111001100100111010
00100010
0100001011101110011001001101011
11010010100000010000011000001011
00010000000001001000110011111011
011111111010001010101011010110
101110010010001110
000101000101000010100110110
1111011000100110101010
101110111000101010010110
0001111000001001000
00011010100
0011
001001011010001
10000001100000000100
00101101111100000
00111101
010010100100010110100
110111011000001011000110000111
110
0001011010100001010001101
110
0000010010111001111101
11101001
0101101010000111111010000
00110010011000
0101110001010
0000110101110
0010101000010101110110101
0110111100
00110001
1101000111011110110010001011
000111000010101
10001001101011011111
0100110000111
00111100111000011100
110110010100
11000010100
010111110
111010000100110000100100111
0
100100110000
0010000010011100101111011100100
1101110111011000001000
10000110
00101101111111010100000100101011
010100001111101010
1100001110
00011001010100101101101110001
1110000011110110110010110001
001001011010
1000111010110000110100000
0111000001011
000101011100110110001001
00001110
01110110110011001110001010
011100110101110000
0100100000010000100
0100111011000
00010011100101100101010
0
001000100
0111000010000001
1111001110011010
111110
111011010010
01
101010110010010101001000
101
00000101011001100111111001
10
11101000
0101
01000001011110101001011111110
0001101000
00110100101000110000101000
01010
0
1100011101101100001
01111110010001101000001100
01101000001110000101010110111110
11110011010010000101101
011111100010
1101111010
0001110101101011010101
111010001100111001
1010111010110110101100100010
000
111010
110
11000101110010101110
001011100
1010
0
111111000100
0111101101010
1110010110001100101
0000110110100011111
11000001
0011111101001
0111010
010101011000010111110010011
000100100110
000101010111000100010010
11101
0011
1001110
001010111101110000010100010
0100110110111111
10101010100100000010001
10001000
0101011100000000
10010000100011010
011101011
1011101111101
10100111
000010001000
100111101010
011000110010000100001101111
000010101110000100110010011000
1110000101100011001000
110
000010
0011010010
1110100
110101000011110
1000001101110001111111100
1111001110101100110100100001
1000101001000111
010110001001
01010000
00001111000000001010010110
101100101000
0001000011
01101111101
00010111110110101
00011111010001101110100001
0101101
011
00011
1000010000101000111111101010
1101000001110000
01101011001100101101111000101
00011010111010011101
0000010011111000101011001101
11010110100
00110111010011000100000010111101
00101010101111001111111001111110
111101010010001101
1100
0001110100011011101101
110010110000111101000100001
11100011110110001111001110011100
00110111100111
1011000001101
010000111
00111101010010110110000111
000001010011010011001100000111
11001000011010101110
00111011111110011111100010
001000001
011100101011011011011011
0011011011011011
10111110000000111101110110100100
101111101110
100010011
10001101100000111000010111011001
1110001000110100001
00101011100100100000100
101100111111111101010001110011
010011000111
000001
00
111001
0
10110001101111101000110100001111
110100000000001011001001
010000110001110000000
101001111110111101110010010001
01111110001100000000011001
11011011001111101000101010111100
101111010
01001011100110000110001101
111010110101110001001
00001111011010111001000000001011
00110110110110111001100101
111110
1011111001111111110111010100
11011100111
1011
10010111100
001011111111100
01111111110101111010010011
1001
10111101110100010110101000
010101001010000010101100001
1010011001
1100001010000001101100
010111000
01111
0
0101001101001000111010
11010000001011110
1010001001
0
1111100101
0000111010110
10
11000011011001000001110100101101
11110000001101001110
1100
01110111010011101110100
0010110000100100001
010100001000
011111100101001000
011010101000101110101110
10111101111101001001111011011011
1100011100000001011
1010111110001
100001
111001100000
000111000100111110011111000
0001111
01110101100101101
111011111011111110
0010010110010000000011000100
0010001110110011110111
00110010110011100
11101100101110010100
1011110101001010010000110000011
0001101000001101101001
0110001101
11001111000110011001001110011
0000111001000
000
101010101011
01010110001001
011110010110101001101000110111
01100011111111110001
0
11010001001111110111000111
01101001110010101010100011101001
1101010101001011110011111101
01010001111111100100011001011011
1101111110110001011110011110
1110111
110000000000000100111111
11000000101000111011001010
11011100010010100100001110110
101011011100101000111001
00100110100110
1110111100100101101111
110000000100001101000110011011
1101000000011100110101101000000
11000010100
001000100
1000
100011001
01110010011111100111101110
11011100111011111010000111001
0
1111011101
101
10110000010110110111011011101010
10001110001110011111
111010100011100000100001
11111111100000100
001101101110
011010010111001010
0001110111111000001001110101010
100001000100100000000
1010000101011111
100000100010000011111001011010
001111100010010010
111011001101
0001
0000011111
011111100100001100010
00011
0101010100101010100110111010
10010011010101000010
1000111011000011
0000010001010110
10110110010100
0000110011101101010010110110
00011
0000110000001100
0
000110000010100001100100010101
0110101001
00011110011000010101101101010101
0
100001100010001001110
0011100101110011100010101100
0011011110101101
1011111100100
000011111111110010111001
1111
11
011101101
01100111100010100
01001000101
1110110110001101111000011010
11110111
0010010101
101111111011001001101
0001101010100011010000
10110110111010011101000100000110
1011110101110001011100
101101101001111111001111
110100111110001001
0100110000110100
0010010
11
11000110101011000011110001
011100001011
110110000111000010
110
11011101100111011010001001
00
0111000100011101110001111
10000000001
10
1011010101111011111011101101
001001001011111101011
1000000101000100011110
1011010001
01111001110001100101110110
101000
0001010010
11100011011011001001
0100110111100110010000
1001010110000010110011100001
110110000
00100001101110110010101100001110
00110010000010110100011000
11
1100110101001000
10111000101
1010011000011111110010
01111111000110100
110100011100010011100
0010100001011100
1010011110100000001
010100
00011100101001110110110111101001
10010100111111
0011111101
11111111101101010000
1110
0110101101110001010100
0001110100111110110010
11010000111010
110001111100100001
00011101111001110111
11011101111011100
01
1011001111110000011110111
1101100110101100010001
1101000010101
10000011110101110000000110110010
01001001001101110010011011000001
10101010101100
10010100000100000011011000000
0100011001
000111010001010
100101000000010
000101001001001111010001
11001011101110010
10111100010101000000000011
11110
111101010110100010011100
0100011111000011011111110110100
0
110100010000000001010
0100110000110101000101010
111111
0001001111010111010011011
00110001111100001010111001
110001000010001100
110000000
10111
0
100001010010110100110001100111
011001
00000110100101
01000010101110
1010111010011010101110001
10011110111001100
1011101101010111010
0001100101111011000001011
1111101000010001
10100000011101011000101
010101100100
0
011
0110101010001001001001111111001
00110001010010100
1000101010000110000
000001011101000110010010100
11
111000110000000011110010010000
1011001011011100
10101001000111010110
010110100000110001001
11101010100010001000
10
000
0
011110001001101101001101110010
000011100010010000000100011
0000000101101111111
0000010100111001011110101101
110111100001110011110001
01100000101110111001110000101110
00000000011000001101
1110111101011001110000100
11100011111100100
10001111100111001000101011
10000000010011011
001101111001
101111000011100001
11000000100000001010100101101100
10111000111101
000010
01011111100101
1001011000
110011110001
1100101110
00001100111111000
01101010100000101011
1101010000001000
01011001111000000001000101
00110000110110111000001101110111
1010
111011001110011011101111
110000000
000
1001110000001100010100
00
111111001001000111000111011110
01000011
10100011011110001001101010
10011001100100000
01011001010101
1010
00011000001000111110111111111111
110111
1100111001110010000000111101
11110010
10011000110111010100000000000010
111010100010111001
00000101001110000011001
00
0000011011
01110101100000110110001100
001110010011100101010001
1100001101
010011010100101001011010111110
001101
10001000011111001011111110111
000100001010111000010100101
10000110011001000010000011
001111111011111011100111000
1100000010010110
1100110100
0101001100100001
1101
000101101100110111110
10010010100100010
11110110111000
10
110010001110
0101100011001111011011
101100001001100000011
000111100010110111001010
1101010111110010101100110001
0101
111100010001100000
10110110
1010011110111000010011
001101100
00100101
10001
11110000010010
0
0101110011011001000001000
010101110000
01101011100010011000010101100010
011110000
11001110000010111100
110110101111010010
101111111101010001
110001100001110011000100
00010001100111101010
010001000011011
00010010
11111011100100010
11001001101111101000111110001000
010001110001100110110010010010
01110000100
1001001011110010
0100011100
11100001000100111011011
100100010010011011110
0111000001111101101111110
11011
1100010010110010
0001010
000000111010101000110
111010101
0100100100
011001001
01
01101010111010100010110110100001
101000111100000010
01001010110101101010101110
01
011000011100011001101110011111
10111010
000000011100011000100
01000000000001110101010101010001
11101
0100
10111000010010111100111011010101
00
11100100111100100001011
01001
1111111011011110111
11101001
01
000011
110000
10110101111011001000101010101
1100010110001100010
1000010110
0001000100001110110001
010100011110
10001101101111111101111100000010
101111
10100101100110100110000010011000
1110001111100001110111011
0110101000110111001011
0100110001001101111111111
00100000010111100001010111111
001101
10100000111010
01000010111010110000101
10100101010001
1001011011100101
111110000001000111011011010000
11100010010111011
10010111001
10110100011
001001000
00
0010001101001001
0001010100010
01100100111110001110011111110
01011110010000110
00001011011011
011001100001100000101101000100
11001001000010010110101
0000100101010
111101011000111010101010011
110000010110011001011001001010
1110110010000010011000111010
001011011110
01
0
011100100101111010101000110101
100110111000110000100101
10001
11011001111
0100001101010110111110100101
11011010100
000001000110100
0110001011010111
0011111001
11001000100
0110011000010001000000
00011
00111101000100000
01101000001111111100101011100
0001001111110101101011000000111
0100100110011011110100000010
01111110010000000001010110
001001111110110111011001100010
11011000001100001010000111
0011
10000100011011101000111001
110000
11110011111111011111001
10011011
110000
110101100101
1000
100010
0001101110101011
111010011001110101100110111001
01001
0110010011110000110101110010
00
1111101100110100
10101010001010100110101111100000
11001100000011
010101001
01110100
11000110000011101010100100101111
10010111100
0000111111110001101011011010000
111101111110011100111111101110
11010101111001110010000111010011
10011111110100010
0100100000110111000000101101
010000011111
111001110110110
0000010111010001101100
1100000
000001000111110110011
1010110111101110010111
1000111100010
0
1011001
001000111100001110011
0011111100
1011100001
1001010010010001000111000111
010110100010101000010
00
1001110111101001000001
01001011001001100111111011011000
010000111001010111011000
00001010010010100011001000110101
01111111100001000101111
00100100001110110100001001001110
1110100001
111110100010111000
01001
00110011000010010111100010100101
001110001101111000100
0101101110011011
1011001010110011100000
10001011110
1110
1100001001011110010110
101
0001000000011111101110010111101
10000001010001100001011011101
1110
100111110000110
010011100
01100000001011000110
101000110110111001
100110100
1101
01100110110101010010101
11011100010001011100110
1010111001000100001110
110110000000010111101011111010
100010111100110111010
10110001001111
100111010100100010100000111110
1100
01000011101111
0000011100100
1101
0
000110000011100001000
100111110111
100010100000000100001011
110111010000111111011
1100110
010000
10101101001101
01001001011011101111101010010010
101100111000000011011011
0000110010010
001010100001000
00111110010001
1100
01001111010010101111
11010100
11
1000
10011111000011111110100
011
011010101100101
1001110100100011101001
001101100000001111110000
00101111101010
0000101
1100100011000000
0111100111001
0111
11001001101
1001101011011
1110100
0101101111
101000111011101011110010010101
1101
100011000101
00111111101
101011110
1111101000111101
11010100011101100111101
0110011110011
0100010111100
1010100001
011010001110101
011011001000101101001
0100110011100100101000
111110110101101000111
101111
01011000111101100101111101110
1011001110000001000110010000110
10000010111010001011110110
11110110011110
1111011110010100
011000000
1111
110000010011
10100100010111000110001100
11000110001100
1010101
0001101101101001000000
100011011010101010100101101001
000001111000101101
1011001110000111
110000001000011000110111
10010101101001001
11010100010110101100010011011101
011011100110
011000101011010001101000
10000001000001010100010
0
110110111001101
0101101110001101111111100111111
11010011001101
001110010010001001
1010
11101010110100101101101010001
0111
001011000001
00111110011000110100100111101101
1110101111
1111110110
10001110000011011010010
0
10100110111010101101011000101001
010110010110110110111000
0011000111111010111010111100
1100110000100011
01011010001001001101
10110011010100
11110100000110001111000001
11101000101111010101000110100011
101001101110001001100101011
001101011100100001110110000
1001001010
10110011111110100010101110001000
11101010011100011100001110010010
01100101010000100100
00010110100000001100010001000
1001110100111110111000010110110
00011000100101110011001101
110011101
0
11110010001101000000010111001000
011100000100100101001
00110
01100101001010011000
11100010010011000111000011000100
00101110100001101010
01001110110
00001111
110000111000001000110010
00110011110000111111
000010001010
01111101011111001
10011011001011
0111111101
01001011
0111001010000101011110
001010110100100010010111
01011111010011100010000011000110
1110001001
10
00011000110000010111
00110000011000111100
11010011011010010011
001011001110011111111001001101
1000
11011100110001101100101010111001
001111101010011100101011101000
01101111110100001111101011111
101000011110110001100
1101101101111111000101111
011011001111000
10100
00001100111011
111000000000011000000100101
001110100101110111010000000010
11001010001110110000010
1110001011100100101000
1001100101011110
000110100001010011100101
00001000101001000111011010
0
01011000010000010010000010100001
101110001100001110010100000111
1010
01100101000
000001011001011100
1011111100111101111111110011
0011111100111110010100110101
1100001011
0000011101010100010110
0111000111
0000101001001101
0111010000100110101100
01010101
1010
111000110111
01110110110000000100110010111
110110010111111101100101
0
00000000010001
0011111001110011011011100111110
1111011001111001001
00010101100
10110000000111101101010010
10011001110101001101100111011000
110011011
00
0000101100011001
10
11010111011001100011
001001000010
110011100111
101111001001110110000001011
1011011111010000100
10111100100001111011111001
00110000100111
1110001101101010
101100011000111010100110
0
011110100000011111110001
11101001010000011010011101010
100110010011
01101100000110111001101
11
1000111110110000011001010
00001110110101
011100001
01010111100001100111
01100001101000000100
101000001111110010111011100010
11010100011
111010000100001
0011111010111101010111101101
101100111010100011
10001110011010001
000111011101010
00000001000111000
010110100001000000110010001011
0
1001111101110100000
0001110101
111001011
010011
11100010001011110110100
00
011101010010001001011010000101
1011100000111111100100
01100110101
000
01001101110100101010
011011000100111000010011001
10010111111010111100110000
1110110110010110100001
1111011100011011
100100001000
0001110001011
1111110000101011000011001001
1111111110110001
0
011000101101011110
10011111
11011110000000101
11
11011101101110011111010
010100
001010011100100
11010100
11010010
01000011111111
01110000
11111000010010
10001011101101
001010010110
011101110111
01
010000
0001010110111101001110101
00011110000
10111000011
1100100010101101
0010000000100010010110111100011
1101011011
00111001011101000011101010111
10
0
110101001000111001111000011
11101010
10010101100100110110100000100
111100100001
0001111000010110000110011101
101001100001011111
0011101100
10111011001000110110001101011
01111111110101011111
0110110010011101
0111100111110010000001
0110
0011011001110111100001
11111111100101011010000
0110111111000010111000
0
000010111
11100110
00100110111000111110010100
0
0
1011101010101100011011111
01001001011010110
101010011011111110
000000110
10010011001101010011
00011000110100000001100000
010001010100100001010100001001
0010010110011110001000010
1010110110
110
111100000011011110111111
0000010000011010101000
00
110110001011101010010000001010
00001101110011101000100001111010
110
000100001010111100010
0111010111001110111100110
00
001000101110010100
1001101010011010100110000100
110110
110010111010001101
0110111111
0100010001100
110011
10111000110111000011101000
0010100
1001
11000101
110111000111101100000011111010
1000101110110000111111110110
00111100101000011001010010010011
0010100010001011
1001010110110100111111
1101000010111001100101101100000
11
000111001011001010100001110
000010101111101001
0010110111000011111111001111101
0100111111100
110001111110110110
0011010110000001101
11010101
00100110001101
0010111010
1010101100111010010
1110010011
0111100011011001101101011001000
11010001101111011001010110001
0111100000111101
00111101
01110011010011110
100101100000110011101100
111001
1001
110000001001101101101110
1100010111
0011111000
010110100
1001101011100101000000011111
000010000001
00111101011000101000101010000
1001010110111110001101111
110
0110110000110100000111100100110
01111000011011101
0110011000011011101001110100
110011000000
1001010110111011101101000101110
1100101110
1000011110100101
111001010011010101110011
00011010000010101
00011
01101100111111101001000010
11000111000010010110011011
1101011001110
00000101110001
1001101111010110100110001
1011
0100
0010010101
001100
0100011111
101111100000101100011011111110
0011010100011110000100101011001
1111001010111101
00
100010000111001111
100101100101111111001001101
11111101011111011
111010000100101110000101110000
010101001101110001001100
110110101011011111
0111
001110111101001100000001
00111000110111
0000001110101111
01001101010101001
1010
0001101110110000100000101
11001111000010000001001000100110
101111101010110
0001101010000
00111001010011100010
0010100101111000111010010
0101
111011010011101110011111010
1100000
1001010000001111101111
11011111101010010101110000100
011110010000100101111011100
1101100000101101001101001
101101110
10101111010010000
10
110
101110100111000011000110101000
00100100000101000101000101110
000110101110011
100010111010110001110111011
1000101100
10110111000101001010101101110100
010001111101100101000011110
011000000000111010011000
0001110000
0000111101100
0100001001000111110
100010111010101001001011110111
110001
11110001100100011011101001
10111100
0111011011010101011
00
110010001010100
11110101110001001111
1110111110
000001011000
0101001110001
011011111011111011100011
01100001100110100011110001
1100100011000001111000010100
00011101011110001100
11100010100001011110110010011101
00001010100000110010110101101
1000101101000101000010101
11111110101100110100011010001011
0
1000011101
0111010110001101011110
000001101010110011010111
101101
10101000011001000
11
1000001110110010111101
11011111001110111011000000000111
001110001101
01100111001101011000110000
1011101111101111
01101101101010110110000010110100
11001010010001
11000010
1000110111
111001101010000001
011100111111
000001011000010010000101011000
1111010011
0000101110110011110
1100101000110110101
00111111110110100110111000010010
100101
0110000101000
1001110111101101
1111111110101011000111
01100010101100001001101110
10001110010110101010011000011
1010000100
111010001111110011000000010011
0010001010111111000011
101100100000000100111000
01111
0001111110011011110000110
01011100000001011010
100000000111101111011010
10001001100111110101011101000101
1100101000000110001110110111110
10111001100111000011
10000101
01111110
1100
110100111001000101010110
0001
1100100110010010110011001000
0100001
11011000010110
001101
001101110110001101100101
110000
01000110001111001010100011110
110001010101110111111
101011100101110011
110110001101
10
0000101
11011
00000011011010100000011110111011
10001
010010101
0010101011000101000110
011000011101000010101000111110
1010111010001010110111000011
1110011101000100000011
010101011010101000101111010000
100011100000
00101000010111111011111
1101011010000110011
00
0101101001110001101100101111011
10011000000101001
0110100110001010010010010111
01100111000011001110000000
00011000111110001111111100111101
110
111001110011011111011100101101
00101111
010001100010011
001110100111101101011000111100
1111
01010101110001000101010
0111000100011111100
00110011
00011101111101000101010100
111011
000100
0000100011001011001101001
111010000101
1100110101
11000101110011000100001
001010000100111101111001
0001000001011011010001
00000101
0100
00111011010001
01000110101101000101010101
100000110001011101
011100111011
01010
101110
00010111010000110000011111100010
1010
001100100111011
100011100001000111
1011000010
0010001011
1111111001
01100110000110100010110010
0
11111010
110000
100100010011111
000110110
000000001010000101001100110001
1110010111011111100100101011
11
1001001010101
00011011100001
000000011000001101110100
01010
0101
11011000100100000
1100011000100001101010001011
1011
01100001101101
01001111011100101100100
0111011100000000101000111001
000101111110
11111100011100100101001010000001
00000001001110
110000100001
101000100110
0100011111000010110101
0
0011111101011011110101000011010
1111001001
1111110
100111110000000110010101001110
01101101111111110100010011
10100
10110101
1100100111100111000001010101110
10000110011001101
010111001101
011111110100110010010
100100
1111011
1010101
1100
00010010
100010111110010101000011100001
11110100000100101001001101
0110010101000001011
00111001
11011
101001111011100011001101011101
11111110010000
0100000100000111
11101011100100011000
00011111111111111
0
101010001011111001111110111
11111011110011001001001
111011010111
10000101101001011110001011010
111001110101
101010010001000101100011
010001111001101110100111
00111100101
01100100011001001001110010001
111000001100001
11011111111
0011100100
101
001101001
0001
011111111011
1101011000010
0010
00111110010010100110001000111101
10111100000001000011
0101101010111000110
10011010100011001
00000011011111111010
010110000100110110101
10100110101
000
010110011111000111
10001010
1001
10111
11001100011010
001010101111011000
000000001111111110011010110
1100100111011000
001011011000100111
0
000000011100110000110111000
11100000
101010
010001000000
11001101101011100011110001001000
0111000010010011011001000000
0110010000010010001001010111001
10111
01011110
010000
1110000001101101010111
1100111000
001111011111011010001101111
01111
001000010111001100101110
10001001010111101000
0011101010111101100011101001110
11010010000
001111111010010001111101
110110101110100101
0011
0110100111110000010110001
000101011010
1001011101001101
11000001111011111000
010001
000101111110
1111011000110101
011010110110001
11010101100111101000100000
11101000110010100110110
001111111011100110101000
0011100100
0111110001
10100001110000000010000
01010011011
010000001110110
10001011110100000011100000110
100000101111
11010110111100000100
1100
0110100000100100011101100
0001000010000
1011001001111011010111
10001110010000110011100011
01100010111111
1111111110111
1000000110111000110
010101011100101
1111110110010001111010001010
01010001011110110111001000101110
1101
00011100111100
101010100110011000110011101011
001000
0
101
0100101101000000010000
01011001000100001000110010101010
010001010001
10101101111010100111010110
011011111000001010
0001
10011111
1101000011100101101111010
10001110101110001011110010011
110001110011010101101
1001001100101
11001010101
011001001110000100010010100011
11100001110110100001010011
0010100111100001001001010
000010110010101011000001
110111
0101111101
1100111110001110000011
01100101101010010110
11010010
001001100111
10111001
0
00111011010
1101000011111010111101
001101011111100110001100
0100011010011000100000111101
0000101100001
101
10000010
1100101110111010001000111
00
1100100111110000000000001101
00001111001101
110100111001001011101111001001
010000
010010001111001110101011101101
1101
100111111010110001
10000111111110000110001
1111101101111011011101001100
1010
100111000
1111010000001
01001000110100111101
1110111010100
00110010001001000010001111
00111010000101011111110100
01
00110
011011000010001111110111110
111000
01001000
0
11001100011010111010111000111100
0
100110
0001110001
01101011100101
000110111101001111001011111111
011
11000100
0
110100100
0100110100010001010111
01111011100100111000110010101010
111000101010010100000000100100
10110100
110001110011000011010001
1110111
1101
00111101011011111101100010010001
110001010000011001111
0100110111001010
100000101001111101
00010011100010011001100001
000110101011011011011
1100001100111000100010001011
11011000001001
00001001110010010101101111010101
0010111001001010
01011111001111001100011001
000110101100110001011
010101110110011100011011110100
001110101011
00
10011010
11010001011111000111110000
1101100101001000110110
000100
010101010010010101111010
1100010010000000100100000001111
111010110000
10000010111111100010
111010011
111011110100
0101011011101000
11011101
1111011100000010
0000111010000
10
011
010001010010001010
01010001111111000101
11100111
00010100110001110010010010111110
1111001000111001011100101
11111100111111101110100101
1100001000000111010001
100001
01111100011110100101100001111010
0001101110
0100101101011010011
1000110110000111111111
00010011110011111001001
0011111000111111011001001011010
00111111111011101111011
01110011010000100000100001001
11010000011001100001100101
110011111110110100101010111110
001101110010000100011110
01111100000111
01
1001101011111110
00110000101011010111
1001110000101011001000010111
110111
0101101100
100110101000
10000011010000001000000001000
1001111101001001111001111110
1100111110100100101000101110
1110011000110001010100001110001
111101101010011100100
101
1100
0010110000110101
0111
1110010000
11101001
111100010010
10111010
1001
1101100000110
01100001011101
00001101110010110
111110100100100010
001100001011
101111100010111111101001
11001100000100010000
0000111011110101110010100010110
0000010101001001100101001001011
100110100101101011110010
100111110000
01111110
011111001
1100111000101101100100010110011
0001010000001000110010
001010011010000101010
10110110011010111111111001111111
10
00111010010110001110
00011001100
111001100000110111010000111
101010010
11110011011100000100110
10110111001001110101011101
10110111100111011101
10
1100111011010001111111
011000100010111111000110000111
10
101000
1011001110110000
0101100000111111100011101011
0000101000100100101101001111
0110010011110011111
01111
0101011101000100001110111101
1010010111101101101
00111000101001101011001111110000
011000
101101010001001000011111111000
1111001100010100000110
111100100111110
10
0
0100011011011000011101111
0
11000
1110010000000
01010101110110110101
1100110010100110110011101011
11101100111001100001101111001100
1000111010110111
0101111100110000001100101
1001110
0101101001
011100101000011100100101101011
0111111101110000
011011001010011000011010
001010110011100110011100100011
00001101111100001
10
0100010110110000
100000110100001111101101
111111000000001110111001010110
0110110101110100100010111010010
101111111010
01011101110100
0
010000
11101111000001001000
111000110101111010100110
0001010001110000101100000100
101100100111010111
1111001000011101000101100
1001011100
100000110111101110110100
10111100001000000010111000
000010011011000111
10101011100100110010
1100101101110
1000100110
0011001110001101101101
011111001111100110000100100101
00110010
001110001101010001111001001001
111111101001111101101011101100
011
1010111101
110111101110001
10001110111101101011111
1110011001101111000110
001000111011010011011000111011
001110111001101111011011000
110110011000
111000000101101101110111011101
100101000100110010001011
111001011011000010
011100110111100111101011
01001101100011101100
1010
1010001110101111
111010
111100111001110
101101010111101
000110110
100111
01110000000101000011
1111101011100000010111000111011
01
0110011
00000110000001
1001
1000011010101011010100011
0111001011000101111100110011000
01110110111001111011110101011
11000010
010110110111001001
10011010010101110001000011110001
01000110
101100111101111100
101010
111111011110011100
1100011011110
10010111011000
1110001000101111000100
0110101000011001010010
110000010100110000
101000011001111100011111
10010
10101100001111101001
00010001000101011
00001000010011001000101011
01111011011101101110101
1000010
0000100001110010011010101101
00101011111111011011
001100
1001100111000100110111000101
0001111010011101
01111
011011110011000
10001
11
00000001110001110000001000111001
001001
1001100110001
10111000100000110001110110111001
001000100010111110110
0111
01100111100100
001000
0
111001011101
10
100010011010
0
101010010100100011110010100
0
000
0
0110111001010000100
0100011101
01001010101000101100100111
100100011011110101100100
011011
10111100100111010101
10101111
111001
0001000111010101110111
1100
100001110000000100110101
011101000001000101
111101101111101101111100111000
110100010110000011110011011
111010110
00101001010111110001
10010
0
01000011
101111111
11011
01101100101000000
101010111
00100010000001011111
1101111101001111
01100101111000
1010
100110100110
00
001010
11110001111111
0100100
10000101010100000011101010010001
001001110
11100010011
11100111011111
1110001010
1001110010
0101111010010100011100001011
1000010
01000011010000
0
1011110010110111110110110000
11
00111000100000110
111100111010010011011100
000110110001
001110100011000010110000
011101000001001
00110110110010000001000101111011
1010000111010111001101
1000
010100011100
1001000100111111
111100
1011110000
001011
01011001010101110010000011110
0110
111011011010100110111
10001101101101101111
11
000001011110011110101110010
1001100010010110
1000101011001010010011101011
1010110100110000001001010001001
10101011
1000100
000100000000010100
0100010010111010101111
10101000001010101010000011
000101100110
001000010110100111011
01010010111111001011101
000110101100001
1000101001
1010001101
10
01110110111101
01100101100010
10101101
110101111100011100
110101000100110000101110
10000000111101011111010101
01000100110010
100100010111001010100000100111
011010001110111010110100
110001
001001100101100
10000011111111000100
11001001000011101010001101100100
00000001000101111001
1111011100011100011111001
1100011
011111100100000110101111000101
00110101
1010000
1111110001011110100011000110000
010010011
00001100011011
00101011100100000
1011011111000010110000111011
101100101010111001101101101
0101010110100001
1010100100100100011100
010101101100100111001111101
1001
111101100010110000111010001001
100100010100110101000100111
11001111011000001000001
00101100111011
0100000011100
000010111001101001100001
01110110
101101
110000000101100111011100
0110101111110101110101
011000
0111010110011101010111
0101011100
11111100010110
110100100
10011100001100001000011001000
000
100000101010010110011100
10010100110010110001001111000100
110011011
100001011010000110110001
101111011101
1111111100100011
10010110000100101110010
11000100010010100100001000000100
01011001011011111011
100010011011
1110
000
0111011001101010101110001
011100001110000011110011011110
100001010010
0110011111110101100000001000001
000101111001000101001011101010
10111010110101110011
1011
001100101010110001101111001
001101100010101110000110010101
0001001001111110100111100001011
11101110100101000001110
00100001101100011110010000000000
0010111
10
10
1001
0
100101111011101011110001001011
0000
110001011101011000010000011101
011010111111011111101110
101010111111010
10010001011100111010000100001011
011111010
00001110011101000011
00101
11010000001010011000
11110110101010100
000111111
01000111011111100101010000
100000011000110011010100010
01101110010100
1110010001011000011101111011
10111110
10110111111010011
00000011110001
100110011001000
01100101001111010110101001000101
01111
1011
1101001101111000
1011100110010001
00
11111110101100110100100100010
10101100110100100101
001101010111111111100111
110000110010100
010000100010100010111
010101100011100111000101
01000011000111010100000
011101
010010001010010111
0001111
01011001100110101010110
111011000011111
11111000
000110101001010011
100100011
000110011000000111100
0101010011101000
0011110100100101010110100111
11110111001010
000101110101101001
11101000110
10110101111100010011111111000111
010110001001010101110000
01010110101101110101111100
1001000001001000100101010001100
01100000
110000011110011000100111000011
10
11111101011100000001010
1010010000111110
1000111000011010000111001010
00011101111011110110000100011110
011111001011011
001010000001100111011111001011
011
01110111001101
1110011111011000
1010011001100101001000011101
000100
1101111111010001010000110
110111011101110001110101001110
11010111000001001101
0110011101111010110
000100100
00101101010010011
10101010100000011100
1101111110
1010000
0111101000101100010101110111
1000
01001111010111010010001010
0011110010100101001111110
101
01011101001001000111010111000
111110011110011011001101101101
1001101001111
0
010110111110101011111101010
001100111010110
1011101111110010101101
10010111111001000111
1100101110110001010000110
0111101011000110010100
111111
001100010111
000001100100010000010101
0000110
110
111100110000100100000011
11100011
0110000001001
0110000011110101
101000100011011101010111101101
110000110110100100001110000011
0001110010000
1010010011
00001001111001011110101
1011010100111000
101101011100100
0100101000010100
11100001001111
101100000110000100001010110010
11101100101101010101
00010001
1100011011100000100111111110
01000110101111101101101110011
00010111001000001
001010
0
0101101110000110000101101111
01100001100
0111001000101000100101
11011010011111011
1101001011110011000
0110000
1111100101001011111000
00010110111100
01100
1011001111011100001100011011
111111100010011001001000110
0011001011001010010110011
011001010010101111101
00111011100110110001110101001001
00101001110000
01111101110101000101000101
00111010000110011010
010100101001010
00
11110000111000111
0111111100011111101110000
10011100010101111101001100
0111001010001001100110000
1101111100011000001
1011111011001100000
0
11
11101100101000110111
001100001001010000001
0001010000101101
1000101101
10000011010110100001110100001101
11010011010
0001101100011010001000101
0100011110000011111100100000
0000
0001011011100
0
0111100010
1100100001011001
0110
110110
0001100011001110010
0101101010111001100001
1001110011100011100001110111
11111110111
110110011001100000
110111110000000100
000011011110101100000110
011100010010011101111111001
01110011000011011111011110111100
0111
100100
0
01
10101010
0111
0001001000101000000010101111
1111
1110010101001011101010010101
1110
011100
00001011001101
0110100110010
1111100101111101010010011
0000110010
11101010100
0000001101111100010
1110000100011011001101101110010
01110010101011011110
1001
0110001011010000110100100001
101011101
01111
1110001
0000110111001
00
01100111010011100101111001011100
0011
0101
000
011001010011111011111111100010
101110110110001111011001100011
11010011010000011101101010100110
110100100110110
11010110
010101011100001010101
101111110001000100101100
00000011111001111110
0011001010
00000111111110011010010110
00101
10010111
01010110111110101100
100011010100111111100
101110011010100110100110001
0101
10111010001110000
01010111011000101110110000111010
10111000110011110
01
11100110101001000100001
01001011110111001111010010110011
1110010101110101001111000010
000110000111001001001000011110
01111101011101
10101101
10010100000011101001000011110111
10110011011111
11010110111100001
101001001010100101
0100101010110
01
100100
0001110000000100000
11010000111010011110111
1000111000
1111110011001100111111011001010
1010000101
00
110
0100
0100010000101111111001101111
00011100010011110000100001000
1111101101011110
00000
10
1101111101101110010001
1000
10000101011101000011011000100
11111011001101
0101011111111110000011000010111
0100101010010010
011
11000110011011100101010101
01111011110110101010
0100110010100011110011001111111
00010000111000011
10011001
00100110001110011011001111
1000110101010010011101
00011101011100100110100001000
101011
010111
0110010110
100011110110000000111001001
110101
00001101011001000100010001100111
10101100000010000100
110010000001
01101101010000000000111100001110
101110110101000
0001001010
0001
001010011
0001
11110100001101110010001100100111
01101101010111001000110111011000
110
1000101100011001100011
1001001010010010110011110010111
011001001000000111000100110011
00110000111011
00000000101011011111100111111
00111111100000000011111110101
01011100000111110111100011110000
01110000110000001001
011
11110110111000010101
1111101010001000
010100
01010111011001111100
011010110101
1100100010010101000101
01111010101010001111
1010
011010111000110001111110111111
1110001000111100110
01111
01
11010001101000001101111
01100010100011100100
101
110101000
011001010010011001
10111000100111101000001000101100
11100101111
11101
010100000110101110
10010111001001110000001
11110101000111100111
0100101001
100100010011101011
101000101100010100111
100010110110101001
01101010111110
1010100111
00000111111101011
010000000100000
0011
111011101010101010001000
100110100011100011
110010100100000000
0001
1110011000011101111010110100
1100110001010
1110
011011001111
00000101111010
11100110000111110111000100001011
1001
1011
00111100
11100000001001
1001001001
0
11000001011010000010110001111010
110110101100011000011101
0110110
1001001011
1001110111010
001111110100
101000
01010011101110100010111101000000
0101000101101001110011010010
01
1110
0101110010011101100
10101111011000111110100111100
1011100111010001111101011010
0111110011
001100
00111100111101111010001101010111
00010101101110110000011101010
01
0111001100101111
0101101111
00110
10100111
110000111000100010000011
001100101011
011111101000
0
001110100
0100
1111111001011111111111101001101
100010001001
101000001111011101100111010000
11001100111000010000001000001111
00000011000101000011011000010110
10001100010010001101110110001101
1011
010100010101000011001100001
0011100100110100100100110110001
101110010000
10000110111110100010000
01000100000101111001000
110001100
011010100
00101111001110011011011110011
10100100100110101101101
111100110100000110100010
10
0110010101010
001101
101001100101111101
0101010100
110001101100011001
00110011100001000
010001111111110010110111
000000
11101001100010
1100101001101111101101111100
101111101111111000100
111011010
11001001011001011010010010010100
01111001111
1101010010011111001010111110100
0010110010101010101100001111
1001
011100001001100110111010011110
1010111011010
01011010
01001000001000111011101101
1011010101100001000
11111011111101
01101111010000110001110010
10010100000000
110100111
11000101101001011101101111110000
1100
1110001
11110101
001111101101000011101110101
111010000010111
0011000110100011
11111110110111110001010110
0100
010111111001100001100011110110
01100111101001011
0001010011011101011
01011111100000110000
1101101101
111101111100011000110010010011
101011010010011110110111010100
1100
111101000111111011
10000010101011011
111111
01111001
1101110110010000000010
0110111000000101
10100111101100111001100110010
0000
0
100111011
10111
001101100100
1100
0101001011011000
0111010010101101101100010110
1001
10000100001101111100001110
000010100110011100100
0100110101110011001100
0101001010010111111111010100110
00110000011110110010010111001
1000000000110100000110001101
0101010011100100
00110010110110111100111001010001
11011010010000
01110001100100100100110001
00001110110101011100
1101000101
0011111100101010111001
11101010010111
1010010011000010011
1101101010000000011
001011010110
0011101001100000110110000000
110010
100101110100000
011010001111111110000110011
00110101111000
00010011
011000
00111100110111011101100010
0100011001110110010011010010100
11101011110100001
011101000001111000000
1111110101100011011101000110
0100110000011100111010001010
00101011011110000
10000110010100101101010100011001
101100111001110001
000000101000
01101001010010110011101100010101
01100011011010
1010000001000011
11101000010011
0
10
0011
00111000010
000101101
10010
000
10101111
10
1110110011110000001010000100011
01000110010000011001100010
0110
00111101
000000101011011100111011110100
0001
10011101101000011100
001111100100000100
101010110100100100111111110
1110001010011000
1111
11110100001
010110011110111
011100111111111001
000000000010100
0
01011111001111000100
01001101100101111001101000
1100110111
011101001100111001000010
1101001101
11101101111011000101
0101110010000100
111110100000101011110111110011
111100100100
01011111001111111000110100
000000110100
0000100001011011
11101110
1010101
00000111110110000001111010101
0101001111
11111101001111010110100000001110
11011001001100011111011011000001
0010111
0101100000100
0110111101
0101100100100000011110110111
1011110110
000000111010
0111111001001100000010100001
01110101
1110
000100001000110101001111
01001101111100011000011110100001
1101
011001111110
000010011111101010010100000100
0100100110100100011100110101
1101010100
01011000011000110011100011001000
10
10100111111101100011000000
111010110010100
00
1001011010
000110000000
000010111000000001100
11111100111101
101
101100111101011110101001111
11
01000101100000000110111011
00111111110100110000010
001100001100110010010
1010
101000
11111001111100
0000
11000010111010111100000101010111
11000101010010000011100011111
1101011011001101011010000010101
111101010111101101010011110
110101010101000000111111100100
0001
10011100010101001101100011110011
11111110010110110010
101000001100110
1101110110111
1011001
1000
11111101000100000100110100101100
0000010110100011000010111
00000100010111001010000000100
00101001010010
1111111010011
00010111100100100000
1111001001110000000000
110101010000
111101010110011111100
111001
100110001111010000
101010110100100000111010
11111110110000111111011100
111101
100011001110100101110000
0111000010101
11
0110110000100001
10100100101100010000000001110000
000000011110
101000100101101000110100
00101011100010110000010100
110000110111100110000
11101000000101011100111
1101100111
011110001101000111001010101
0010010001101011001101100001011
110
10
100010110011
000001111011000011
0100100001100
10
000111
1000010000
001100111101000001111011111001
0001
1111010110110000000100101000011
11110001101000111001
10110110111000
101000000011100010
1111100011
01
010101100001001111010000101
11001010
1000101000010101111101
011100001010111011
11
011111
10001
0
111000011010011010000010011011
001110
00100000110001001010001000001100
00110001100111010100010
1101001
001100011011001110110010011
111101
01
110011100010111000101111101
11011011110110
0011101111101011011100000
101000001001000
11111000110111
111001110
001101110111001000001
011101110011011011101
100011100111010010101001
1011101001100100110110101000000
0011101001
0001110000111011110110110101
11110
11111011101100000101001001101
1100011
1001100010100000101101001
0111011011010101
11101110101011
111100010011011111110100
01101111011100
00111001101111000111
0001011011011010001011
10101001
110
1000110001100110111010111101000
10
101010111001000100000000
01
10011100110001
10
10100001000000001011000100
1100111111100010011011011
010010101110110101111010110111
0111110111000
1100101000111010110110000101000
00
01100010
1100100001
101001001100
1000111010010100001
10011011
101101
000111
11
001000100001100000011
0011101000000110111011010100100
011111000011
0000
1010001000010101000
01
1010010100110000000000100010
0001101110010110110000
1011001010000100
00110000100101010101101101
10111100111100010
11110010011010
111101010000111101010
11000001111
110001000011110011100001001
10010110010100010010011001
01001110011111
110010100100010001
1100111111
10010110000
1011111
011101100111000101101110111011
101100100
11001001111101011010011010100
001010111100000
01101101011001010000001011110010
01101110
011
10
011001
11101110101001100101110001
100111001010000000010010000111
00010100010101010110000101100001
1111100010000
00001011001110110000
1011010000011011000110001110001
1000001011
1111000000100101101010000011101
110101110001
1010110
100000
1001010101001000
10
01001
011111
00
111100010100110
0001010100110000010000001000001
01
00100100010101000100011000110010
00000100
111111101
1011010010
10011000001110111111100111
0110010101101000101111101010
10001010101000011010000110
000110010100100011001110110
1010
101001010100110110001
110011100010
0110
011001010000000100
0000
1101110101
000000011
1010001000101001
010101100000001101111100011000
1101011011000111011011
001110001100
100100010110101010011101
00110
010000011101001101101
01101011110101
110010001111100010
11001101
1101100100100
0010001001
00101100010000
111011111001110000
00111000000100011
1011110011011111101101011011
0
01001000111010001111001000
00101000110
01001000010101
1010100110000110101100011110110
01100010011111110
1110111111100100
001111000000001001011010100010
000101101000100100
010010010110010000101111
001010011101001111
110000011000
0101011011000
10001111101110010000010011101011
11
1110100010101110001011101101000
01100111101100100100
1010
101000111100010011000110
01011101010111011100110001010
101100110100
001100000010000111111001
00111000010010010
0010110001000
0001111100010
11010110111110
1111101010
00
01111010011100110010111
000
101001000111100000001000
0100011000011011001
0
110101111000
100011001010101011001001
000110110
0011110110111000
100010
11011100101111000001111101111001
010011000111111010011
11110110101000
1001000101
01011101011101010001111010100
10101101010100100000111011
00010010110111110000110011
110
10011000010101011000111000
11110011
01000100101111110111111010011
0000110000000000000011100110
111000000011011111001110
0010110111100000011101000001
1010111110
1110000110111101011100
0100110101100
11010010011011011
0100011000100010
011000011
001011101100100101
01010000
11000000
0110011111111001001011
000011001110001101011
0001100
1101001
0000010110100110110000111011
110101000101
110100100111011011110000010
0000110000
011111011111
1101
01001110001100101
00
10000100
00011011001100100110
1010101
0100100011110110111101111000
11110110101
101010011000
00100001101001000101111001101010
00100111111101
10
001000110100100011
001000101101001
01
10011110101100110000010110000000
1001100010110
11010000000011011100101110101101
00110100100100000110000111
111001010110101111110100
010000000011010011000
100101
001110001010111000110001101111
0000
11111010000010
11101111
10101000001
00001111
1100100001000
1011010001100111
0001001000
1111111101001
000001100110011101001111101
00
001011100110001110001011101
11100110
1010100100001010111101100
01111010100001001100
10111
0110110
01000110110000111000
001000101111011
0110100111001001101100101110111
0101001010
0111100111111010100111100
00000
1010
00011100010010001
1100011010110110100101110100
0
110110100010000110100100
11111011110100010110110001001101
11
001011100
00101010101001100101011110010000
10111110000101
100000100101010001
1101110001011011
101100001111
1110011111011001110010
000
110001111001001101110000
010111010000011011011000000111
00010111
110101011011011000011011
011011110
010110000001111000010100100
01
1001100011111011
11101010101010001011111000110101
000011100100011010011110001
11100000101111
11111010
100111
0110101010010000100110111
110010
1010111101000001001110000111
01110010000001
111110001110101
110100100010
01000110101101000011000011111
11011110
10110000100110000000100001
010001011011
0101101
01011010000100010000
01
1111110010101001
01100011
0
001001111001000011
10001100010
01000110
10011000101111011100
11111010111010000010100100010010
0010010010001111000001
00101011001101110010
0
011110000101101
1000011101000001
0100111000
00000011
11
0001011011111000100101010
11101
011010110110
0111001100011100111010
011110
0010100111
00
100001011100000101101110
10010110110001011110111
011010011111001101001100
1011000000
111110001
0100100011001101011011001001001
1100010111101010
00
010110
0101011100010011011010001000011
00111110111001110100
10000100001011
0111010010
00110000010010110000011100000100
00001100100010001010001010
1101100110000
011010010011010101010
1001010011100010110000001001
0110111000
101100100101000100
101111010001
0001010110111010101
1110001111100110111111
101000100011000100001000110101
110
0001110001111010011101000111
0001000010010111
0101
1000101011010011
11101001110001000110
01100001100010111100
010001010100010111110110110111
00
100010101
10111
1111010111
001000001001111101100010
10001111
10001011110100111100111111111
101110110100001000001110
00010111
0000
1111001100010110100001
1011
011100000010
01111010100010010101011111
10011001110111111101
1001100110
0001001011011
0011011001111000101100001001
10010001010010101011111111101111
0000110
0010011110000000110010010101
010011100001
111111000000
011011
1011011111100110011111
11001110
01001100101010011011011010000101
1100111100101010101101010001100
110011011101100011011011001
110000001010111110101010
011
11010010001000100
11110101100100001101101000010000
1110010111111010010101
101
001010011001011011011010
0011001101101010010011110101
000011000
101101110
00111110101000110000001001
1000010110101110100100101
011011101111111010100001
001000000001
1000101010000100111101100010000
1111
11001010011011100101001110001111
10100
10011000101000011111
101011000101101010
01000111011110001011001
000110011010011110
1111
1000
10
0
01000011010011100111
11111011001101101010
10
10101000001100000110
1010111001
1100000
1111011000
0000010000000000001
1010111010001001110111110101
110010110001
11111011
001100010010110
10110000100100
0010001100010011110
1101110011
001011011011001001001101
11011001
11011110011100010111
1110
100001101100111
0101000110000000011010110100
1110000001
1110101001010010101110
00100110001000101
0101110101110100
0101110000111010
0101101000
10111100
00111001111110
000
11010011110011111000110110101010
0000000001
1100
11111011
0000100001011010001010
0001
10110110110110110000111001
0100111101001100
10011010
110001111010111
101001110110100010
0111
110001011010111110000100101
00001011
00101001
11100111101
01111110101101111101
1101
101101001000111011000000110
01100011110010000011101100110111
00000
110100100000
0111111111100
10011001100110100000011111
011000011000010001000100
01
0010001
0000
11
000
000001000010101101
10000111110
0101001110001110
0101000001000111
000010001
00011110101000011000101111
0101000001011010101101101110
11010100110001010110111011010
110101101011101100
10111000111100000
11010001
1010110011
1111000110100010100110111000
00001000010110100100101101
0000101101110110000111111
101000001011100011100001011
001110011010
111100110100100110
11
0100001000001110011000
00010000011110
11001011000010101010101111
0101110001011010001011000100000
1010010010000
01101101100011101000010101110000
01000101
1111110111
1000001
101010110011010
011110010010100100000110011
01
1010
10111001111
000111111010000110
01001110101100101011110100
0011011111010000001100000010
1010110111111010100110011111
0010101101101011000000
100101101101
100011010101000001101010
001110000010011010
10101101
0001
011000
0111
11011001010111010101
10010000010101111
01100111111
0101101000001101110010101001
0010110001100100010011001
1111001010110110111110001
1100100010110100100000
0100011110011010001111
11
0010001110101
11
1101
1001100010100101100101
001010
11000000001011110111001010010010
00111100101000100011010101
1101010001000110000101111001
1011110010101111101010111101
1011011010010101100101101
0110000000010111111100
0000101000101000
11101001100100101000010000101100
1111011010000110010
1110100001111011110010
00101001111010010
01110100010000011111000000111110
11001100100101010
1001001110111111111110000
010100101011000000
01001000110010011101111101011
001100111001
010111000100
1110100100010111111010
001010
11011101000
10110110101101010110100011
01
010001011101000
00111111010111001001
1101110001
1000111000
11111011
0001011100111100010001
1010
011000011100
011000010010000111010000
0100100000110
111111011110000101
01
0001111011010100011101011
0011011
11010011000000
10
1101011011110101
11111000101000010101
111110101110
0101001001101010110101110000
11
0001
010100
00101001010000001000100001
00101111100010
1010101001000101000010110000000
0101101011110010000101100110
001110
1100101001000101101101100
11101011000011101
011
11101011000111010000000
10001
111101001010001000010001111101
10
1011101101111010010101
01011011100110101
01111
011000110000111001110010
10100110011001100000010110
0
1110100101
11110101101101101
001011010001100100110011101110
00111101101010
11010100001010110111000011011001
0011100110010101101111101111
1101110001010110101011111
0111101001000001
00010011111011110000001001001111
00111110
0
00011110110000111101
010010010111110111
00000101011100100111
01100110100011
001001011110000010001100011001
11000
11
111100100001001010111011110100
1011110111010101100100110101
110101011100011011
110001
0011111111101111100001110010
001000111101010110101110
10001
0
0111001100010000011110100000
011010
010001011001000100
00010111
010001110001100011000
1101010011001100001011
0101101011100001
000010101011011011100110011
011001000101001
100010010101001110101111001
00010010
000111000110010101011111111
011100001010110011
1100000101011
01010010001111110101
10110011
0000100001110000101010100010100
100101100100101100101
1101001010001010101101011110
11000000100110001010100001
000111110011100000111101100010
10101000001011001011111001
11011111011000001
0000010010110011011100011000
111110010001111101000100110101
101101
1110010001101000111000
101101011101000010110101111101
011100001000011011111100111100
111010100110011000010011011
11001101
010111111011
00001110011000101000111
0010100010010101
101010010101110001110110001011
1010
11100000011111110111
1101010111101001110011
11110110
01011011111
011110111101011111001101
001001111010100000010111
10100
1100100000100
10100000011001
0100001010101000101001011100
011100001000100101
1010110110101
000
1011101011000110111100101110001
01011010110101
101111
11
0001100
0
110010
110
11110
00
100011011111001100100111
0101
011001010100001001100011110010
110111110100
0
1001110100
10101001111111101011
10100100011011111011011101
010011001100011001100011
101001100101001100100100
0111000010010110010000001000
11101000001001000011110111
101011111111001011101001
1010001111100100100101100110
00110000110101
0011000100101010011110
01110001011
11001010101010101001111111010011
0000111111
01101001111111110111100011
000100100001111100010100
1001011001001
00111110110001101010001
111110
000
011110111101111110110
0000100001000110110
00011000000100100
01
110010100100011010110010100
101011101100
111100101010001
00000101110110000001110101
001100000111111101111001100110
01
0011010101
0111110010110
000001111101110001001101110
111111101001110010101
1101
0101101101000001101010010110111
00101110001110101101
0100010101101000011000
111000001
100011100101
00101100111001111
11
11010100110
0100100
101101010111011110111100100001
0101001100
01
1111100111100001100101010
0110110
1101110110110001010101001
11101011
001100
111001100001000110010001110
101001100101010001100100000001
100001010100010010110101
11000
1011100011001010110000011
010011011110001000010000110111
01000001001111110101
1111010110
01001001
11010010101
1110101111110110101
10100101011100010011111000111111
11100011
00111000111101
111010101001100
00111010100001
0100001101100110110010010011
111001010101010100111100101110
10000011000010000001
1001100100101
10000010000110001100
10010111
1101010110
00010100000100
110011001101011001
11
1110100100100111111111100001
11011100101011101101111111111010
011011100111010100
11110110110100100
1001100100011111110100011010
10001001010000
0010
011
0010000110011010011
01111
0011000000111101011101
111011110100
11011110011000111010
010101000100011101
010001010101
00100001100100
1100
000010011000010010010
0001000100011010001000001010
00001011111111110011
011001011011010001001010
011100
000100111010110001111101001
100101111101000110110001010
00011110110
10101100010010
1011110010100001110011
110100011111101000000101
0100100011110101001001000
011010001100110001101000001110
0101110001111000010101001
00101100
100000111
011
110010010110
110010110110001101101000001000
101000100001010011001110
100111110001001101000100
0111000010100111010011000101
00000101010010
10
01000101011111
0101000111011000
001011001001001010
11011000101011111001
1011
101010111110001011111000011111
01110101100110
1010010111101001000011011100
1000110110010110101100
1001000011
001011010100001100010110
11001111000
0001011000010010
10001111100100000101
01011000
11011111
0001
0001101101001100
01
00011101010011011011111110001101
0101110110011
11010010010011101001000
0100
0101001000111010111
1111110111011101101110
01110010001111101
110100111100010100110010000
00100011100011001011011100
101110100010000010111111111101
0
11001011011101101111110
0
011010010
00000001101110010000011011010010
10100000010000100111011011111111
110
11101010100111100
10000010100110
110010011110101110001010010
0010111011
1000011001100101100
0011111000
10001111011011111011111011001000
0
110101011
011011000110
1010111101100111100100111011
00100000010001100
0000100101101100
1001010000111111000111011
1111100001010011
100101101010010101110100
100010011011
11111100001100111010
10101000100011010011
110100
10101110010110010110110011
00001101111011000011101110
000110101101010110010001111101
1011011111001100
0111001110111101000101
0101100000100001
1100011100101010111100
1000101010110100010
01010100001100
100110110100001110000110
0111
0010001001
010110
111000011101100011111000
00100001
011
110101101
00001010101011000000010001101
1100000000100111001101
011110
01001100000100110101110
11000010111111100000111111110011
10101001
0101111101
01100100
10100001001111000000
101000110110000101000010
00011010101100000
1101001011000111110010
0000100110010000
10011010
10001000
000100011010
1100000000100110
101111000100101000011
11110111010011101001
0101100010
01100101110110011001
1011101111001110101010011
01010110110000001110001001
0101111110010000000001
01000101
000011001010
100011010
1100010010100011101100
10000010110111101000010
011111100110011010110100010001
011101
110111001
10
0101110011011111
100001
101000101000101011000001100011
1001110010111111100000
01101001
1110011011001111010
001010101011011001
00001000100
1111101110100001001111001011
0011100010101111011101010
000100111011011000011
0110011110011
11110101110100110101
110010111010001111101110
100111111000
01100101001011011001011010111
101001110010001001
1011100011000111001
11010001111011111000
10001000
01010111000001101
00
1000000111011010011011011001
001000
11
011111000011110101
0100011011
00010101011101110100010101
1111011110110001110111001100
0011010000
11111111011000101001
011001111010
111111110000101101
101000111111
001000001111111001100
110110001100101100001100
1100001001000110011110101
0
1101010011001001100100001010
01110010
1000
1101000000100011010100100000
001110101100010100
001101100010111000
01100011
01111000000011000100
110000010110
110010010100011100011111101110
01
0111000100100010100001101101101
100100010111110
0100100
11100010110001010111010
111000000110110011
00
000011
00
0010001001001011
11101100000111000100001
0
110010001101100010000
11110110000110000101
0
1011110111100110100100001000
11110010111101011111001100100
10001
00100101010010
0111010110000
00101101001110110111101011011111
111101110111100000111101101
1100101
11
1001010000
101010110010000
010110101001
01010
01101101001
111001101101001001100000
0111111001001110
100100110000100101100000
00011110111010
000101101110110100110010011011
110
01101110111011010101111010010
1000010000101110011
0111010100100010010
010110010110110001000000011010
00001100110000001010010011010110
101101010000
0100011110000110
00101110011101011101010101101010
1111
1110101011101000
001011111
0010101111010010010000
1000000100000011011010000000
101011101101100000100110101
10101110
00001011110000010110101010001
1110010110010100
00100101111
001111101110111111
0
10000111011
010100111010011000
101110000101111001000110100000
00001000000011010110001011
00
01101011010
1000111
1000000110110100100000
1111
00111010000010001101011
010000000011100100110110
11000101001100011011011110101001
1110
110011010010
00000101101100
11
100101100101
01100101111111100010101
01011101001011111100101011
01111111010110110100001000110001
01100111000000100011101010001
11000011
010110101101111101
011001000001
001000001110010001
1111101110001111100000000000
00100100110100
01
010010
100100111100100011000011
0100000000100011111001
1001010110010100011111011010
11010001111100110100
00000100101110111001
11011111010101000110111110
0100
001111010100100101
11001010010111111010
11101010111110
001101011100000011111101
0000
1001010110010001000100
10011010010110110000011101
111011
0
11110110
000011111100110011
1111011101
110110
01000100000000111100010100
10011000111010011001100111
010001000001
1000001000011000010001000
0000000100100011000
1001110
1010011100000010
0011101001011001
11
0100010
110000001100111111110011
1111
11101000001111110110
0101111100101000111111000
10010011001110011110000111110
0111110001011010010011010101
001011110101100
10111110001011110001111001100011
10
10000100
110111010001110010
0001
00011010101001101011100000001010
0100111100
00111110
1110
111111000100100010111010
1000110110010001010100
001100100010001010001111
010101
0
010100000000010100110
000000010111010110111001
1001111011011011
1011
101001101100011011100110100110
0010011110010011
0101010010000101000011000011
0110100111111011000001
0101000000000110000101
10110100000100
10100100010100101101110111
10110010000011
01010101110010011000
1100000110001100011111001
00110
10110000111010
11010000010101
10111111
10
0000000000001100100110101100
000110100100100110
110001010100
100101011111110011101011110
001111100111
01000011001
11
1011110111101110101
11111110
10000101
111011001011011
10010111000000100011011101111010
1111101101101111
0101100011010001100101110000000
000000011000100011100
00011111010000000101001110111001
100110010
11100010
11101100000010001011111
010110000010001010
000001011111110111
000011110110101
011011000111011001000
00110000001100110110001100110
00001000110100
1101111
010001110011
1000010001100110100000
0
011010101000001111100101
01000101
0101101100
10010101111010100110
01110100
101110101001
10001011100100100111110110011000
111100010000111001011110110100
1001010111
010100001010111000100001110011
1111000111101110011010110101
100011110010100110
0000000101001110011100
0101000110101001
0111101111010001110000011111
001001
0011110000110101010110010101
00110101
11
1111000011110011000110011010
10110001001010000110110
11011011001100111000010110
0111
10
0110110011101010
0100001100
1011111101010010110000
1000110011000011100111110100
11000111111111111101
00110100001100101111000111
11010111110011001100000000101
0110000110000
0
010100111111101110001111101110
101010100111
1111100001111010
110011111000011000110101001110
11100000101111
001000000101111
0100100110100101110000010
1011010010111000110011011100
00101111
1000
0010000111000001
0011111111111101011101100
0000001010111100000111
11001000101100011
00100101111011000101010000
110000100101110101111
110000001011100010
00100010
101100101111
10100000
011001010100100100
100001000001011001111010
011111011101001110110000111110
111000000001100100000
11
10000110
01010010011000110111100101111101
0111011100001111101010101001101
111101001100011101010111010101
101000101010
10101011000001100111100101111001
0110
01010
1101010110101111100
00100011111011100110101001011100
001010101111010001111111001000
001111010001000011111111101
0101011001111011
1101100111000101100111
1000001101101000101101100100000
011100111010010110
101110100010
0011011110001010011110
11011010111011010011100111000111
0000101111010100
0100101100101
11011110111011011010101100
001011000111000000000010101101
110111010
100000111100001010
0001
001111110000011000001010110
001110010110010010
101101
1011101000
01110110100101010100101001011111
0001000010110011
10010100
011110000101101010110010100111
010100101011001110011101110100
111000110011
0011000101010111
00011
00011101
0000
1110101101
00110010001
1110100010110111001111
101100011110111111100001
010000000100011010001111
110001100
0110111000101100110011101
101100100001011010
1011111110
0010111101110000001101
101011111101111111001000110111
0101110011001111000111
00
001011010111111000110000000100
001001001111111010111000011011
10011101010110111010010011
101100101011
0101001000101110010110100110001
011111100010011001000110
01101101110100011101
0101011100101011
010001000010101110011011111011
111001
0001110110
111110000110111
11100101001000001110
01011110010100111100111101
1010011100
11000011
10101010011110100110001
1011100001
0
000100101111011011
11100110000110011001110
0110011001111
0110000001100100000000000101
100110110001001011011110001101
11010000111
1110111011001001111010001110
1011011101101111110000011
10100
111011101111001001001001100101
01100100111010111010101001110
11000101
00100001101111001110111000011010
10101110011011100
0111101001111110011100000011
01001101100010010011100
111100110111110100111111001010
010001011110110111100111001
0101111111100100001110011100
11100110101110001110
1001000111001011010001101000101
00110001101100100111001100
101
01011110010100100011011
111011011001011
0000000111
111100110010100
011011
00111100011101111100101110101000
11000010000011100000
010001111010100110
110001
0111000111010110000111001110
11101
1001000000101100101000110000
11011100
00010001001001101100100
1010100001110100100110101111
0101
0001
1100
0011111111
11011001001110
0111111110110100010
01111010110100111000000010011
0101111000100011
1101110111010111
10100100010001011001011100010
01000000
0001111101001101011101
01000000001011110101
10111
0000100101
0100
010000100111010100
1001110010010001000001010000100
110111000100000100100
00001100111111011000010110001
001010
1111001010010111
110011111101011101010100
01
10111101011101100010000
1100001000110111000000
010010110011110001100
0010111001010000100000011011
0010
011100
1100010111111010100010111001101
00101101110011
0011001001101110001000
11010001010111011101000010001
0000000000011001
10001101011110001101001001
0111110011001100
01010001100101000
000001101110100001000001111000
0010111100
01100011010101110100010001011
011001100101110
01011011101000
100110011001
11001011001101100010
100100010011
1110100001001101110100100100
110110110110
10111011110
0000
1010101110
101
0101
001011100001010
11011010
01110010000100011011
010000001110001001010011111
10100
11
1101001010001
1000110000
01001001
00
10011000100100
00110
1010001001001101101011
1101010110010010
01111011100001110110000001011110
01100100001010
10110100
0011111100000000011
10001011100011101100011111
1000100010010011001110
1111111111000001010111011010
0111001
01110001111000000100010010011100
0010000000010110000111
0000001100011
0100100000000011100011110000
1001001100001101010
101011
1101000100001100
100001110000100111110011
1111100101
111010000
0
0
001001
01001
011010101011001111011110010110
0010011111010000000110
011010110100111010111101110011
1001110011111110101100
0100011011111111
10000101011111101
00111101001010001110100011000010
01111101111100011011
000100000001101
100100010110101111001101
00
0010111
11111101010010101011000101
110101001000101101001
01000100000111
11110010110011001110000
101110
11110110101011
11000101
10010101111111
00000100
1011000110011001101000
011000111100001010010001100010
1010101000000111
10001001010101111100101011011
110111100000101000000000101
010110001110011101111111100101
01001000
001011010111101111011111
1110011010101110111110111001
00000000101001000010001011010
11001001011000
001101001110110001000111
1101111110
01101110111101
1001110100
0111101001001101100101110101110
10
11110001
10100010010000111111011110010001
01110010110101100010
001111000010
0101011101110110100101011110111
110011110100100101
0111010101001100110
1101101000000111
00000001111
0101101011110011011010
111101001011010101
00001010100101111010001
10111111001011001110
0100010010100011
001111101010
0111010110011110101100001110
011011101101111010011
10101011011111010101001000
101010001111111
111011011010000
0100110101001110
01011110101110011101110111101
110011010000
0110110011001000010
1001111000111111
001111011011
1110000000011001110
0010100010
1101100010111111010
000100100011110010001001
101001110000011110111111
111110001
01100011000
0111110111100011010
11011001
01101110010011011
10111011101011100111110101001111
100111110111100001
0
10000111
0000001110101011010101000011
0011
11110000011101100100
01001011
111010
111010011111111
101110010010010111010010011
11110111010010101111
000100001
010011010001100
01110011110011001
101011111100111011
0101
110101000100010000101001
1011101111000110101110
0101101110010010
100110001111
100001010011001100010010010010
01010100000110011100
10100011010101011010
0011001111110
001110001111
10001011010101000111
00
1101000100011001000010000001
01000000111101110
0010000100
101110
1000101101111110
1001110110101
1010001010010101101111011010
1100011010110010
0010011011001000111010
111011111100101001
11011010000000001011001100000110
011010100001111101111110001100
1110011001001111110011100111
01
01011001110
1111001101101001111100111111
1000100
11110101100010
000001
000000001111011
10110001111101001110110111
101011111010
00000011
101111001010010000110
10111001100110
001001011000110011110100
0111010100010000101
11111100
1100111111110010011000011110
0
01001011011
00010100101000000
010100
110110100101
010110111011110011011
000
0111100
0001001001111001
0100011001
01111100101000010
00101101110101010001001100000001
10011000101011010001111
00001001000100010011
00011100100111010010011101000111
00100111111011011111000001010
00001000
00000001001110110010
00111111101
0011001101110001111111000001
111010
0110011000101
1110100010
01011100010001100001110
01010010000111011011
0011101010010110111000100
10110101011011101011100
11011101110101110100111000010000
10111001010
0100010000101000101100011100101
0111011000100
00
01000011110100010100
011000111011
011
01110000111100101000
11111000
000110010111110
0
110111110101000101011100
010101110001101
0001111010101011001011000
00000110110010010111111
1101100000101110101000
1011111100000111
0001111111101111110
100101
01111100010101111011
101010111101001001011010100000
0000111011
1011000000110100
01011011000011
11000011010100
011100011001110011100010011
0111111
10
10011001011101011000111001000011
001110
010010000
010100111001
000010010011110111
1110100000
0010111100010110100000
1011000000011011001101110
011001111111011111001011
10111000110011010011010011
000001000010000000111100
001101100100
0010101001100000101111110111
10101100101001
000101101110010101
1010100110111101010101000110
111111110100111
010001111110111110011000001001
1011001
00101101001111110
111000
0001001001100
111101000111000011101011101
1010101
10101000110001010100111100
101010110000001110110111
00
000011010010010010110
0001
000011000110110111100000
01011101000011001000
110011100010100101110111011000
1011010000110011010101100110
0111011101
1111011010100100001111101010
00000000111111100011000110
010101100110101101100010101001
1001
0001110101110111
01100001001101010010111101000000
00111111110
11101000011010011110010001111000
1001011100000110
110000001111111001000110
1000001111101110010
010110001100110110101000000110
101010000111101011
0111101011001010001100
11101110100111
11110100111101110111100011100001
00000100
10000010100110111
10001010111101
0111001101101110101000110011
100101111001
1000001
11001111001010110100000101001
101011000100001100001110101011
011010111101111101110001
010111001111100011111
0100101010111100
1100000011110010100110101
101001000101
1101
1000001
01111
100010101111001
1110001111010110111101101110
0010010100011001001100
11011
0101111011000011100101
100010110111100111
00011001
0001111111010010100000101100100
01
0111010
10110101100101101101110111111
10011100011101110101100111011010
01100100110001001100
1010100111110001000100
01001
00111100001000110110010100100
1010100111110111
01011010110111101000100111001111
0101
1001101010001101110001
111011000011001110110
011
1101100010
10111110011
101101001100110101
0111001011
1000101011100100
100000001010100110101
11000010010111111111
0111011010010000001011101
011110
00100010011110101
111010100110000001101101000
10100111010100100001111101
1011011000
110
0001000001
01110011001010001000000
1001100011
00100110010110
01010111011001110001100101010100
1010010011110000101110
001010111111
011110111001001010001100100111
011111100011100000011111
01111
11110101011011000110010110001
1100
0110110100110111101100101100110
01100
1011001000011110100001100000001
1101010101111101010111101000
1111111001
000000100101011110100111001111
000010101110000110111110
00100011111100010010000111011
111111110011000001010001001111
10000001010001000110001000
000
0111
0
1100110100
110001101000110011100
110110
0101110011011101
010110011001111010
1011110000110001101
01011001101
111101011101
010110110100010101101001
0
00001100101000
000001100000000110111101101101
110000100111011010100110001111
0100000010011
101011100001101110010001
100001010010000000011
01100001010000111110010010110111
11110001010111010010100100100
1110000110011111110010100011
11101110010011011000101100011001
000010000001001100110001010111
1011010
10110101001
0011000110101110110001100
000010111
1111110101101
00110010001110
1000000001001011
11
0111
01
111001001101010101010001001010
110100
1111110001
101
1001110111110000
1001000011011001010101
110101000111000111
10110011
00
00000001
11111100100010
0100111
010001
110111011110
000000001111001100010100
10111000110
0010011011001011001001
0001001001001101000001
1100001010100100000010
10111001
0110010110011110110000111010
111000
11
000110111011100110011001110000
111010100001111101010010100101
01011010011001
00011000001011
00101
1010111101000011
111001111100110
1011101101010101101
10001001010100
01101001101011
01100001010000100100011110
111101111
01000110110110001110101
11011000
00011111001010001
0101111011
0
10010110000110110010110000000110
110000
10111010111111111101011001010
01
10110010111101001
010001011110011001110000001
111100010001011001000110010
01001000111110111000
100010110000101100000110001100
11011011001110010101100011
00100110000111101111100
100000001000
01100000001110101000100111111
11
11
1111000000100000011001
0111100
00001001100101000000011111
001001000001111010111000
11011101011100100
01
11000100000101110011
11000010001011000110001010110010
010111101101101100111111
1010011000110
101000
1001000000011100001
0101001010011101101001
00001000111
0001100
1101010001001
1001101
1011010
1101100011001011100
00111110000011010
000110011
1001010110001111
0
10011101101110100
110001111111100
100101101111100101101010110010
110
0101001010110
0101110
0110110101
0110010011111011111100
110011101011001101100001101110
1011001110001000110100
10110110110100101000
110110011101011
0010
0000111001011111100
010001010111011111100
01100000
0001010111110001100001010000
01000010
001010011011
10010010000100
110111111000000010010101
011000111101011011111
101
110011100111
0100001101
0010101011110001
10011101000001
0110000111100111110011111
11011110101001011111
010000010011100101100001
11111110100011010100
0100010010010011101100101010
0001110010101101011101
00010111101111100
0011001110110010101010101000100
0101100001100100111000110101
11
011100001001011001011010
00011
1101100110
001001
0011111111111100011000011000
10111001110011011001101011
1011100
0010
0100010
000
10100011110111110101
11111001101110
010110
1000110101101001001010001011
11000101
101000
011101100000
11
001010011
1010
0011011011001001001011010101011
011
0110010110110000011101111010001
110100110000011010
0001100110
101000001010000100101001
01110110100000000001011000111
01011011110101
0001011001001010011100111000
001101000111000
11010110101011
10011110010010010
00111111111010000011110110110110
1111000111110010
01011000010101000
01111011101
00000110101
10100
1001001101101101110011000101
10000010110
01
1111111000010
100011001111110101111110
01010000110110011
111010111010001110
101000100010
100000110111100110100
0110011110001010110001111000
011101
0
00010000001011111001000
0001
001111010011110100001010101111
1000100111111
1010011110001101111010
01
10
1010010111111101000110111111001
01011100010110
1001001110011000
1010000100011101
11100100101101
10010100010110111101
000010101111100101
101001
11000010010100000010011
00010001010000010101
10001000011100101011001
00
01111110001001101110110110
0100100101101100111
01111001111010110011
1101101110111010111
11000101011010
1011000010110010000110
01011000
010010001100011111
0100
1001000001
00011101101000101111000110
1110111100010110110110000
010010001001
011100111001101000
100011001011011100101001
110110100101010
1010101100001110001100010110100
101010110001000001010111
01010100
001110010101100111010111110
01
1100110100
01
11
1100010100111110
00010101011000110111001100010001
10010110011010011110001110001100
010101010110100100011
00001100000011001101000001
0011101001
0001000100011101110
0
0111000010111010
0110010011111
10010011100101110101110111
11111000110100001101001100101110
000
01100100000110000001110
101100100111100001
100001011001101010110
0101011
01100110000010
011010001
10001010011111100011111110110
00
111100000100100111100000111001
11100110100
001001101111011010001110111110
0000
1011000001100100001100000
101011011010011100001001100111
1000000000010101
101000
11011001110010001010100110110010
110110111101110110111
010100101110101
001000111001010101010010
0010101011011110011010001101
11001010111101001100100
11011000110100010101001101
111111110110010110001010101110
1110001010
10110101110010
000110101
10110100100011001011011111010000
01111101010101001111011000
00011100111010110111100110110100
1011011001010000010
00000111
000111001101101000
00001101000100
01111111
0
0110
0011101100
0010011010101010001
1111
0011011101001111
00010000101101011111
1111101010001010011011101000
00110101010100111110
01101011100111111100
0100000110111010
101111001100001010
1111011110111111000100100
110001011111101011000
10000011111101000
000010011111
111010101010
11011010101010101100
1010010001000
01010110110010011101100111101110
0110101
1001111100
01001001100011010101100
0111111
01011100110001000001110101
110100000101101010001010
1100101111
10110000001110011111111000011010
011001101101
101101101111101011
01111011001100
0
001011111101000011000011
1001101000110101101110
110100001011
1100100111000110011
00111010000101000000011011011011
0101100010011101110010
11110
101110011101101001
1010111110010010000110111000000
0011111001000001111110011
001111110100110000100100101100
01101100011
001010100101111110010100
000111100011111101100
1001000001010010
1001
1100100010001110001111100
0010011101110100101010
10001110010110000000100
10
1001010001101000011101010000010
11110111000000100111
1011010101
000000100010101011010111000000
1111010010110111
00000100001010111
11011100110010000110
00111111
1111101100
11101110000001011011111010111000
00000110101
10
011
10
001100001001110100110011
0100101110110100000110010111011
100111010101001011001110
00100101111100100101110
010100010111001111101
0010101101010000011
1101101100
011110010100100001111001
01
1101011101101110001
0111110010101001001100010011
0001000101111110011001
0001111101
1001011011010000010100001110
011010
10
100001101110
11010110
0000001000011110010100010
000100100111
0111001
010100101001100100100011
000001010111000100
011000011010001000011101100111
1011010001000110
10
01000001111000111000001000100
1011100001000010001110111010
01111111111110000
0100101011
011011110011000111011110111
110011
011
10001001100
0111011100110000
1110010100010001100
11101011
10110011000100
100001111000
001110000000100110000110
01111101
101001000010
1011101111011111000100
100110101000001
1101011100100101001
01010001001000111000000011001
001010010110110100001111
101001111101001001000
11000010000100000010000001110
100101000100110101010100101101
01110010
0
11001110
0111110010011001100
11101111011000000001101
01
010001110
100000101100110000001001111110
11011100100000010011100111111010
0100
11101011101000000100
110001111100101101101111
01011011110100
110010001101110000100000
0011010110111011001000100101
11001101101100
100011000111
1100011001111011100010
1101101110001
100100111101000000
000010010011001001
1011
11100000011110
100100100111110101010110001101
110000000111
110110010100000110000111101000
101111101001
0111100101110011110000011111111
000101
1111000000
111000111111001001
00
010110001
110000000101
0110
100101
101101111101000000010001
1100010101011011001101100000
1100110000101
110001100
00010100110110011
1010
0
01100011011
01000110
0010110000
111000000111010001111100
100000100010000101
100111011
001011001100111001001000
0
000010110001110001000011
010100110111110000010110
1010100010001110110001
10100000010110110000011101011101
001010101001
00001010
0
111001111001110001101110101110
01111011011110
011110
001110110110001
101010
00001110011010
00110011101
000110010110010010100010
0011
001010000001101110110101
1101010
11111000111010001100100011
10011001000011110110001111000000
11010010100000101010101000
0
00010010010011001
0000010010100101100011
01001011
0000101
1110100110101
01011111100000111001101011001
100000111001000111001111011100
0100000101110101001
101
0010111010
11001111001111011
001011
1000
1001010110
1101101001000110
111001000110100100000001100
00001011101011000110
001101
1010
0110000
1000011011110000001100
0110011011101010001110010010110
01000000
10111000111101100110000
001010
000111100100000101001110010111
1101
00110001011100100100100101010111
01010001
0101
0010100001
00010110010110100001101111001
00100010000000110111
111000
1110010011011100100100101010
101110101011
00101111010001111101001011
11001000
011111
01100100010000000011011100
1010
00010000011100011111111
000000101110011011000110
0101011011100100001110
11100011011101
1001110
11010000101000
1111101100011011001110100111000
0011101011010111010001
1110010000000100100101011001
000
1110110011000101111
0000100110
0111
01
0101001101
11000011010101001101101110101
101000111101010110101
1101111111110111
101100001011000000
0101111000101101001000101
01011101011011101010111000010
1110100
010110000100
000100000110010111
00100110011111100110
011100011010100011100011
011100101101111011011
1010
110100101101010100101110011001
00
0
010011111111001011100000
01010010101111000101110100
0101001001011110000001
101
01111001001000
110
100011010100
010100111010
01101001
11100010000100110001
001101000110
11000001
11111010011111110100
000100011111011
101010
011010
00100010010010010100001100101
0001000110000000010011011110101
11000110111111
0110110100
101110000001000111101
011101111111101111000011101010
10110110001001
00111011
100001000011
010110
10110100000110100011100110
100111110001101110111010
001010101
000111100010010101010010
0110111010010001011
11011010100101000
011111110001110101
00010011000010010011101001110
0111001000001010100011
1001010010100110
01010000010010011101100110
01
11001111
010111001000100110001111110
0011111010100111010111010111
0000011110101011011010
010111110110100010
0010111110
00
10
00001011001111
0001001100111101000000
1111
001101011101000110110000
1101
01010000100101
11001001111010111010101100
1100110101111101
01010011001011111100011100
10111011
01
11010100001000011111
01110110101010110101010100100100
011001000100
1100000111101001010110010001
011001110101
0000010111010100001011110101010
1010
11000110011111000011110110111
0000010111001101110110111
1110
00010010101
000101
101011111100011110
01100111100011101010101101
11111101010101001111
00101011000001111011101
00000001111010001101
011000110101001000
11000010000101
0101100001101101011010
1110100000100100001010100100011
1001100110001100100100
0000111111110100
0101111110
0110011100001110011100001
110010101011110010111111010100
1000101001110100011001
0110110000010101
11101
100001111010
0110101110111011
1110101001000111
1001110011
1100100011001110100011
01110100
00001100111111010110111
1101100000
11010011001100111110
11000
10100001111
0111111000110
00010011011011101100
01110111100011110100010001100011
010101011100011101
110011000010
1000010001111001
10010010100010
01111111110000
110011010001100010101001110110
001101011000101011110011
11010110101110011001011110101111
01000100000111000101011100
0010100011
10
10101101011100101101110001111110
101000110101000111110100001010
000011111011110011000011
11
100110101011110101
111100011100001000011000001001
0010101011111001001110000000000
11101100001011100010110
1000001110001111111101000010
10011011
10011001001010010110
0011100010
0000000000101
11101
11100101101000010001001
0100000001101
10000100000110111001111100
1011110110
11110011010001110100101110000111
10101010101111111111111111
111100011110100010000
00101101010010111110010100
011111
11110110000
010100001011111110
100001101101011100111001
10111001001110100000011101000111
1110010010111
0001001010011101100000
110000110000011001010101
10010111110101
1011000100110010101001
11010000000011
000100
0100000100110101111110001010
101001001101010010100001110
1110100011000011000011
0110011101111011001111010
01101100111001100100
01110100100111000110
01100000000011011110001000
1000011000111011000001001100010
1000111001100001100010110000
00111011
01010
0
0000000111001110011
010110011010011011111011101011
11011010
1010001011
001000101011110110
1101010000101010001
0011011001100110110000001010110
010010
101011011110111110110100010011
1000001101001110001100011001
10001
0110101110111111
10001010
10101011
1110100001010100
0110000011100001
0011101111011010100111110001100
1110001101
11101010101011100010010
00110100000110110010
11010110
0100
110
11110000000100000101001001
0010110011100
10110011111011
0101000011
1011110111
1101000000110001
1111000000111101110011100001
010000100001100110010110100101
0101110011010010111010000001
111111
101100011011010110
011
0000110000100101100
1001000101000110100101
1011011010000100110000
01100010100010010
011
011110
01100101101011000110001001000110
1010100110000000100101
110000100100101111
11111111
000100001110011100110110110101
0011011001100010001
11110110
11100010101110110001100
00010001010101100
10100001101000011110001111101100
10110101000011110100001011001101
001110010001111101
10100011011
01011010111000001101000011
0001001110111101
00011111010101111111001100101
101100
11101011001101010
11001110000001010010101101011
111001000011111101111000000011
0
11000011101101010101000000
00
111110010000000011
1010111010001101110110001100010
0
001010000000100110
1101110000010110111110
011111
001000110101
01111
10001100101111001100101100
001100101100010000
111001100010000000000100
01010111
0010011010001001011011100000
0000101100
01101010110101011
01
001010101111100
110101000000001011
111101011000011111001010110101
0011100011110010
0
010101001010
01000100
1111000111001001111000010100
0111100
11010111100011101100
01010100011100101101110111
001001110010111111000101111
00001011010
1010
001010101000101100100100
0001001011010111
00010010110101101110111100
100000
11101010
101010101110110111100110011100
1010000000
11110001
10100101100110
111010010001001011
0101011001101010010100101010
01010111000100
100110100
11100100
01010110110010001
01001
1001010100001000
1011110000100111111110
000000100010010001
1000001110101101100010110
010001000011111100000
101001010101101001
1001011001100110100101100111010
0111010011000100
0101000000110101001010011011
1101110111
0101011101000010111
10
011010010010110111011
0111110010111011
0101010010010010100001011111
11101100
100000111010011101111000000001
01001
1111011000100010001101001
10001010110011001111110111000
001111101001101101
1010011110100110001
11000010101110001011101000
00100011001001110101100100100111
1101110000001000001010
110010000011010
0110010000000111011001111110
0100111011
10010001000110101101
1001101100101110010
11010010110101
0101010000100011000000110
10011011
001000
1101000110
111110010111100011100101001001
010010000111000001
101011
110010001011010000
11
0001001100010111000010010001
0011111001001010000001010
1111011111001000101001011000
11
0111001101000010
101010101111
0001
0110010101
1111000011001001011110110
101101100110011000000001101
11100011010
1111000
00
1110000100001100111011100
10000110
11110011111101111
110011111110111110111101011100
111111001001
001100000001000110000001110
00001111111110010100001110010011
001101100010
110011110100000000001
00010111100110100111100101
1100101111111001100111110110
10001010111000001010101
1000010001010010010110
0000110011110100110111110011
11101110111000000110010101
100100110000000110011001
0
01100110
000
11101101101010
01011000100
1111100000001
1110
0001
0011111100101001110101111101
000001111010011100101001100
1101100101011101
0010100101101011
011
00001111001000010111010
111010011011000101111010
0011010100101101101
00111100101101101111110111
010010110001
101101011000
11100110010110000010001
001111010111011111001001101000
1101101011110011010
010001011010010100111
0001010
01000011001
111010000010110001001010
10101001000001
10111100011000000011011000111011
01011001010100111011
000001010101001000011100001001
010110011100110100
00101
00110
001011101010011000011100
111010
000
10100110111010101000
010100
00101100001000
010011010110101110000100
10010
10
10010111010110
0111
010011
0001101010110
00110101011111
11
00011011101
10010101101
000110000001110111010101100
10110101010111111001100010
1100011111100111110010
001011001111110000100111
11
111101001110
1101110000110010010100
00
01101101100010101010011001010010
10000000001100001111110010
00100111110010010101000
10011011101101110010000111
11001100101110011001000010110
011001110110100
00110110010111111100000
1011101010110100
001100010111
0001
00111001100110011001
1011001101011
0110011
110001110010111111110
0001110101001011
11
00101101100000001
1100000
101000111111111101111101
10111110110110010000101010
1001100100
001000110100101110100111
0010011100110010010001100010
01000011010100110001100101010000
000100110101111011011101110010
100100110110101
11
1010111111010101100010110001000
1001000101110110101111100111100
101000011100101000
111010011001100010110101001
000011000010001010100
01
00010010000
01011100001111001011000101110110
0
011010000101010010111110000
000111111000101
01011111
1111000
010101001001010110001110010
11
11111111010000101010101
11
0001001100010001110001000000000
110011011110111010100111101
1010000001111110
101111000110100101011000011011
100111011100101010
10001010100110101
01001101010111101110101111
10011110100011110
11010011010110
1110110111111101
0101
0011
1001110010001100
11010101010000001110100010010
110000
00111100010010010001
011011110100011101
0001011001110000
01
0100111001011000001
0010010101101001001001
0011001111011
01111111010111
01110001100010111001011
11
10000001010100111000
10000111100001001110111010001101
11
1011000001110001
0001010110010010000
1100010101101100000100100111
1110
00101011001010101100111100000011
11
00001001
0011101001011110000001110
0010110100010101000001110010
11101011011000
1100101011000110110
110010100000010000100
01000000100110
01000101111000101001
001011000001100110100001
011010100000001111010110001101
1101011011011001
1110010111001
0000
10000001011000
1110010001
10011100000111110100
011001
111011111
0110001110101100111001110001
000100100100011001
0101011010
011111001101110110010110
10110110
111011010110010111
111010100001010010101111
0100111011001000
101110
011100000010110101000
0000001001
001110
101000110000
10010101011010010000100010
010101
0001111110011
0001101001
101110110010111110110010010
100111000
10000011
110010
1110111101011011011001
1010101001110110101111001000
00100000
0001011100100101010010100011
11011111
101001
111100000001001111101110100110
101010
10100100110001101010111000000010
011110100110
0110010010111100101001
001111101111001010101010
1101
1000010010110011110111
1111
110010011011010101011000001101
0001011011110010110
0
010011010111010101000111010
10101000010
10010001011010101
101001
001010100001
01110000001001100001001100001001
01100111010110
11100010100010
0010110100001010000101100001
110010
1101011110110101001
001110011010001001001011000100
111010
100000010011110
1010111000101111110111110111101
11001110101100
001110
1100101100000000110111
001011111011011001100100100
100000010
010001111110111101110111
0011
01
11111111001001111110100
01011101101111
101101000
01
1001111010101110100001000001010
1111100110101000100
11111111100110111101101011100110
1101110001101010101101001
00100100000
11
11010010011011
0101
1001010111011
11111000001010011000110011001
1110001101011000011111111
00
111001111010101100100
10001000101100
10101110111011000011101011
000001
10110101010000101010001
01100010110000
01001
100000110111101110011001110000
01000100010100001000111
000100011000
1011000110100100010
101110011001111111111101
1001110010011001
1001000
0100010001
10001101001111101000101011
1111101111001
011100110011110001011010
0
011010011000
010000001
11100001000110100100000001011110
111110010
011000001100
01001101110010000101010100101111
0000000001
01101111100010101111110110
1110100
1011100111
0011010010100001100101000001
101000111110101100111110
11010000001001100
0111110111101011
0011011101000100
11101101011110011010001
0001011111
11011001110011001001010011
0110011101011001000001111001
101000001100110001111
101000110111001
11000011001100001100000111110111
000011111110110001111110
100111000101
10110000101101001
010100001010101010010
01010110
11001100001100101
1001
1000011010100111110110111101001
111111011001
1010110
110000011011001010010101
11101110010000010101111111101
10010111010011100010
000110010101111001111110110
00110011000101110110
0100
111010
00100010010110111
11100000110101001010100101100010
11111111110111
1111110
11011011
1011110010
0110
000000011001100100010001110100
010011
111001001000010
10000000001000010011
110111011101110000011000111
00000110001110001110111011000010
111001111011000001011001011000
10010111
11001001110011
0010
1011
110111011011100100110000001
1111100001110010101001000001
1100000
110000000011000001010
011010010110010000
00110111
11100101110000
01
101101011100100000000001011011
01011011110101011100000110
001010
1100111011111100
11
0
010111000101110001
10101010001000110010010101
00001001100000000111100000010
011001101111110
001111100111111100001001
01001011101011
0111011011010110001100101
1110010101111000
1110
11101
10100111
1001001101100100000110
01001010110111010011
00100110110111111101101000
100011011000010000001011001101
001101011111
00010111101101110
000010110000110100010101100
110010
1001010000000111
0
0100
10011111010100000010101111
11100100000011
110100111010110101111010001
111001101
11000100
001000011100101001101000011011
0111000001101
100100111011100100
10001
10001000001001110100001001110111
11110000100000000001
1000011101010111
0001011001111011010
1010010110101111
100110001000111101010
1000101000011000
11000111100001110100
00110011001101
1111111001110111
1101011111000101
01110110101110001100
00101111011011100000101110101110
101110111011
01
100111111001
01000000011100
011011111111110
101011101
10111011111100110001010100
01110101011000
001011010111
11010011111010010100100011
1010111011110100010010010111000
00010011101000100
010010101010
0011011001010010100000
00010100100011011101001001101110
0101
1001100111
1111001010
1000110010010001111101
0
11001101001001001110001110
1100011110100111
001011100100100001111
11011010111
1100111001
0110101100
001101101011010110
11011111010000011
001111011110010110010111
00100110111
1010
00110000010110001
01110010010111001101001001
01110000011100000000000
01
1001
000010100101011111
00000000001110101110000110
00110001011000
01001
0111011110100111110111
11100011
1001111010011101
001111010100111011111011100111
001000010101010100111111
0
00010001001011000010
000000011111001101111100
110111101101010
10010111010110001001101010
101001010011011000
00010101101101000100
110101111110100101010110
01101010
11100111001110000000001000010101
0010000111
11110000001100001011011000101001
11111110001100010010
1100000000111101110010111001
010001111101000110010100010
1101001001000100
01000101101011011110011001110
11001011001111010
110011101101101
000100
100010010001111101
1010000001101010101101001111
10101111110
0101110
000001111011100010011000000
01100100010010111100000111
00000111110101
10000100000010000110101110000010
00100101110001101
01011001
1000001110011111000101
0101111110101100011100100
111110011111000100010010101001
010100100010111011
01001001
0101101100101001110
010101
10110011000100111111110110
11011010
11
000000010100011101110110111110
001100010000010011111110
000001000110111011011011
1010101100100011101111111
01001001100010101011
1001011001100
100010011101010100001011010110
0110
0
000011101001000000100111
0101100000000001100100
10000101
0101001110011110001110101101
0
0000000011
1010011110010101110110
000000111010100101101110001101
110011001011101111111001
01010100
101110
111001111011001010101000111
1000
0010100011100101101110001
1111100001001101111
111110111111000001000010
10001100011011000011111011000110
01100000
1111010011
11010000011110101001100001
1111001100011111
110001111110100100000
00
1000101101010111
101111111110010110110000
10001
00100010011111111
1000010
000001011001110110000010010000
0011
0
0000011
10000001110010111101
11101000010000000011111010011110
0001111
00001001001010110011
0110011101001111101010
111110100101100100
00101111
11000010010011110
1010101
100010000011110101110100111
1101001111110010
11110101000
1010010001011100101101
11000011111100111010011111100
0011000
1100100000100010111001010
010000
010010111100111101011101
00001010100110011101110100
01100
1000010110000111111011
1100
01010010100010000011011011110100
0010100101000101110101101011110
0100100011
101000000101011011000011
110111000011001000110101110001
01001111001011011001010
0111001
01010111001001110001011
00111100011111001111111111
01000010101101100010101000
11100110001000100001010011000110
0
0101001001
100111011000101111
1100111100110
10010100101111001111000011
1001100100111110011111
11001100001000110011000010111000
1000000101100010010011101011000
111111100001001010
111000001100101000010001
0101101110
10
110111110000
00
000111000100100111110101011110
101101101010110110001
01100110010010101
1111000100100010000111010100
01011100100111011110000010010
000100010011001000100
1011110110011010
1101111100
00000110101110100110001
100001000001010010101001
00000010110010010111110
10001010110111010011100011110
1101000111101011101010010000
10110010001011100011
01000011001001110101011111010100
01010100000001000110011000001001
110
100111011011111011111000001111
0000110001110100011111100000
110
1110010111110101000001011111010
10000111100100011100010
10100010011000011011000100000
01000101111001111000
1111100000001101110001010000110
11001000010001110111101110010010
110
1101110000110010
101100
011011011000110000
111110011011
100101011111011
11111010011101
111000011001010000001
10010101111110011111000011
11010100
0000010100
01110000
10001000001001000
000000011111000011
0
1100010111100001
10010
00110110011010000110011111
110000001100011101100001
00100111001110011001100000100110
01100001010111100000000010010001
110000010101001010101001000111
000
0101010101011000011001100110
01110010011110001110000000
100110110100001110110110
0101011101011111000110
0001110111001001
1101011010010000
01010001
00
00101110001011001000001111101
1110000010101011000110011
001011100001001000000011111011
11100110
101
000110110110
001110110111111100000
01010111011010
0011
11110100110110000110010
0000101101001110111
0000101101000011010100100110
01110111010101001
01010100010101110111
11110110011001
1100011
0
10110111110001010
0
0001101110101110110011100101101
011110
100111111000100111001110011110
11010011
010011100110101001001100010
00110001011000111100111
110000000111011011101100011010
1001001111110110010000
10011110
01111100101011010010010001100
01100111110010110010
0111
01101001000010000010011000
101100110010000001
110101101011110
1110011110010111001001
10000111101000000000010111101
1101011100111011011100000
110110000110000111111100
00000110110000
00111110010111001
01110111110
0000101000011111010
01010110
00001001011010110110000111000000
10010100100111101110100001001110
011001001110100001001100101
0111010011001110000111
10001000100001011
1001100011000110
100011001011010110100
01101101101001001101001
01111
0010110100110100
100110010100
001011000011001101000110000000
001111010010010100110011010110
0011001111000011110110101000011
010100
0100011101
011000010001011010111
11111010111011000001001011010
0010
10010110110010110110
110
1110
01000001101001100101
000110101
111110
01100101
11100100101011110000010110
01111011111011000111101
010010110011001000111100010
000101
101110010001011111011011
1110
0101101001001
01100001100001001101000111
01000001011100001010110101010
111111101100100111010110100111
00111001101110
011011011
110011
0010100
110111010010111
01000101010110101011
0010111111001001111
101001001011111011000011011011
1101100110110010100010
10111001110111001011100
01010110111001101010
10111000
101000111110101001001100
01000100101
10101011011000110010011110000100
1101111100010010
111101110110101111
001010
01101111
00001001101100001111100011001001
0000101000
11100011011111
10101100100111001111111010101111
0011001011010110011000101111111
01
10
0011010011101010
110011110100101001010110000000
10011011011101110000
100010
11101001
100001010010001011011100
10000110011110100100101100110
11001010100000000000011101
011001000001110011
10001
0
1111101110
01111101
011110
01111001011100000110000000011
0001000101101000111000
011100000001
0
011000000110011110
1011110001
1110111
1000100100110001010011100010
1100000111100110011001111111
011010110101110111100011110001
010000001100111110100001
1100000011000110111011010001
10011101010
1100
01011101010100001
1100010000011000111
000011010001000111010101
00100010011011100000
0100001101
10010
11011011010101001111001100100
0100111001110110
1010110000
1011001110010100010100
10110100000010100101
00111111101100
11110
0110110
010101100001010010010111000010
10111
000110100110
011001100100111000011
010010000
101101101
00010000101100
10000111000110
00
101100111101001100101010101100
10
10
1111001001110110001100
0
00001100100001101
001001110001000110111011
11
01010011110111111010101001110111
001001101110000110
0110101100000001111111110
110
1011101011100111
101001111111111010
001100011011
11011101101001110100
0010001010000100000110001100
001110010000100010000010110100
0
0001000101111010001111111010
01111100000001100010110
011101
010111100011010001001010
1011000101011011010100
1001001010
0000101110100100000
011111101010111111000
0010000011100011110100111
01100
100110011001100000
010101111011110
01100001
0010
10
01110000101001
0101100110111
010011111000000100111111
00100011111110000110110001
1111101100
11001010011110000001001000111111
0101100010000
101011011110100101111110011001
1001110110101001
00111111110111101000111111001101
01001101000
10110010101101111100110001101111
001111
10101110011011100111001010010001
001000000010110110110
000001110001110000110
00
1010110110000001001
00011010110110101001100111
101100000110111100100001
100000110111100000101000
11110001000010100010
001101110000
1111010101
10010000110110011100000001000
01100111011101
0101
0100100
001111
10
11111101100110
011111000001100000100101
01111110
1001101
11100010101
0111010110010110010
00101011
11
110100101101011010001100001101
011000000001110000001000000011
10010000101010010111100001111101
0100000000
011011010001101010
1101101001100001000101
00
11
10101111010111110100110111110111
00101010111010011100
1100110011000111000110
10000100100111100100000001
0110100100110010110011010110
10101010
00100000111111100
011100010101
10010010
1000000011001000101
10011111000111001000
100010011101000
011101110011
10111
011110100001001011000001
00101111010100101111110
00000110000100000100
100111000001
10001100101101101110101101
1111000000
00100101111111111010000111011
010111011010001
01010100110010101101001011
100110
10
1100100011010010
10111110110100011010010110100010
1010100101010000
01001
000000111010111110
111111100110011001010010100101
101010100010010100100000011
0001110110001
1110100101011
01110010
010011010
10101110110011100000010110001
100110110110011000
0101010110111101111101
0110000
1110
101001111000011
1000010101101101
001000101001100111
111100001000110100
01011100100010
0100110001
0001011101011111101100110000111
1111000110001000001011
001010111011011101
01001011111110101101001
111011111
1100001000
1000100000101110001010
110
0011
111000111001
00011010000010100110011111111111
1110011000011100
01000001
11101010101010001001110101
10001011011011
10
1100
10101100101110011111010
1001100010010000010110010110
110110011011100100010010110000
111010010011
0000101110111111011011101100
110010101011110000100101
110001010000001010110100
110110000010111000011
1100101100101101000101100010
00011111011011101000
011000
1100001110111011101001000111
1010100001100010000111
0110
0011010100
010011101000001001111011
01111
01100100110001100001
111000111101001110101101100
00101100001000001111101000000111
01001011001100000110110100101011
010011010000110111100011
0100101001010111101
001111000100000110
101010000110010100000100111111
10100100100101111111100011110110
10101001101001100011101010100
000100000100
0011101101
100100100101
10001
000110100100100100
101101000100010010111111
01011101101111000
111111101000000001
0011001101
00111101001101110100000101100001
0101100101111010
00010111011000
0001111000111000111101000
00011111001010011111100001011
11101110110000
100100111000011110110010000001
01101100110000111011101011111011
1110
11001000
0110
0111010
100101101000110000000010
10001000011110010000011001
01101110010111100111
111100110110010111
0110
0011001111100100
011110100110111000
0
01110100100010010010000
110111111000
1010111111111111100000110101
0011111100100101101110
01011011110110000101
1010
10110001101111
100010010011110111001101100101
11001100110111110111000
01010111111110101001100111010100
0
11110110110
10010011101011
1100110
11
1010101110111001
01010110010000001110111100110000
001110001111010010
101000110
11
0
1000101011
101
10100011011011
011111101000010111100111001011
11100100111000101101101100
01101001100001000000011
001111101110111111110
010101100110
1101000101000100101100
011011100100011001011011
000110111110001001101101010101
001100
00110111110100101011001110
101000
1000001111100
10111100111111010101011100
1101111111
0011010110110010
01
11000
0011000011001100100100010011001
011011010000111110100110010110
010011101011010
000111100110
110101000110110111
1111101001101001
00110101111011101110101011
0
0101010111000111011101101100
101111
1111101
00
1010111011101011010110
01101011011010010101001001
0111000010001001100000
11100110010
00011010000000110111000110100110
000101100001110000
101011011011
1000101111011110
0100000111
110111010
100011001001
000001110011010000
011001100111
11110001011111101111110001000
100000110100111000100010
0001000111010010101
101001
01
11101101101101111010110000010110
00011101000010001100001
111101000110011000001110110
10010011011100111
01010011010111001010011111111010
0100111110001110010010100
1000011010000000
000
1011
011100010001001110000110000001
01110100011011011
0011000
1110100101100000
011011101001100101101101011100
111101001111001100111010111010
00100110111110
1101101010010010100111
01
10000100001011
0111100
0101001001110
10101000011101010101000100
000001000101111011110101010100
110010101110011101111001101110
11
1000111000011
11100011
000101101110001110101101011001
1101000111010100011010010
011100
1000111110101101000101
01111100
1001
11011010110101110101010000
111000
111011011101111
011101011
00101010100010010011000011011100
0111000100
11110001101001111101
0000111011101110111000011000
001000011101000101
1100100110011000010
10100101000101100011
10
10
11101100001
10011001101011101011110
1100110010
10011101000010010001110001010
01101010110001011001010101
01
11110111100001
0100110010011100110100
0110010001110001100110000
10010001111001111100011010011100
000100101001001111101100
01110100101
10001100101000011000011000000100
0
101101110011
111010000001
110110000001101111001000100011
101111
111100001111011111101011
0010010001110111110000
100001100111
010010110
0100
110010010001010001111101110100
1001101001000111100101
00
101111110000111
100111110111001
11110
00100111
000000000
1110011001001001101011010001
1011010011011
11010101000010
101
011
010010011101100010000111
11100000010001110111
000111000011011010
10010101111101100100000000
01101100001010
111001101000
101111111101
010001010011100110100101001011
101
111001001100111100110010
10111101111011
1111110
01
01001011
0111111010111010
01010100111000110100010000
10111101001010110100101011011111
10111110
010011
111010001101000010111010
01010111111001000000110011
1011110100
11000011010111101000010010101
100101101000
101010111011
01111000001101010111110000000000
0111001
001000001000011010000010011011
00000001000000
1101101001100101
0
1001010110100000000
1100110000011001001101
000101000101011101111111001100
100011011111111011
01011010011101110101110010010
10001000100000110010
100000001010
00111110110100100100100001101110
1110001000000001100111
0001110101010011111111
101
100101001000011011001101100
0000111011111011100110
001001011111110101100
000011
00010110111010101011
0
10001111
1101110010111010011010
1000101111110100000101100
0111
0
10110011111
01101010001101
001101001
0011
101000101111000010011010
0101
00
0010001010111110000011011
00101011010100111111
10111100100000101110000101011011
111000101101100111
010110110100001101000010000001
11001000111100000010011010010100
0011101001000000000001010011010
01000101001100
001000100
0010111010001
010001
1100111011101100110001111
110001000010011101011111111011
000110111100110010101010111101
100011011001110001100
1010000010
111011011111111000011010
11100101111
11010100101101
10110001000110101111010
00010011001010
000
10100100100111
101000010100011011110
0000101001111000000
110111110101010101000011000
010111010000111001101000100000
11111100100101101000
110110001111000
1000100000101110110010000110111
100100010010011010
11101101101
1010110
111010101110011010
01000111111010000101
001011
1101010100
110001111101110010
10101010010000100100
0110011011100001000110
0010110111
1111110011
1001111001110110101101
1001001110010010
10
00
01111101100111100001100100100011
1001000100010111
0111110010110010111
1011010
11101101000000101111
01110100101101
000100
0000000100011001001100
10
0111010000
100110101010111010110101
110010101000110100011000
00
11111011000111011100
01
1000101010000111100010
01101110000110
01110001001110
0111101000000111010010
11010000011111100011110001011011
011000
10110101100011000000
0110111111101011
1001110101000111001111
01001111010110
10100101011100100010110100110011
1011010000011111
01110010100001001111000000
10111110001011
000101
10
11110011
0001111001
00111110000001
0100
11110110010001000111100001111
0110010000101001111011
0010001000000110010100101000
00110011011100111100010
0010
1100101010000101010011
0111
001101011000001
1110111101
01101100
111101100
00100100000111011111011001
01001001100000100001
11000000010110100011010101001110
100001000
0011011010110011010001100010
101101011000101101
011011
11100111101111
11001111111100110101001101
10111000100100000001
111110111
1000101001000
000
0111111010100000111101
0000110110000
01100011001010011010100110101
10010110010100110111111110000110
000110100111
1111110101101010110000
011111101111111011110001111100
11011
1101010010111111001001001
0111011011
100001000111001101011110000111
00000011011111001
1111001000100
00
110100100110001100100111110
11101000110110001100101111
1011001
0001
0001001010011111001010
1111010111
0110110111001110100110
101000100010000
0011001110100
101011
001011011111111000011000
111011111000000111
10100111001
0010
0
101
0
00
000100001100110000100011110101
0011
1110000100101101101011
100111000011100010000
1010000111110010
111100011001011010010011
11011100111
10111110111110001000001011000011
11
000001101110001000110111011001
000000000111010
01
10001110001010111110100
1010101
0
1101001111101111100111
11111000111111001001010
110001000011010001100101111111
001010011000010110100110101100
001011001110010101111100110111
10010
0111000111101110100101
0101001010111110111110011111010
1100111100101100111110011101
110011111011000111
11001100101101110011001100
011111111000011101000
1000
0
110010100100000101
010111110011001100100111
1101001011010011011100111111
011111001110101110
1001010011
001111100100101100011111
1000100100110010001001010010
11111100
101111011101111101000000010100
100111000
001001101000001110110011000011
01111100001001000010011
10101000111011101010010001
1111011
11
000
1110100110110
011
11000111000100101010
00000010100000000011001010011
000000
11110000110010100011111100010111
0111010000010001110000011110
00111000
11011011111110
0110011010001010101011010111
01
00010110100110001110100100
0101011100010101
11101101110101011100101111100010
11
01110011110011
1010000110110101001110001
01010001101101110100
11101111011101100111
11000
10110011001101110011000001110111
010110010010111100
1100001001000111110011100000
0101010000
11
11010100110011
011010010111100000
10
10100011101010111011110
000011
0011011
001100
110101000
00000101000
001111000111101101111001111
1011001000
1111011000011101
110111010011110110
1100100010110100010001110001
10001010100001010011
0010111001010110101
01010
01110011011011101001
01101000111
0001111000010101101000
100110101010101100111000101
0
0011011000110111001101110001111
11101100110000100011111010
000010001110101
10111100
11000010011110100110
011001001000011011
00011001
0000110000011
100111000011001011
1100011
1010110011110011001001101010010
101110001110010111001010
11101000
0010010110
1100011000110010110011011000
0000100101100110
101100010011100110
0000101010
1001011100100100100001
010101
11110011001000101101010000011010
011001111000010100101111001110
0011010101110110100
1110100
00
0011001110010011100110111011101
1100000
110111101011
11000010100000101110000000
1101100000011010010111010010
110111010010111011000
1111010110
0111111
1101
011100011001101111110000000000
10011101
00011
1100
00110101101011101011010111
011010000001
01000011111010010010
11
1110000000110111000101001101
01001101001100100000101001011
00
11
111100100100
111000011011111101111100001100
0011101100100010110101101000111
1001101010001110
00101
0010100
010000
01010110111010110001100
1111101110100100101101001010
0010111100000101010111
010100010011100011
01
10110000010001000110
00111000101110100
111010011011001011
10010001
101001100
1000000101101000101111011011110
1111000011111001
01011011001010011100101110
0110000110100001011101111001101
1100100100111000001000000010
000001011101001010100
101011011101111001001001
00110001
00001001000011
1110111000110100000011101001
11111101010011011001001000101100
001001011100101011010101
1110100111111111111011
00010101001110011110100101110100
1000111010010000001001101
0010111101010110
100110101000011011011110100100
10
010111110000101010
11001001100100000
00101
110101
110110111011000101
0
000101111101000000100011
1100011001010
1001
101010110111011011001010010110
1000101000101101100010011101001
0100100101110111
0101010011010001
10010001010100111001
0011110110000111010111100101
01001
0001100
01010111010100010
0011
10
11101110111101011001
10111011111000100010111111001
0111010110010010111110011110001
10010110110000101011000
00111111010001001111010101111
0101100010101110100001
011000
011110110101
1111110101100110010111111011
001001100000100000
000100101101010111001
0100
001110
010100
000101001010000
0101111011101000011110010101
011011101111111000001111011
01110001010000110001011100
0
1001111010110110110
11100100
0110111111001010
00110101011100000001
000011000110000101
101100011101000011000110
101010001010011101101001011
00000000010011011100000010
110000100110
0101000001110010000
01000011
10001100
11101
1111
00111011101000001001100100000100
0
11001111110001010110001100
101000101
001000101001
11001010111101010001011111011000
001001111000
01001110001110111
110101001101
0100001101100111101111111010100
0
01101000010011110
110010011001110100110111101011
1010010001101110
01111000000001000101100
1001001011111000001101101110
10000000111000000000000010110000
110110011001010001000100011
011
0001010111011100001100
111101100100100110
1101110001
011010101110101100000101101
010101001110010101100101111110
001100111110
0
01011100110110001010011
011
010010001011111011101010001101
001101
01001000
10111101101000
0110110
01001111011000010000001010010010
0
11110110101
001010000000101100110100110
010101110001000
0
000010011110111
110010
1011
00000010111100100100111
10
00000101101011000100101010000100
10100110011000101
1011010111111111100110110110
1110010
0101000111000000010001111011
111000101001
0101
0
0000
111010011001111111010111010
0000010001011010000011111
111111111000001111101010
010111001011
1001011000101
00100101101000010
11000011100000101100
1010001010111000010111
001011
10110001111111
1110110001100011001001001001111
010110111101011000011101
11111100000010111001111001110010
1100
0010001101011101000
101001000010011000100110100
011100010111100101010100011
0100
000011100101010110001000010
000111000100
101010111111010000110100
0001001
100110010000100000011101111
011001000111011010111110
10100010001
010001111110
11000001100110
10001110
1000111
1111100100101111111
1010000000001101110001
0111101000
001101000000110001011
00000100001010111
0010010001000110100010
0100111000111111
0
001000111001011111001111
01001010100111101111001010
1011010110110010010000
01
11101
111010010001000001
11111101100100110110
0100010
10101101000111010110000000010001
11011000110000000
0110011010101101100
0101011010000011
10
10100000110111001011000010
010010
101111110101000100011101000010
0
000111
0111100101010100011000011011
1110011000010001000100
1011101111000011
0101000
0111111010011101110010000000000
10010101001001001000111
011110011
111001000111
011101111011010
0000
0001001111101011100100010100010
011101010011001111000000010
011010
000100
101000000100101010000011
111000010011101000010011011010
11000110101000011
00110011001000010
0100001100
00011101110
001101100100
111011111110011000011011100110
0011100010110
00010110011100101001010100
100111111110110101110011111000
101011
01
011010
001101000000011010101
110001111001000000100
000010010
1011001011
00110
000100011111010001101
01111000100010111000101110
000
11110100100
110011000100000000111011
01
1101110100100110010001100
1111001111100010011
01000011010011000001000000111
10110010110010001
00110
1101
0111011101110010011101100110
10000110111010010
100100110010001111011000000101
0011000
000010101011111110
01101001000111001011100010
10
11010011010000
0100
0001010001001011110000101
10
010010011
1101001000000101110111100
101000100001011
100100001100101
10010101
0101000100011001010101010111
0011101010110110001110000110
000110101010100001
0
00000011111010010011111010000011
111111111001011111
1100100111110010100101000001
0
1101000011101101
11101000111100101011010101
11011100000011
011
1000
111101
011011110000110110110010
11011101110
1101
11110101010110000111110
11000110110110110
0
11100001101100100110101
01010011011100111000110101
001000111
111110010100000110001001100
01111000101000111010011
11110110010101100001011111000
100101111000
010100101001011111
100000000000000001
100101100010111100
011
0001001100001100
01010100100001000011100100100101
1101101000010011100001101011
0
011000111001011
10111101011100110110000000
110101100010100010111001111011
0011101
01010
101100
10111001
01000001110100111
100000000111000
0
10111100000000110001011011100000
111000011011000010010111011
0111010011111111011111101011
10101111010111011
1100101101010111111010111010
011
1011011111111111010000000001000
011111000001010111010010101111
0110110010100001000111100011
101
011
01101100001001101
0101100110010110
1101110101110000110100011
01
11010110010110101110
01100010111000101011110000100010
11001011001
101100
111010011110110
100011101110100111000111101
001101000101101000
01
00101101110111001
010000010
0000110011101110110
010010011
110
10010
000011111110011100101
00100110010101101011
111000000111101010100010
00110
10001000010010
01111
10100101
10110110
01111110011101101101
111010110111000111010010
1000
0101100111110
11011100011001110011000
011
011101011000101
000111100101
0010001010
10101110000000010000001100
1110000010
0011011001110101
01101111110
10010101111110011111100010
0011101001011100011101
1111100101001
0100000110100001000111110
0
011111
0110011
00100000000110100101110110011001
0110110010001101010011011111
11101011011010100011101010
00111000110010010010
011111100011010001110111001110
0001000010
01000101000101
10101010100101011100
11011
0110010111
1110
000
1001011000100101
0011001110
0001001011110010010100011000
010111001111101001111000
1010
0000111011001001
1010000100100001
0111011010001100
0
10010100110000100
011110101110011001101100101
10100011010001011111001001010101
00010001010111001010101000101011
10011000110011000100010110
000000101110110110111110110101
010111000000
000011010110011111110010100100
0000011001
000110101100
100100101000110000111011
11000111001
0101001101011010
101
1001111110011100101010001
0000101111010011110
1110010101001111100011
01111001111001001
00110010111110000
001011
01001111101001111111
011000001111
000100110000111010011111111111
000010001010010
000100110001110010
1011101101111001011001001111
10111101011000000111
10000100110110010011010001
01110001101100101010000
1000011011001100110101010000000
0000110110011011001011011000
000000100010110101000000000
01011000010
0111010010111101010111
11
1011001110001000
100011110110110111111000100
00110000111110110001100010101010
11110111
0110001001111101001110
000111111001111101001110
0100111100100011101010001
11001010
11110000011001110110
10101100110011000110
0101010001
11101000110010110011100
101110101
01101000000011010101011111
0111100101011101111100
01100010000100000001010101
110
1110101010011
11111101
0000010111001101
001011110110000010100111111011
111100000100000001000101011101
11001001011000111011001110011001
00000100000000100110
0111100
1011100111110010111011
01
1111110000111111110
011011
0000100000100001010001
1000011001000001001
11110110010001001101111111001101
1000011111101101
00100000101001111010000000011
11000110010001111100011110
0101000
111110000101
110001110111011100011000100110
1011010
11111110111101
1010001010100101110111011
0110111110
1110111110101111111
0001100100
101101110000111011110000010
10000011001
0101
000001101010111010100000001000
0
1010000
0001101000010
0001111110010101111
01111101011100001111
1111110110010100
11010000010111
0101110000111001110111
1110101110111111111100
010010011110111001011
011000011111000111
1111110
100001111100100101
011000100110101111
0111010011011011011000
100000
01111011111001100110010110011010
00111100001110011000100110
1111101
11001101111110111011100
010011100001
1110011110001010
00000111
01000100001001001010
10000010111111110011000
000111001001111011
0001011110010
010010100111000011111111
0001101110011110100001100111
00100000111111101100
1010100001000010011100110111
000100101001010100010100
01010001110010001101011110011010
1111000000101000001101101000
1001000101011000010111000001
0110111000011110010110011100100
001111110011011011
00010011
1000010001110100011101010101
00011011111011011000010100
000100111100100100100011110
10001001110110000100101110
1111101101000011100010001100
000000100010
0110000001
10100111000001010011000001
01111011110000001111011001
111011
1011001010110011101101
10011001111011111011
11100110111
00010100000000
10
00100001001000111011
1001
10100001111001
1000100000010100011
010010000
01
00110100001111110111001001
00011111100011
010100
1111101100100111111
0011110000100010010001
001111001110000101110000
0100101100110111
1101
110110000100111010010100011001
0011
000000
11
0001
11101101001001010000
1111010101
010000
1100100011001
1000101010100110100010111010
1101
0001110010100011
001100000101100100
101100
0
010110001000100111100101000100
11110110
00000
100111000000110010101110
000111000001
001101000100100001100010
001001011101000111101100101
1001000
0011011001111
001101011000100
01011011010
10
01001110010000000000101011100
01011111101111111
001001000
1100011111011101000100101
010110110111
10111100100010100111000001
110101000000
0
0100100
111110
110111001100100
001001110101111001
00011111100111
011100010000101001010101010010
1101111000101000101
1101110000110010
01100011100010011100
100001011110011101
000001011101101111111011
11010000000111011010
1100110001111011
101111000100111110
111010110
111010101110001011010001101010
000001011101101110100110000
101001001
0110101000
01
01011110111001
000000110000000000010111
01101100111010000
100011101011010
10111
010101111111100011000
1011
1100000110
1010000000001101010011011000
000011101
101011100001
11010000111101100111010010
01100100
100010001100111010001001001001
1010110100011111000001
01011111000100111001010101
1101100011101001001
0
111001010101011010111100
00111001110001001111001110011
011111111000100011010001
1100111011010101111000
111100011110
11101
1100011011111001001110
0101101011010101
1111010100001011001
0
101111000010
11
10111000011000011011010100101
11110011101010011000101001
110001111011110011
111000011011010011100100010010
100000100
000010111
000
01000110
01101110101010111111010011101111
011100111000
0011
111110100
101100010011
10
10001100011100001011100
100010110110101000000010010010
101010010111011001101100101000
01111
0010000100001000101110011000
0000010101101010001100
1110000000101100
10100100111111100
1001000000100001111001110000110
10000100111111000
10001101
1111000110
11100101000010010010
01
1111011100010100111001
0000100000
111100100101010
11101
1011000000100101000111000111
1011111100111100111111
011100110111011000101001011011
01100010001100000000
001011
1001001101011001101111110010
11110110110
010000110110111110011
11101000101010110011100101000101
1100011101
0010001101010110010100010011000
01110011000011100111001010
1101010
1111011100101110100001100001
101111100110001001000
01101100
01010110101111010
110110011100010100110100000
1001111000100010
10001
10100
000101111011110001101100010100
000100101111
111010000100
1111
101
10000101
1001001010111001
1100100101101001101111011100000
1001101110001111001101000100
11000101110
0000
100110001111110010
010011111110011
0110010001101
00011110010000100001
01001
10010111101100111110111
11110110000101001011011011100
10100111001001011010110011
01001001001110110010110100000000
11110111110100101110
101000011100001
0
101
100000
10010000110011
011011111000
01100111110110010111110100111000
1010001100101001001001
0001001001100000010111
01000101001100111110101110110
110111100101001001111001100000
00000000010011001111000101010110
1001100101111111111010100111
1101000011000000111110110
0
01100111
101000011010111001100100111110
1100101111111
0110101101110011011111101110010
01110100010001011101110111
1001111111000010110000100000
01110111101100111110
0
01101000010001001110110111010010
0100001100000001
110100011010
0001
110101011001
10
00101111101100000
1000010000101010100101011
10011100001100
00110100001011110110
11
0100010001
01001
010011
001100
110000
111010
011101110010011010111000011001
111111011001010001100100111100
01010000100011111110001100011011
101110
111001
0111
10
0011
10000100111111000
0101100010
000110000100000000100101
1010
011101100110
1011100111010010011001
1100110101110
0111111001111001010
010000000011000111001100
1110001
1000101110010101
0010000111101011
1000000001
001101000111101
0001111001
010100011001101000000100000
0111
110110010010010100
011100111111001110000110
1001010000100011
0
001010111110011100110
00110111
100011011001100011101110000110
10001010101110000001100000110011
101001100011111110001011000
000011
010011111010011011100101
00111100
011010001001001011
100111100010111000011011010100
01111
0001
0010111101000000101000001000
0111111100
1110001110111010101101000
000000001111
010011011110000110010
101
11010010
100000
1000101110110110
0100010111110010111100
0000111110010
0011101101111110011101
0000100100011
111100000101001001
00011100
10101110010001110101111000
00101011111100111001101
110100011101
001010001000011100010000
0011011111010001001100
1101
011111001111
01
110
10110001
011011111011111001001
00010000101101110110110010
10110010101000
1111111100000011
0101
0010101011010111001000110
0000101000101
0110110101110011
0000110011
0100101110000100
01100111
0011010101011011
1100111011111
0010101011
111001011011001111110101
10100010011111011
110100111101100000000110010
1001000110001110101011
111011010110
10110010111001010010
0
11101
00
110101110000011000001111100100
11100111001110110100011011111001
10100011
1110
111010111111001001111101
0
001111011010111010000110101110
011011100000010100
111011001011011
0110
00011110010001010000
0010101001100110
10011100110101
1011011101100001111110010001
11101000011101101011000100
0011
0111111101101000110
001011011010100111110100101001
000010011100100010000101011000
01110110000111110111110000
10100111101000000000
0011000000010010001111010000100
0
1101110101100
0111000011110101011101
000101
110011010010011
1010111111011000
00100001111100110001010010
111011011001
10110110001
100001000010101100
110001111011011000100011101001
011011100111011110100010011010
010100000101
100000100010101110010001011100
10010011001100
111001001011010111010101000010
0110011110000100011001101
011010011101111100
11110101011111101110111
010100000111110010011001110000
100001101010
111110111001101101001001
1001010000
11011100011000000110100101000
1101101101001111
11001000100100010111011010101
010111010111
01010010011101111101110100100100
111100000111010011000010
1100001110100100010
101001110100111010
0000100000010011011111
10001101110111110110001000
1111101100110001001011
110000100010110011111010
111000110001101
1101
1100110010
1100000001111101111101010
10101010101101110
1101
0001
001000010101110
1000110011101100011
11001110001110011111010
10100111
1000001100011011
1010111100101010
000001110010011101010000
10000011010011011000010010110
1001
001010010001111111000
0010110011101011010100110011010
1011010010111101
001100100100111110000110
01000101001100011111
0000
010000111101100001101101
0000001000011100110
100111101110111111110000101100
01101011000011101011110101011011
110000101011
1000010
00101100100011000000
0101
0110110110111111
111110001101101001000101110010
100111
11010011011011111
1100111111010010000011100000
0000
1011011100100010110101101
110011110111010101100000
0100000001011110101010111
11011111
1111001110100110110
1101110110001100111010
010010011001011001001000010
11101110101001011110
1111010011010001000100
0110000010110110110100001001000
101011010100101100
010010001100110010100011110110
110
010000101011011011
0100111100111110010111011000000
11101011000010010110
011001111011
00000001100111111100010
01010100110100101010000111110
00011010100101
0001010010011100110
11110100101010101111111001101011
001000000000101111
010001011111111111110100
01001000100001011010
110110011100
10000111000101010000010000
0101111100001010
000110100100101000000
1110101001101001111111100100
0
0111011110
000001111
0110010101
01100101011111
101101110011111000
10000001001011
0001111110010001010110001111
1110
1101
001010
00011110111111
111001110011110
111010000
000101
11100100010011110011110100110
11010110010101011
000011101010001010
1000010011101001100101001000010
10
10
10001010000100101101010001
110010010010
001101101010000011110
100110
001001110
011010111011100010
000000101011101111000001101
1010101010101001010010
0000111001011011001001
10100010101001101101111110
11110100010011100010110
001011111011111000
01111
00111000010000
110001110110
000100000001000010
011010110010011111001
11110101
101100010011
1111111101
1010100011011010111100010110
00011110
10100101010000000011111
00011
00010000100100
10001
11010000010101000011101
01011000001100010000010001010000
0101000101011111
101111001100101101001000000001
001110100010111010110100
100011011001100111
1111110101111011100001
00011101000110
0000010101011101010
1000100111101010001000011000001
001110001011101110101111001
1111011
011011
10101110
0
110011011100010100111110
0
0011110010101010101001100111
00111111101010111110
110001011000110100
110001110011
011011111010000001000010
1101001010111000110100
0100101010001100
10101011010
1100111110101001111001011101
0100
1001111110101001111111
00
0000010001001000000000
11100000100011101111100
001000100100111001000001
101110100011101111110100001
101111
101010011001110010110011100
0100111010000111111100
1000001100001011101010100
00010000100000
111101101001000100
10000001101
11101110101110
0
11101001011111011111100001000101
01000000
10000010100111001001110010
000110111111110000011111
001000010001101011
100100001110001
10
1010111010101111111010
00111101
001100100010000011101111100
100101000011111000000100000001
0110001000111
0001111000
0001100110010110001110
11111000110100100100110
0001011110011111100110111001
1000101100001010
101000001110001101
1000110010
10001011100101000001111000001
110101011
0100100011011010010
01
1101001010
111000010000001100
10001
0010111101
1000111111110000
00001100100100001001110111
10011011011001
110000
0
1110000100101
11011110011110111001
01001100110101
10011000100010
0
10001001100100111
00100010000100110010
0101000111110011001111101010101
011100110110010100101010
111111110001111100
010010101110001111011000011
00101110010000011001110000100001
000000
0110100110011101111
011010000110101101100110010111
1001110111000001011
01110000010000111000010
1111011
1000
1011110101100111011100110
11100110111011
01001100011000111001100011
1010010111010011011000101010
11101001011101
1000100111100111
1000101010110001
1100111001100111000010111011101
01
0101000011011111111010100110
010001100011011001111001000
1011010001101101
10
001000110100011111011101101100
10011110110011111001010100
110000001010001100101
1110110011001110000110
110001010100001000100111101
011000101
011011011100
1011
00100110
01011000100111000110111
11
011001110111111001110001111
001000000100001000010
00110100011000101110
0
110001110111000011
1011
11110101010110001
1000110110000100
10101101100011011
11100110000111001010100010
1100011000100000010
101010100011001001110100110011
1000111101011110101110100110010
100111110000110
1101001101111101100111001
01
00000
10111100001001101110010
1000111010001100101100011101101
110100011100101111000100000
11010111101000101100000001
1011010010111001011010110000110
1010000110000011000
111101010111010111
000110001100
11000010
10101000111
10111110011
010111100110110011
0110000011011110
10000111011000
10000110111100100011
10011011101100000010111
0010101000110001010101000001101
0110110100011010010010100111011
00010101101111100011
0010101011101000101101
0
0111100001
0
111010100001
00
1100110111000110
011100111010110100101000
01
0010000101000101100100001111
111101
110011010100111111
0000111101101100
01000001001010000011010011001011
10000000110101110010101
00000100001011111111011
00010100000101010101101000
010000000011110100
010000000010101100010010
0100111110001111011101111111000
0111001001010
110011110001
101101
01010100100011111011000001001111
011111
100101110001011
0100000011100100011110111
0011111100001001011100000001
0
0
1100100010000101110110000
00
11111011101110
0101100100100000001
111100010010101110101010
10000111110101
01101101101001000111010
1001010111111000110010010101
00101
11011111111110101
1000100010010
01011110
01010011111000001100
0011000011111101001101
1101010001000011001100101101111
001001011000100100000010
111000110101111101
1000111
011
00011101011
01001010101101111010001
01011010010011001100010010
000101111100001000
00111111
010101101110111101011
100001111100101010001010001100
0010010011010101001
111110
11
0010110111001010
100101000100
110001001010011001011100
11101
1111111001
010010
101010111101000111001001001001
00101100111001011100
110
11000101111010001010011
110011
100000
110010110101001011110101
11101101000100111011111000
1111100010010100110010100110
00000011100000101010
0011
10001010010101111101100101101
11001001001000001010001110110100
111101000011000011
10011000110011111110110011000000
000111010011100000101100101
010101
1111101
010111111110
010011000101
1111011
110
10010001111
01100101000010011000100111
11010011000100001001011010001
010100
1010101101101001
00011101
0001
100110101010
10110110
10110000111
11110001001011011000100100111100
0111101001110011010010011111111
0011110111011010000010
110000011101110111010100010000
1011011111
111011100101110100
1100000101001101001100
1110111011011011
000011011
10001010001
11011001
0
110010111011011010111
1001100110111001111100
110100100101101
1111011110011101111100011011
1100101101000010101001101
1110010101
001101100000100010001010010100
01100110
100101010001
11100001101
00100000110011011000
110110
010011
11001100010101
10001100101100110110011110
0011111010100100001000001011011
001111100111111000001111011101
110011000111110110
11001111110011
1010011000000111011111
00110100
01011011000111001010
01
01010100100011110010100111111100
0
10100000011001001
0111101011
10001001
10100
00000111001100110100001001110000
111110101110011110010001
11011011110101101010100111001
101011111011001101
00100101100111010000010010000101
1011100110111000
01
100011010100100011
11011101001011100
11111011110011111000101100101011
00000111001001110010111001101001
111010000111111111
00011101110111001100001101010011
01010
00101000110110000
01110100000101110000
1000001011
11100111110111011001000101000101
10
010010000001001110100000
100011110001011110
011000011001101000010101
11010000101110100
10001010001
10101000100
010011001
110
00010010111000111110000101
00111100011110101101000011000
11001001110110000100100
01100100
0111011000100101
011000
000011110011110100100100
00111010
11001110101110110000010
111000001010100000010011
101111001111100
01110111
011000
0011001010100110011010111111
00000100010000010100
000111111100101010
10
011111100111
10110110
000110110110110011
0001001001101001
011001001000010010001001
1001011011
0111011101111010010010
1001
10111001010
01010100
10010100111111001
01001110111111
0011100111001001010111110011
0111010010111
0011010101010101101011110000000
11111001011
110111001100100101110
0010110000
110110000110
001011001111011111001100
00111000111010110010110000
0001
110100100011000010010011
1111111010110110000101101110
11000101011100101010111011111010
0100001111
0011100011
001001001110000001
10111111
01101111101010010000101111
01
10001101111101010001001010
01100
01100
0110011000110000001000100
010010110101111110
01000100101011001110111
10110010110110110111010000
101011
01010100000101101000
0
110
