8916032917812018912010621959395
330497814
239814400927026
613825674888312
33499254005
026762294658619
5219408188499895438
9010
422475
954382390
3232187033567
41858010241712
403329406
35152988284481
490952658499390437557985698553
4433194
41173
236
2398521038507
0653093827897689085
60637375250151356553502467593
838136501007836194
43892180588380856768646969822471
1091194926
0057821275618508937504853
3132482895028352062191542491
97368
2906355
782649781654791786185
42709772713443009
69
697576068572598
298346653637930219884
18672578183
449487396919543880310
6452436298743522025508119685339
82878235934765996668311396
4551497382829503821317156
31159
397887
678363639789436062
51680499946731
0803185180015751
79893462645
817
73156999713635982041545258243
7786198358088
972638605086
5946837103727572493522682524704
29267798
5552909703
73678
284752658380431546984888927352
15402701002840467092372076532212
583216646137759848829721153
4995447695746
943674028773
444384367593388164139187162
96659523591639446800794
27479501325827
9917238186458860672067
522275110412402922
35681141250303420389701803175
121
39415222444320926543134484122
8931423696206186355476814
875864382862296993543
6803617341254923
139575482537056
2801637454782
1697067809514735
14496838072260347990986912847
23103499990547546
06391035468204353061
527537438034360535364568
6686859434311636203259160445
214202654191215396
66152295112335
430
7789
112317152248359412818333442091
23040827333
08809224588396564090347093
739672627092614360644467
506834985291282104
6169672
5063757640278468126975219833438
6189799151
6912433158895742
1432923557922210385536498
15153357421188
510900570036217933904670
87467820
9094
64369193192784400165380
256631459633143675830
42905200415750711562050
05
07825863245264
1876098631285872349099622239152
45834729189649
787717648682826
8
015028829527279361735534602717
7427557336684553966748824395
01684563154241597848334787
45
230075875819
339588669208027917004336084
5655746677390
6745163385478180
93174140878405
91030791310630940068458175442827
34317247579914989378933532491
6015153955280
95170455066864259394
24
5851655147479334168
108919948424687336541246336
586176418243388799353
679
16113391625443223274537075
84095
5
4369128618819
128261324878297105
40787720250862305471937874
14172102021579647378595153925997
685525
1625340574438053418422
66117801563560016
45159
023
487870799544813348549062038906
713631165942746615102751
82913959910194311652
05313986103608097138691209
8714301440581039
63748517675625
50468
656128488202305788
4347894094335830542576
622986969331966
13935196187351950
3
080839523682190
950327723262946416614514221469
1401
6568869108385
016904560
365184
289841849853507259713
537055915992974523206505517
3889387986691260555308460
0317
5052552920292269596567
665647313515083093139696246690
195280412199713685540135860439
9288
939816341673988501091620
382526025175950714222494564510
8597985389366404942141518055172
323
38593546817385623
821943096643532059
271077522570935
20659512570533551410254850
20755955364090930305815810875024
3126809363531
8020163
9064905015
985704457693
494031273213
6810022041984076567344
488170755379931
44072289138775984357057
94455605002602146472900751409
878536524557
4617330347506589758837
86500538341
74065394765939509756104
19083577171040173216613343
9751509
3633619518148177725793035
3422462311677766
8519740269851845094414196716085
9
7084388111219565558
9225
5929178105034365292696684
2
55
41120373194301256009386922704986
4499
3432793
8195761994454527724484492303
1322136458370828947
964527740243
7601263327881
28900
92836671106608852900542125063838
31444974755679390666149023271
52553866484216956602939
8436109352898
7752290936090
60487158012134170362890
225875382639133349422709166
89792605478731727495998
77733388941386462603494599755893
0496421997516703140
27730675774263
0397616862663940416674804801
086301155014092914232910
79838251498944
5809672761863491194989641533
0495
3873285736819724403
17253779444650540224
2355506151
26403958426470957440
665253585085851206
29841633607802598797628178551
475571595
4371829807
91514486813946996396973673509
58055212891744438467
7189841565254050983704504241
9864203400711992
070262
7613759047334592528
14
0
76642838427892834704
607460528453038645758
4687596551660078
965359962413813174
44843606
027606641260
12072031
35620498816331355
4862570836433523
987
73259797779925106
577046933970473
38179100749628450203
69721314803168326687020
921336680426627490843
779946692567611244662
33612196958
7249161698844
67776054722335
6725472145006474
519176150479011043767146295282
975877182774
3429547
026192672257051904442759
774431648194520635511802
64945789845348
6155268488899496201590088266332
12390959120162252719364633256
25855992366170979440080507299549
156080985
395233299522864380216090464
5
565638286045826377727
844168089840975418
6066119
1705
2902365698488245627767277029
9805338216655654365652163458
947987280242701120283964942361
8748585322469825638752255
51989143672131082164388
034120216608641717381
44519605408737708901950704
21894209152708
9707472629
322212619806280907
118
8153772606066839355
5587929337718069237047014967484
956910511936165284244
900
82758927808300491297599815
31659718238406388974
48877357337982784118599237160
288916
03165330667471749448463607
085068990844894868732829494248
8062918048563
84643357873855057211
0735147891
90803
64795552255906338188721079649433
114914
246074803740883900840833730560
207165981
2563778381327755316984340363
486
2287327
41012210768828023723115815839
0
447961
6560225432818924686035672993
96
02400791035571
7658269017856276935
297869617878178415153833486
896932919566346493
06550211801691673499723927
15
660292639275
316240037459921183985584441594
69079726821715678204
7447906
323845715
008779783719701910509438
1247997
894599240680462
268698803006
006831188816123721393
424582988943760489699
971
239311232134
96783852901517879
47301570691039
2283805918697141269670
7245688308675975762918414870709
313
4
2334
31206034178
392300087723403280679922434
7713366410556861179087628344198
39483265465873508454478640297642
532897206430397083803
7265155817906678598788598379
77970509
778
40761880587390
37980147260667351462474008680725
2197432919277103
604225924252
76061118
003288105424315
876
5016608678666770955230982617
47660149856411204561772
1610880876918969773064758219
8967290276721
223075306388
0209529
60
331828342984257503916
622011039686572799086990570240
4076388363280
649143312197576776173911063474
2758151529544797022888336542916
5534348964051087690350529
84369690286108027982157
5216840471
012574077814
987425668103827881419126518109
01397780683
2969266326
490278673
12965976550594921581733
364020760207848
339429555499204113414549
5598220231538992840036401691106
4587
032383418952347064846
7696755068596204203387
2073
8028
536505483309175968061216593901
6021705645594
7886217111007176898
67385603988849
6951936521253858599112031
8150386326365232880047547813413
34215530420677007059558
2
78947734108
2031224387751500595886224
567
259195
54
50
1598323254340
37
688
30301581705355729148080231924177
611043
8076124252476514713789374125626
4126
5179364572601508478383
625038679573162648846
13805283366206866991851944
05832
68062594499932909628
92591601
5038987822804700
612237433877988853828430
282339
0
498
6
06861
3256274301031577836575036
9429370489
2479476
496366
5761665310092021755860722596242
5827612
418
58689287
27351
277674802396000980915407099562
39146798192197035429
2393657664
74015607301
648611714795154
75407869617918839340990528
17675696764347441
5933132500278978
04784
4
33952406243076573484
29151
4323649870771454678141556459244
9913364991340
33532695006317304582328706403
368738719023011980419
4817229646812846032820398
939917476458547511
6163236037287237
082711339827279430809621865
280098
742960673609815500026
62774966845856409
038374786571188106446524183
223500504025495154
08956801435
61094147
245
974623355213217495
1510
35931234157194109024091944
645369809
572191858707743648711719657539
4583716711879086219933417
49
51107985
3973936867988742723803
011506039959185160
38645363519298942
821
9580113283785
555808409440
3931902752209435627716802972595
739872160508779787
2690286721883419032483023814
93409590366413475817486
8476637911274
5363705923
042874481931
74185205379223587
614366485
297
4
4659941
3926247968
96281467380213113129
862508572851426330
7179978979
038195145740318314492917
93
10360041183465761
70802840892
7464
2639501529121403302
317840252
8729185374365370900
5241375908980315413499287261
341683251825137734727692325673
25474598879739382
0197134450466881261109790
3
1
40917850078306074520405452
5113904796576843
6140863729869456
0
941031756606852208021
72304220520735876972
25313
963952903115942114064651309
86252078
965630886843487252504545611917
7
0088461
9314
23188206
681522940163691540546636
74164980871620
73378478059449
2243629600149116818920
114
89079288998176191370445781515940
7
1777
12186077
64060450475613844050
81822047205226115
27048901708161813420505
2833971630650738137724
927
110651659285728882
3678800
931190
694561530786945796
735335632290920353373874320175
250591322
067498952950
238777941210532736
88706238127675898663895
726333
10458072305563933124446362
1100854727
7098165749989483701
43562081154
48480
08827326798285381277732740504
0648278303481639462668566330
7010624345080690615
44912441212805287520254346959
0876379169679482277780
530599547535712
19052632466999588934743
52148524645951725653337273040
316385727157
378447438980517621609
14
2355591056
547702597946384094320
70952140131848360
76
422
87753393089259998946
5664851433
7640951172164328054990
211177917931815174511810
29436606271642732969169
89780239540755904548008181009
802081302997929188248598
606382
5056292067062013034254869048247
37677977695471610708
47
0058770783
58
63265361643
038727601427
1
51985826957457939080
85943
6487353997880
1975965841646582913923957
046324876448814509666
9
06117496721
8599717872957413
53946162211
10880566084609943200
84848241289497140
6338
0833043
4461154487562444318632842580
84525357840327091
3451781458128268186
316394162936345868071973
7734001183881500
8415835737265149053
1585838281606
605636279057229672805433722152
48360045208072988
09116879398
05652705732786908951466
1
93458862539664550295195960647
631574880124139284211
92614861691199762
707006
99860346278156385409
277
8646104091
903
44580240478
3181038845627146633517684
64
2161952983250
222860945163763353419
2660873975794065682958
5473418
63532
3903284382865
4580960448122741583485022
12719110
6880666721
44174949208820866009015627817633
6449
92344796154632733993083285505
2796250616411139593600
27135573005384831932597
392407964
9779851169704855621030
6171133571057513
3273727529969516044860006
7801406034
8145186851814696393268
453564016216
2221779147
6268
578
758530613511263041423075261514
810362228
84741328430545072
350434
6
589028466515250066342071205
279309893468768923009
2320
75335460506
968865638975929951
627039200602254590
435823219937
0834902622167551026151423064596
321533004134731
77700150685349909888268
5004755625801785365356156258723
6333031728655058425986775343
03972008354
643452220
10446167829751812992390552145424
578210072400295511
51183550
3
9344669244286057975454156348033
7509455108336
3322465012
5540275812879369
912340150936
82442943505038312
931
9435047473432671205430532207
4192602905771657081
39080639378562720118957721094255
244569244
342172233353513932325265
3166833555
192930097243391654108
793095126745845617387845605788
519219
4
095
3179176009433756644
05392627016463360714
078360251752645
6297857283982722725064051567
7877217824552884725283758880566
883334571490636
4282207454709177520687082392221
98
253133
8214881459217926647
84071
70403899592739131879260696627742
378346710286605
710097771776069682103079
64
434909
0247848141892
631
4954991800118196730245744448
3031460925
6652787352864770
8384511526922763854066278877206
41942326
37057801803395171064017486513857
8644896025
2896590753658948662612905033875
6111291818639799292984052
8669802439380569092
3470535349605021570
902211602701417257
0422037843259749190549
84688256108188595087481402760
810612
904408461281627023224929
399520558
092123996567322059
6356
0587776774891371173530493888364
9268839962976729187943697
76468589
98392806518339220
85161021707315633
1729001076594150309
64825659770219631
9610785
61948
553055056738537242
294510884960592
44930215125457346799106468
902751854962
8963576858061906696362
3464015
887543125233932854362820302
089811780974208452934
12922393146686379298223
31368
79509236448182004367968155587262
01
504522285284344
040112238037892
651391280703912
33600212886894449501533292865
6156337538323992811294105196631
7315402041143501780644007692447
359344290016
6135394102
062719357704043350251
0435680104706066295406
68998009824
6257942791878146
880973
6917773884703618936677525903534
32243725748
84164309622925108053178634088246
57
2461600089425965226260367160
32553543406750110314064230090
17137570305327989251
851384748477090540265020153684
8039446840559059946
765444586491
894409416517386443853500705
5857598199080436345687681103
4933
86686126531503
081347043284715055973220807
1594104
350469860211130808044482393079
07311226784052674453308666
966201090658961
516340019742
43047780553733207284751139
02147971830498805067075258781937
23687740
445375123
45554101919230279097692851713
369761197466234295
2399194643791575
031054112711635576205491
24407763451977796944572
75247627043096474122663374
3101947543558856491204
4479662457615944719
97373770519516422108547377120191
9264791894212141659
06205182621434516098392095704013
31727596671976225091
0761244486499
6118833981591691
64
12593866644520214817452
779640051
5185468034461699041588937085544
84853550564639405
4514148694280169536746479624
7137732397256641776989066509863
5095539722
97561707906462663
76298889177734149250263494374997
95211064239763419
797
2402775645581085650641758704
04203165346065739937
57217692546
075
507
20220018562984
842850648326689
0930672216226920
404
32760303915133558582774
852
64
327607836683246
84338437
70894176913902128702869549
0847245
92593543389
6508965593307398
57418007
9642725
022545560
70220971588
01770505244312850983436955
4852528073958859355576
2088333330802393919418677166
0080813846345597462
86200493742501
750838246236069999701438
7274410327506988704283389278
45850500198629025076166722
3440144491
5845442496352808335228906222536
52661299484949231749052394
1305403426692132240198657
63867535758161663372942807220068
6412787572527594911752978108807
9644378
9122870614233526866
094766508522
845810382266221649
228923614154981160095737531
480184865032512680195
9768385309146299266999417595485
19271792808634234456368714121
9091
7076374635631825535122016
29051498074689158
002540890547298
5440065793273
751154213813261988193
1569961265136973712798951782
92358104019076617462820278
6538006895
99519
24718070991263734865609
301130973661075632752896
202351413
654
0460174023095216975394
407
50322725689
585300957491879449169
64962185
65802429365154323922982994048862
3227072937169520
213372913019323871
590623816
9867023
75064432637431367580
16716410985881721267196
2502259307713850298379
688513980201562934620128
0249155768732951813598557143
026029057
675
0
591502
63080169429
214367999717944577
513584685
49293395027580167973513609
1567068868500120
35744396694134180305029639
2257854154752905757993306626345
418096
38962435749358290356035339
36990598791125495
011047
73981
633275
920556518094417054393454
9666455890
6
31976857130065855573415170
22721630037113881202133082538
3654742451801292531012633187408
355301103326395670502
8598546858610
624985837637040332064683763
4104747460110
4891055993693594764802943453
59505407926079502429
1950861914341259092957863566
57100874564951
4950796632723945506964684522
522229347745904
762334111540
6063504327236
050
7287706832194401726393
26579080205798
0402981274551674
928453279792505
042564562054370966626525193898
088238431
116986260
133235
994589632
26211448
49850990757817038651922723050
565506404
83974890958307619378010044272592
791384787019
96368419516276057
7220767062953760994863736182
8103321431787
1417
19208864940310376199
44535546849193989068192565358
64426783582463511839985893150
4106076826955889612658689572266
73186793476129165335715
08342978695721382
9
778079861184445168910210966
53527726749580
38007379969722196431
4289050589913690505466008613
67842782840
79893180169268258275609048622008
546049030835865625
35365072819427694072041
570297514050697810
9586174
539922
50935373283585008347334924
85193642666730
8302461
32421800979144337771
0641041727905252879808951104329
60084106491270
1
54777371850
446204414956
184
918882118246142612553486715509
960115121552829784697217559
9157952865661
09846766052188753341421
4524
678616
9203
7373807008975
645267504455864203079899995732
721051
7188
97919075
28
456286
04017609602450601283669266015553
264015256698858170732775460
403287645844008071
159652015998258798
82367931256
1579504615238
57542457198782575794948609403082
247401477
39273080531333810691494006963242
2041570884464992
1695322085
36450495569506992940097
91558096214717110
37757758
9058706675299581820696
28789790130
136580313696855
86916109900131840589666533381768
824151589040353377393372757
50
5651610244532881
01391786592677
586426890697805
63789901378546261
37956589814007
545460437
3416991200052908289571379
50388397906
51708444632722486655
014654836993
869967
84
1924221355045765355881
8557196474189793683
77398128
41913222416513970523
05058825916
05408619055851253957475214767
3025174647604782687796172
423064346007
8399812162678923242
57719796733670806
02914823669771463654115405252756
5680136984127542316125085
64198857283489152169663892602964
012536923672978686667764983503
3101072763681000301898597719539
533
352388203542405180564277370452
741784912334
424360474380920000442987676
58050294410846439429
3796206555
388344308895492445183143
49692948197952971114268753
32742997298361509432
23602720205331
4391241716448411940168179
5607
0586938
765436
621605481772
84070012116564
96607842645798045
22868293
850
122019682772
5209691606978330073487412
4270034905
8
072067921357099918777553168354
92718495685814429186730
42582652046
5291862118426426039985
294141159781111205756023139964
1270112719263
19075508858275364942972308357
72422500236561439519
758134082124
92675966162085
1040016847
409423581999891207929
15132058
65771328717497
25409888089
550285896
88659
74972967897065300595452775
0052071735155
9149199207330336581
8355407851527148148391068020244
2
1011904499220289516
2854915706532
695617065929110564769744370
459071021195
162974640565405198932
91505349966733
42801954703357424
3344
6604018403930270326606428900
9
5344976712806863818850284253
671686473983799253412296
666176
56269146913687388971185186841
261758488007564702524487470095
722
8364978005712918863950641
68353594624549660982392
7100584794469831692920286189
282
89918830317542661277575739758
377366838
1045517675695509895
88661362592247985285215838960
7525506650994266
1346628090012
9066174583026169874495445
7322598043306
3116865791948500785592312902
0582394522433481590824137292
99041431158025468574918545125
7
81
86282012358
84731912
3883752687765056100
54214597088636730684925930
52461024633663140246
55
860156982356745902
89
6236096038270912154410
624607579775105427571
3138
5600263302385
5257165886326315415997247874
286575845543594761733884416
962547350343
55745956722885918394410
465583921730903939
851294134329653
56820368930135472
56035386389671330
601331626604482
506635061014
671922918203090430900659415
42969556425
60899503832702113945048
00067033102647856000
6
839386643184825
3707967243239369
323472637579605012891012
059241885738398221164
51355572111852906735
7384946753075209715099
480960532329439696803
999983773745900743798372428
19937997
36255620109280877166942094
55404813109354188853720239
5296571914712218206561617
1560843445784159
10528784488676568217731623646507
157682613598
767352344581866
037055445369043223371371934329
359053
87367837687845980769243
0119213778137435872255370534456
6019524335357937
1891589205181136366916
6019333
035530349561485128735163
195291347249715
05215041692279943796901354
087170
41424493536517570926
2875374147889832236489357722
546579915186308054806805821
8742602475086146759156754177500
16475773657221963065632298749173
98729
9877558098
2712032
51211383
67562474338316277272396720
7974760133820832553362
01011962784749573072406695024
227345542039525890984
3893246854098338772010
513052
288934617232210905690246566313
76829529862811633384158029332
945076526659177667361
3901541918468126122692670
3
80791749133074774818426135
0
0572649156504225
1233593858627671
802
716658493657
78
5660864278682940901640900819749
596214013148
80655359955840407889448463295067
4487777
6935373042175725990180769510
553282704851425485877792851
744232813501857
12840993670553899107226274
789257559661120192596895337
293275
2083157692513917455354
299
3035787272751884467172146
96671181190883348013142
4376078199354
419984
58
628989113147261747051
940876767410767277
39303440272167555499
567681239918516055318132052017
20540887821284866620448773127
5
3249513959326336883161277514886
62802695903215515
946972802
3894111917726738047619
163736678226
80460770
5841808
3469483
65468651854103011778954399
0344237453543176
5046298669
879239
954588996
625481414530551857285079222665
79782998197791699877297
80267718281040646
679891860743676042218
22126564
4642284052417
972126269828955335409550771
6705989837001532650829994173
149
5
54977078
71075745254108830659531021
66680762177577303585
629719395580941667830882510009
74014
49168534798512315124222613
35198349848234961971198998
0327051
92221497934502357498711608
929766205570
57189841952
2104454147332589
388009
2621655805850
884245823
6268612302706357048430587
00
9291
0449429547
0
585754549191380
6
03
939021405752284882365046934
4531969591602024356590931581750
52110960688520019433436
6750050776
733207551936438
8045627959
429697586341294144
02234959643525
424
116957600686916364572207929991
648162147129847878340
8066015181946021080036
088733229102045016715494267
68
373735680771789
4040503150820639
397658831265799600
0
13187369298085219747
656776224328305102532251
533500726118261642560057
088753088177914239546925370
50976764
379633949
264
912280
8394303
144774119226070598089515
030789241380701069551033109895
74
34349345435288643738771462
829665482370413650664
5311436669167073440
22400485039163513729187
2667834228643350045945920323638
629534741193957988776409
073723849484956082519906607435
16614333070831306
8461
409825345513719469072610833593
52327267356911529411581
723286709382
499
89346831
009925867680
30699651954099510545
109821062793375
947
05
03
1523501806371900322791347253
646699211722287520013
5462067052731105220656614072089
7547119752
66991598781314739341153117270276
5430761
2840475889994
398460064867289672
3029508071128647992214900300
73089460782763
750118391219183922470
3814147598010131536382
90983
7047
09701467507414446301007897834
748
75373967
06102527496
0365986002417010905096703864
59439220278249752878613510
071670354835601600400
37475397
869
7226258437629
87868995679206
313912383759473
0118760406304964386028461066760
29678542318611734064223058412333
65092629
9479338766059082
487163
1330028653486616232108279
16804320332
6813223519661398752703315
6721314464982532807642895519152
4
8933910200767928064074491899
3230327770311403452081310
9281738474870737566049084
85507432294015000234910221
56713461577352342948757223953844
24090
856127088395426804477
8460
156937505688749991
641800
84584694725
81666
62974
0244204972587060832593546
71821827790467
89048483871621627450
728919696527083020849
9
5092401681073271591686
066994015149263
1989
509658743703636198
069
7583839
46614
26
5
70963342378585
88105530211132
92013253634
1302949397237854900
844207447
6642843645034451062595
632695875878428259
783312979053218463
0138901374379261246
7934383190
86065464497922685446827029313550
881
93025358227187358135554450338103
85648329169251755341101398
772897978911056227
765485
14318157361679
21286468967639022207903001036
255669368503
76191785
16354936958184650744478630523
7429
982716473941315686487782
8509774398699138
78422492696851838862096400143
514641
45366
34215944561258282109195
626659639069206086997881842
9
10198553344019478
465109
4213453574282705327706820437921
93178841852263789909774822212
472136752610550756786
2191237130969
0354323108926516
13105322252672
60000898427073851
5571846058690735701152
161720950499873
6271904647558691935566733551
658484
448445700
67370363928
4868458133
09014405194
59075774779579230960551
606206760148876
4147140075123
86435679147524560
70
16180
565303045585441
10102
0798879600
50689
9738740306998786095
180445714039280322665344333752
0463273867124083548450911345050
0016061532674
784600800781495566990130495505
25789385
40388101860878813
0
6862621383
141773847256654580049151360601
789018945467552685192220
115508
11663535739930284180
5112768135247292776125
6
6117750
77282942100968097
742
3444039
7268629345581345101576
5151852537118375374886140
3857688334
14138462
6440
98542795701306082
95403413683710306788411596486
29920407863092936052420631101
65531084066357149006179583944132
47918623285688786761622
9884189481051402
2860390805204220203
148089449248576
3
3683159953913705542
8018201954142056319485775
877065016
419845369
90450
6707578315100600884708
01995123596
60702152883809741
09703947455403344699263351778348
21856226547950640746697674245
384699347
16
01571849957
124233697107869187225850406567
0601444971636922738213
9
2731584618433605818
6171693276238
91337290224400483209
511680419544027981385388682
17
329098774765245091036792056
85703069664934383120240318382
575
995208609051985680812752677307
529813
0663903538837026524
29104
293557279734351251202987650
268723968378218783283715
984526316776
74469013139401281373094
44460046731252047337448676594
738466608078191708
1021895628825430210223628989252
55405391781744
97348665054590654782496291
26621228006179814832986
25
31
76441521668773
345245514904272127
276417580523747
79665954039128245
11058552496256015485844460256
2270
5422464025330307456245822
24109323870347065166780301
85435097315433902818448830
198670582344723994759596699
8042826880672774018
50419842943008924597
998040124809365835835
79381195388211436922936172697481
20342239521902545474
8369886126711935194319
0534655396894254663435364
7907956
18567674789065610473773133
66781488449020904114950120501
458775885169733
200678636768000
08172088460702474831886153744613
6583487671969058
160
7659306054267
67
99913497971973676814035165
32470503257779945215001969544369
95513100401402
762382223131654092966436
0538710081818736670409026349
3
5940175416176512020131297
82023342952001815688
45061011795729582677127413094190
85644138974532000395171974800701
609456393462683140886857447941
952937070549614893706
5146509
305996667151467310942746340
1293178395
989465759961994987700
76728388803711242040693
4286831193288990475285406634956
356622213018072366974134901
517101603092070584464613
4301
4144690324706460
97212846
39127512899968751962
82168803
30412335608377
10557
5960
47633678152814
8301440251882144
295833840049462679
98
127
2230457
724636589123529701174725434836
24158
9
654954907686493
1722946521324476842419501
00554764610
162153118
36948278039892696270
63921
77828213040266224
80494358503052316660834330
4
31330872380
428487
5363614463677
789790359042362936063955409408
2908187613787186434757270784194
83405078483
36706115
17465
1290895732
42572804847530811287063
020981478889390055
769840247
5337237691630803574830830041728
9086111331638023717
245323033039752583
07266675252252
305958560680333
179372509
6355834
058921790879
951
4368572406539329164159053016736
2
052961874734205074448911204
301
3658572363099713041227
3177437458590666906287138048
6528
024746856264355444934852
070785734347560670
434788284947700623
773146823966449543803544
56297229159250448546044750930
362472384106549499254623417
3266059112
730533340935650248748
946488888234791926355226
67251654727295820062536423149754
356163528074767502648
59416440044
04074751297587245175446225
54294828736047341011262
38121357302359
61207
0689608671259
665169
6533797
05880480574185483869297368068297
2749930845394540
76343090257009304410510832
7965775767131257
6527583045819
6877219723154029246
03545125410453822776306752140611
57803810
5813
68484334978439273027223368830782
518663419
1942948370896963
102932329716
50588442326448310412
3554228883494934302168
0374
9786818995414436067539
270459
63
96012
30511372521757970941569022766
51561344308179296876371887038
520807986955611200196787769
1
1050403545534292092
913793657846942285398263379
314034386
62528020085639
6796616383718866
521
749087819926052007320812779999
110918020260084020907309
39225634550678570859827696940
7040169
949091555901526335536
6854804481
220960073390439
6996511
13128477479925980098208
65959388
444268803738281
659998
67464323934087
39137
8136098527666
5083
050528631900147148
37735110224561372722529399335
39629593486107
20
7059779516680542397131154
298539
87769
2640874627878064
37454146820
82998067802898925
973278460624500
613220117124982223193949409
2
59538583725235595454983502
0863937206749312
00978679
690144330839296579187140
6350592331
597357037892651553856185790413
28158
63341618069597616090
264346995116650839829
43
2550
62642660
756535
85678760560
81340110765
40328833408771367
9562680613282058227384164
40
1
2547616713102742421959
26429168534
8682552887
835600055156171410578565
0214791487014514408725
37966745457
93446452
0600397134037522996007188
74421204343419883814827
8045292995214929265963
33616540458
7261649
20814907398563736077789302
7686273205043
2146
6961
4232275207765054752567980146
77173204771287834146474260
422419857873717
06238134276
640
8153498793897387
735548000428
629421
85621788116934623394473879797
30965503267191834641
997841
600427392270697042719526
6104402323
6389790245253949247733971319
70842
58470976563965849139846
771
2514273772868224243273798128457
661232798
9652558
544680129051124
733604080
822
080588341452931
94086625692754827687618168433308
106280
5982991615271655910714845
8845772285043432945498
2684386054099844888
8023627342824304455038775126
836422699447873099
906585601135021747645
8773775169198541037878
371611964
7029748151733477899743891
87448270134998692
2636140151211639727888733
466217656994931007692
367020343938683382713
4162053018067955575242745
1446373616729850848677
993698976691760751417286757349
960
196
21943
6018101159875074170464037
2152398126276130843
909697795897022003
310568667488776913
3348850272702792
50172635668604244
0534946228024578
547706541093200447456737906461
768343753507465
303923472955006
8
48727928232841977093883352480594
161
1989718254
685
9318107234392
13134324873838482024037628298097
752943183277654754691655
259389060082593705149
230222611640136797
320598026
028705871989678
04731137654803411459169
57083942848444941651572
181
12527102127823718698843761
4742341232244438240
763
180
3255881
15561477459147017377
3400590169212027
04519449484510928551942524704
05911932
36860444922086726978416
0479934127488192957707806806915
32896430872221
58
62056052827346585803317001732
4183868953367521477089950
72671848884937815
270261475
08789729203047
87791360383213
4169144345512653374625595
41357728757995
75395126983070210723010216031231
773771207058
0749618986758131
77
893177177975541773106920226
81
24802404216983779
5917862775411385506903
8281294174085
30558255780
986458
5
358029987528891743
97334591
9324025184422391846432771
06792
06484074681276340238146103112
6410335607624884804026232654103
386737297022841312167000
405
433663470
054700994310
7546733667652835658982
06125153090038
9063095996
749945728946406192132867417
79429268873322900
8570027454933084947
47426243417089657884
684259715596279402378376
2969007788897531320
3890656387887
374995582208509695683
49817157339894
790595142711091761690778733
188923724355180626450917
93832
705831656412057568
64958198529714
217471888
492756
91165980235770670803905386413
77
074
78880661439973530982686993101249
29546122129556643882883561666
083284470328565187
5743072043300373330133959
6
69529270612991923072699
325
495158095
864591640237
76625648374403
6075016379796952353562951244938
55002366827178281123691176084
96725178
841932550
99889025507860682717680734
839351267757115771805
176772755
46785698102545062221789711695
245368095738134787315724808268
44837962728564423183689371185236
25930771945110748995575109
4
4
9746454618656981833527644642585
3011998525
784533648819
764982127497623180144
66852
9670179320
034313209727445408
5707000258972219
86749624623887081866780
9313082182464181680420622684
4
1073591
488180
23273076
734784253669306593
67513539350075000634
1842
772651396108750
95333725721512932567751745
27
5069593921922367868940358033
7385659485426091903204908978
087087392148885481613
0139594208346609530528
4353858
46474129055
5
07104152040090137724
93474842738240850445996530368
677229890243
29253
58826290188687384999688
8716882780
81299737125
78323513697251826266954
5015882283
143
96516
2641401566918641340137312056
6290901621520651307507258571
5890843987
9022151265917579704495589
3201886162521520490293095795
3237716269271
3408
36297993306240
03434079
70667089783197
72627
24185213244767951934117299411315
48354832223824
5548514909
44829947854
6213787330845261771539
2304
66637778084705527856509
753898329291866341133521890374
9874735101
269556588982075139
22235131668239347802815
67684651885
191719059064285738
913
908564082862645041975
413812618460511127541663
08761831354055397709243103
48
6240301718887459040367558335021
63206504500372814534344944
31903
8926478621675409126
794837333
147670612734646215686
20835407351237766399036
6171395022635259972563627723
73997180282
9886717414890978484
60445726385
66528
1917657085911110570
9156598169828870961081722205
44381582348284573
5152444829
1419456286065870915717399833301
5636
9704512395375010312021824
574857357882476177
6029890
7510658994960610065584794541089
5
03416135992559127
231110343950011837433
19985044582311669101
113206688675217
328212206419402573481817207
8530779511718356
9716486759274985973203065601
666674922299819184614759525088
449325420521030082
843638667189428689031060075
267679863865586
46036
8057461827792102336
361859556443724995408197
5195
6272696450526548767
4093183671146041986961818581380
42428227942756476
3356137218289
14230
36820240402387513847111166
8916655980198820860
1975377507440375
6819803861585854721799
70674
5630049236921631179586
516667653745946897
21940402009640097
03560214191
02879
454
244801
9484525098790694
388260394897819270340261
2352207853791
85447613400876203534665
2990038
419619482575268
1823263121208025590549607161774
0218
3
5
21216699211971994499934232306
7003661
1034028025528366335187705137464
93660427952643024168305713
2987983
76871580946740686
9263042833447160482
53376267500
7063508
987337890608446681254596
9863300419026
1620474206503290
922
264
91914749514704528516119
918672943266795401
509272148598445232256430
804409442202909438731
3176913967191190993841857661
7
91495212002
6244227012565488235
795892108401235095
719
564077908
9016089
39844418518371137568039961025609
108862775812907124
4976500080423
062807053686
2611795502
28500394626075400606067
9047358882
1029709126309158320893013594
61951881041070851879030584
58
5049619125
98855956392274641
15802164783357999782613961
80
488151738012076423
95275732814407885668444480
4
91131491
1
705902140461406155933573545
29359
76149
940885962174369832552
3927596780791593061559239
717022843962
7226176696600044469013075
124
76245716465539314831804
480
992468031896467
106665872911743808201692461
0725899196429994
60756730601417171522800246
82546751
49629442799496046227
824781
192454986
653
5270936678672052593817758463
7182164834490574303658
967471677260383813945370038
27423301724772777674
965834770385635340936
71282847746832252283
84997142
26205209593276721369633856493221
2048362354018462
029
28973641191552174725916074
502582083935951670795772516
87591975003940313875
2197735344894342672340
8759963842434145710555833889210
0392973107991256
5669
10978
926245894744829723
2482526662750860759939183
67482971052809554
4805560255
84824541222357
560516153540974091605276
33464433368868374492
85817501711995021723
645462131475447140740
5618782723486567055928099802
751170591393903
94005978064833971120
88202627999522155845
664756034463221
327177981835485051158248
6
05391747376663955882261105359
63720121
84189094295416252
614549775814492033
090703325250401862678248151
550502474618519834352417
68411543309676473997228117
1616844051255209685497746028236
1678192522632739368469615253
9249123074878580123044774291
965670267814826
27593799237
62758
94469672850294169
45764592918
0943531057372064051469
01264329552265026960
7773268018009418866101129313654
353487824731020
936371420942789
477258933
61266652436936444708878952
846083253660805478895240857717
82144992986255721966495573085996
27218991066729976
31472974
709375942458947869144585060
63211076277530569242675796702940
131777363
350986689
0
57621271908086
006205
46887733022
138621813869321687295276091
956427106965
1395054170134197055178756
6515949528448255073780147466256
564052114490897428
0169553703729209520935083068
379
2828713946737984972872
3
3248375258328825
37138414757265566198210820645
13432524096227834401
1121055697796
8401201986204810686764
732793
893131164862131058076378465244
0464797845219372987908289182
23993680230893199
76958739228934110856494194
54941605
5025502155584588838321687684137
91139981125738805059252316335
19768687757267
6207222
21
017659
069061595159111081103079124773
9524644033623219955140969429340
284440550482
823246698375
9501077057090776925068932981
425
491038970879177831714245872615
1024817745419
005
539011403343493233834610157
804114177422537535541766805616
5321
5731617089
5326736457802438747407
213572118669131556870020129
035742668720039580392431
2493
479448062462381292852740249028
732391487382452555930
54340
03255413871351062
74865155
9512113459238938226852999451739
10155619145358048336
8
4985073
36
3723596319953778054
335096249
3216914522597
9540105094131377013
2540894424490
53958059035144815383
148123568112264500
8556
266710896991688477
8580575889996
3462085381060380132280
156
3768976930368363737097386
481416
2061321286758831940799305844
632705480077528208558908
0876
1377595234305
5107259785959749
354415430434831798
102060238679370517
7873581358257
1693
106370932
761365487488
063189
0781851050928
2628148143411278014279736
589230991747912767
4
0516867042060
314314338765942855343
22293215254651389184765993
9397458401752809624673813041065
6840
672000
971969610474527902310269
288204278005
2722564958925792657609157
300478035443469206266639
35
4600381927736807
3701856361971
38641969672983354044461128494276
197601963958195504377770807722
610966680730741577047
7044825238199054876479787
95186468499204760710
8349592386
769988262958396949
216195981928438823
3226069739697089539829557756793
963065
874724893625561263459
50436022922975065
098415602385907503955863113379
04100104120
87593936945578283
775452806
752713288510517782809329
9913062536
8517765506696177512
937
0846055
951334533840747696544
19231787276
154442080440652215490348481561
90873852138249996315
933
73764
15051409568294045430588
24776852974171213163
8
7982076
83499898086693688273984722368
8
50729103466076252
94642135507270662781428360389
1709406288578025049893313630261
3914459716401644710598772151853
52554825
8
280477422949710
573021893349876337606936069078
2587319
055618286004507
225103128868448170
27393
541669309
817
234788389337034547789531065
76617936532901443522
007545065879
84306371372
8763760328386066167
5333
16170488092055833407827554979828
472
64780869914314
366733080
0055159289906783760146619321
2026
3867133210236654876672335300392
99448
549816949813553953048918113396
2
7905
6048075362631638444
44087
9029184103381334894386441
499001498316928188854
7763016496633724346392
0633491
8410127
004032845002571663362485283
271918
4057639931551853087321368770260
172196465556886084
29214541338386626500415
180
96054769156093360788
7764447
0809189271417271376161869602
12
74421912919374559
465447329800810
923705295
00758615
64132854952169250215
715430647177885907250486
7482271034738493714581009715456
7878066086835251608183267
1594566183383554758819290
22515296791979863949613261381097
360641781986631588505187894
8657281648115166
00594103654382343
6
50575326580129355564784183
5892
7514841337
48477859727115515279981461
577626512132201230829229276743
183169008235636269100
704353971871708365333011229600
167192266679561447378
5189145682379644715
7162932417273898
30512859748
32913379954
63715100462200053768702167
2171
591556123299793195518227645
74087210961034800895167937461
813734481
6984526
595629324694725725273934
273491607920374923029
48411722386199062909
74388399913
017
148071587
70420937118278618147752070566158
930838535749814733957157929239
07214089456605
697723895668735
3
425220243800693442161
480310892593556008139675
018182155587
81322
932647373444661201339687663
536398579832
8181977083480250810392
84164488
09689
82
99170644371131177407102
29698637516289740407
5230538166686
7475313
962855
2100850548592592695207312522
5966915610833
16435280285855
4992463485258
231160
83386223771765
54581313788
84709249342109502453303
08050195951544139386536712957
9230234541630169166593
74579934
5182443
8754992263047220235758
898605296664539
4727
376356795
56653
79258416131176280841174859808
13521590
6
169361362884184334345
490092
87451077713098
20133753612143976853736846885302
878689924117964
616897936756495903105271
50041488668641692397563247603955
168429
88389303312171305400604546
35719276048338048442611
1884317709460754
5622694864355556364746156
75
310883078702386741027274597392
96
00
56976877129792461303413085278330
5428490791736274839
32716643290118292
32523767996744
9834
1672366070215969684656
18520070
94324040789641239379806
338742581092652
2715835365588048351729147218
079288449627280061298
120285035740662786579
938033709954690859
45414114717968067977196148734261
03466144563683169421603749
427083446811999
790
8375997094
304483936587301075396196
145896627984557372005
933340700026511441148368092
9735362910874960901249497727
41791411676925121731914956430
53
7943924927552014708787955
7188970186
3771416987
190261
142792924115545938544708520866
449453166276110457178051826929
9881299323318306
039489164164399427515794365473
1079612995245409567426607
5258
357246667474
498210468867479358163
7884802426719472
32912657548
7254692906347818658218405
34731855950371
15909577821052
5322946688365657431150733
304
87410179231697219369118472
80463
9
4274883480217614431785
36185779515573
853
148552487674502122335389692312
3568
4986873038949
96801023894198155140
4428521563
9919450975865957077
72844833
4513192263
6849108833570846136742
4063
352817348750767598419449
26272434615564368152246041438462
233
9996003291227496113
19926792090742886942110525
812070665043128920934606
59837409425464798720
141960
38005113747647412351
89347
8168216298952523521
39962820842163669839095422718
83068362169
758311410516400076
58306
59928177038493551273308
13
7528871750021301998378749057857
303320835
90413501477
1692557656507859
18544828
247389924360710160214
05
17376233
7440687374738767670720359309477
19163581714853
0130179545886575471463462
14581272
36927477542550165186
25686015
2625970460108981145532
429173510836417344889809891
84169
0721782036309114173
18350217978095
767763013262709601949787759202
5644054
2645348160752154583655012
6299242601782
01867831619687049823
254251726085
303554417557493855882138461073
0631961051421758
4
432
53186463531015049163184
023815162939593710308701343024
055588442951049584
39327891438589
2137842889
759022838075
0
5670300141323
92187654739104844643756341761277
9181301310318772662583
6
4015760485339564028825263623
0605
3135994303
99
3480865698
0
9698672817
1
35700855
527065227
0142976227309230584064083693
680334477958921616126813
9268140888943216
549694031376219269075846
50258
92001450504035457
4481838163517
25601
5186752994270407370025416760080
00447750760314840735620839550030
0
138192272
7444032396069032668882740
396333239365253293230455422852
796699375
592778216185261069
8265027548145617855
318467484513041072504916
471303936274336821114512941672
6508687604450881623
336103031653096418
3485
004736473306724591551277359
72184412481806344874
6752229885207889805823547710
5574654463523356829002797463
94379597125695
849246
596525947070814140006352
05006701727742839079112354
8969127144896904
00617039431
32768434666741977666
8835899247271738
4887639213763878783091
4789255680104034
738404519557852109819713305
46534768991163042062241388379469
63404749735022767
27999310201333885076301805214819
563223652114
028945113767538619027
366443361217370299657179578777
52718183266608831689
92207860457334143853893139671
510645104797
323302391505
700637471802616937018043999569
495499884193161771
698419836562
983214764809040674716840313
5422741890215754036
04873693
173200894812897322512745453
51071578219140458421893
73324313283
65451307294100376057
44977402402511945111
5104282
393939258
4015212428259557014164030154
3245996771576280142887397978
837
120335026761670757771
3074759444970070167538485388
00064
15484393466345213767084874
017277524005806964555220015423
16718
7662962
068766
43449709060455034683401456
24991886574367064502
73635
2116942
7559738109019567194142
9841932266212086199332635
53409500008926
00861323586681638967
90
7173
6891221764964154472
587
037867518
197288014475865029637
074761644994
279236418
2680736468481774597778843821602
863991892262311313322875
30556918585
8807353087152399774907025
643720439316037255611714683803
4230270157304377724749098810478
712356612444062598628539
8
9167753145120460896737754
92751653428650089471042143548913
994361119030
53222527434649226212153206
4313834274153895555
45972404947111343
5225550954096461146722654
7870241016638163547
904041634822022142115061318
444023670151128233084918
2173731410272837837537592342909
5004588223687775974361
0630647676726896908
28
67501
115654944309
6214957448409972324142781307
3707260767
9
820566572976525595321924566
513948
6049403380977637830933463618439
8986322754389391
9997904710268904493
5
9570945570009940
803119113353486673428
741046440
192696833020524611973270
6870899504123830662
59828
45510613183
24983
58708977281096098575382776
73711026430919149388
823609780
0839159
786472508792313087608779635
95238868734947680439057055464965
478674206
370086290176671962272972
591712012922875
168311434721635
604035710169427175435
85481232440445574680
37183279805139592908
26099
05734080000833828697615
582587848560726422586
809441473517066241319296061405
182
661455736389277439848
64998294631407
321
66014
010695762916187708936234692
52235482810158891206921129313039
999152754
403303442859158066563800
97
744948839788408715288396456
57753024
340855316340723014363221396578
0119468577651183186
890113754412
378033457220
264425193749212239934228029331
5927996953137356377
24527214
88457
0068033488437333
45609561681438752155891
4
60
2620772153
3431069460294
90
9
8
116079421125139
2197743306507622973
4274108538709633242914
330871537281159904639003650710
237924609794358621538
0124124
1111830
255977915721227208159
10011749170585577101088
262690946222572
6215616630192997502715731
7592
08
3453
632492
44054844252829838116431468138
90596
65050744344796332405114232890076
793
9070892121316873
6359624584734
4230
613569
393645671170444750528979561
4067617600559524983
085
11
92
3763883140808940093027370201
3154135940103090678777151353786
33887045090
914
88349385857532446592275
988955737775380184992
1395392957021100047161112491212
8300558828501906090451687751
45018224649572
06934037729625201567783481990
962090632241875
96773
229603612418832474181396
1482273834151
5
00526
07911968958747
2669849977284324029337867335
3671169466130859709629553603118
16315167378427
95948762108235781909243
56473223892869422304593021335580
5003288621548013
429923367
83055550154023243066371800277839
1
181130518942715636
2537273295836
7930623
650855965450226007238141
8340793415563970
19281
540410
029
95081240399520774547368775458
03898227637617017745108963863
05178366715095896240
10887512
3761227685762358
160040
7678759716595987211762745167
0412840526057342130463999192
7350042465872966561
97690266033334520626082530
2592538550576555005
66207783710143
1759770053785682876030289096
83025235357915
06041437745
2879421602985010
9257584549540
22008401976644845827001
468603685388715593865265435519
668119963006
921126880
891066
67138906363871190445969482769
68627230137922935
567783621410128716716593
362371216698
9316637985079858956144570728
7044769404011
96883
403520
87326470771585007070215762156
15089327044
542318549979326
8132905582117406
3898935388124197864030
108381702906660552370415884
17834022546032
1319049040093849471436498
06473916750481599446486883658
08
24963496753909510392012217
89
6928041925664851148286915
4799071
85244455818074990423166
5544788223610907083
4654
583
89646035
3349312
99347715223
7429176269648030
5981849538759277705
160831939939657866651
835266636239
75110896
0706263549923666
07242934636
106392561289209281111373
247884319127711563
12083746632474711702415
847590662263105181244159279
39246
5160472390539580307088
1957521756003122160004715580276
339023
4624242550158533614701877007
271
76228026825936949963
82973096909339464538031924342
076222811707744454444921037
10106011890941
3284984979366999277006080
13474050000715002290638388061
9533364599197990623
4885055198982759944549650
0622
39459771399956597267096449
05
938514580
510509198331
51385635825564886
188795725541826416137310278246
037
9215363664051776523
43743241845655661165474952922
19532090112643129041999
9338581
420
08618
498716856328701011014476739
82521542873
92627178642934612
378578008660
77436103
3983345552265
5641627108246323571572844652841
5669539687009620867108784095
752177747
9433484655215702
9169045409106572379359261160057
303538
636679614511604750
81095032981084209
58839154
3341014329541062413205942
2514438164987958738955592
1050778900332196675
467297340388117789
9
1596
7812703212067001171483135384693
320614534
2705936435103667539696157890235
10708590423170073957
97304291
66487
728
406788693515428390661921
42758823375187657719247509798098
66063201953687740026637217329
2677073303598031837
4
421494600939
93822286250323256715257
9976867316737
22
7613016123784844634663542011
88858171504598254521
685766260869725
17025366
94387039392952844750463342040623
9177887670752858427788264252371
18836455471803382001133482045
26045976658012606677883294764
8980020150466290419434067475396
5527101905111361179824025634798
8701144495082898
530967340460159825374840705785
5
7410238821661845911077
598
717060106070126637545157
199850472835400675
350331185740004
192808455328254648263421
2633442308670962507
29638770625117665821
111910752876722109
9415347381983669
0629416305777393773
842921789688937
159431074
6317359805177057699
0858844819762935401245385
07423328012143000
88439218766129053490132356
85
01147635620661589
746470516904
6693012472644808876153440
41009025690142811996515077714155
38956805
428689917995
0188043137768
0424340
24349139456088639254896589
06971588567589083762853910772815
540
7
15483994
349232127423116176
37
4301742959
6427676888152747793648333578002
27945424681
0425788887634269617017907
874408993797716
37642964228541782015998145569470
01970513704
17124489248
0
4992398666593725
59759714348941788846017
02505798906080167728
11730
6
219062192
36077076769452876629814018361
93036988529050
2307997
4917082205599808469
2021817392693891
581664474545518145494147169306
2065098802532791577610507
85296573
03962112890188
52613609920543266081
5086594589206347709282570370
58612477272444
40178298996071854766028158
719315484173989158121519
2226269641916182573978450336332
58264523952757129739932685754
66425771205949
005317823100645203
4952779227283612035894
5929950124
47135315045677774
1114
1704685163645760242
1034506746668719196596508631
83766981109
806662395259197242
151
5080646556240713169167257884
73517170678815591895880050
3865442746792840006671877773
01
24552765674325076874496345
65485131507
82209476324889296598119325834979
0234706825935436596506358
025179462241439
50282448919772909460361
842853087904545691103
389
159220068177030015543
879057998350550794825
446633989466
61853558874895546006180839
5750755894104478515900865473
09872459504978511947482849629228
636193
430924611231143585
863053270519678895995746660725
401735863046274
111465296539196025575
26345502982972896537522176968
954486905694977718647
3599851481184633305285443
40810236206306
403
4664558169443401672994377
4199355081223
693
136220534947864
87390565012661929755813
254
2992842451034
3
71535682794607191152502004034162
4663895714241593507604716
9862427330291
4205280546
1173742
78482197121058
91435
4831371504
5424853600932614
859009733151327654166
025605713
3
242308890572037947394763
1692
9713355051765585653
74021582003547986970211526
2744272982748974400948664711936
37695026093083202
52400800309271067
900936433572624
4326613604885114356
1366333326337200159539385422
4739398456059589310093881264
934135110550319692378986835583
88871717
61145435593
2743011127386436404434632733
748527029048637815186255751
4885592268056971596
5105209924026800914926416143
569
4356220665886390253139
0866618930316222
071557458777300
84981936045598379424561
392630617173
44575871212277
860770024727548940673
647292146965996935579701742
748061413200900
442
330443722045365725185
1422911237645566
9
6850090
80235
49472817330379030765466
8137172165547
387059814
313
9160212534
7760786466642524
5527024
633811556525410326214084
59
517217895379510
3326186218136559946
39798587924986
29189723949982632708023
63778974332412912401479754191
842
5228384687683187
50290742678463799740317843194
6257240215650218870775
63889160062218
5922646072196984
74933402145834893
86239732
0
2398746
09
3486077581948664
3587178701004417604869354375286
19327990677143389853548188
4756465500849163788850922210
85
39469290844809806813868
56951965837903304757122881
793423817981851894882901152628
734786
969601565203233
14107611
246408341284797877570284
78349482117154899571520
13872973949687531486
78857394727627077
404825275711067764
455084268196
16818866499604035706048611889522
161119220820211176
22199762875
70265976405664142674480
441051924455
34489774074870067419
14428805092640
26764323263607029109984
97641665949
2355883950891
21135208735840695524687969861
67034555523525561507059936051
167247678214188851637091023518
57429
8476
206608
528
4212
1235316759394882529956358046274
4396592
06647747439182194384526138
09567708651915256294377481
165
004004427723507810321834355
755955314925590094909
64766397989745034976150515821064
31577409712346355512833
17291427956958182
815766570540447679350
5792308735374381
89586752384348022785323762
5662406752559639420781745146
9287550648331325
3596355811357635896
54766900935820193969344604
401304782153799697499993557093
219655758033555749749658475622
7548139383516956401558
591325207202852512
4790440629174870068985
30640171482281054174127675788270
555439151
525
687060152567315729307
982
879161337529179505
99
807119959
024622732321164768974727360
33655174093678665414496806
89517397986583635610569174
583046713570171288
3584226376
63999981713859248273427835093561
74034602
230874926102557235078200
174078664742042819279
95984618314542
5190664189942
61463078162
46994525
6538632060
97152925063475771979910945614
764146454333803910356044581146
779562453354582068
2
828009779870402805
129960216496408279934961296929
63774444516594677
48531974714497069623
03054672942901995991982993093
0394980096131
7339507198580667988814812827140
38094817722839
1414816
3
311897266164549128887592303
8452872208254
266
795887109955
157160496447433399408837
4906424669462939197296322227697
6619760078435188047540
6434357974964088
62289930656756785374454083265
44968691568690064761
1538767
30369
18422634841104103022820243211469
04827176949154242
5987553545779
53
93579325423388509253242
157679532493025853255440781
4380702
30472439443691502762
09401469298427394
1333
86
6975929246616
818854959040337959409
054870787371239878065686750946
083535818650708947156210584
370805426298
19
64374337586300867
996
81816
801308
8675323867698
151337244606595297977646656055
7911580631626975005129706003
135361841813
06688515815
352950664897877883666131
6075989582005978749
2867328937
821
6550442562312554079024157052
0645120426956437647292
139628077107828864902
3555427923345417163284485
4107733189659696575236928
5100
38989964855331783159838484766
60735284890140221177584271
33
868774304739626329202483
010478670288550917445313
915171965734150006848755621
37043087365915982106272
731296348904
393
0905518739481204405464
347811508583814249806720808322
8
33407067726197
82862
0664935592547004237
79649
7627528056114729649868233
689355314025891494380
52927755030610
4510926034042
219979732810322898265463083905
331755944000613072228
7098859449930000886
26520583260854969
643750633244007
96114392047662115921831607
5720522
29485040
903784391763589537117546603
67618
1418893218977337254
22828226619678175523093236495298
5024436526821080966270
09703672227770992796594805853203
3586014173176994119325141
70041959847161417461866
697935553531841
61
041436216476897441918
78796437594422606927492586811433
1476516172371979423328195
807160862806
84412682
363270
353
492163146840093542197
362875755876311649794935474
2699987978620254494653333087155
6613893466
76997196501959374976939
68
001035
1570265967
50508640
45037407366917145
210539668951150545144357141533
62715536055255244752017
6
9657738256656939
22268801067933632657042875901
99883756
567977342108513629067
9480104087354
460714278713937495
248067849605253880013695
455118275701783540038973015572
624191862468507512822350
311
07
206783366
126746853513194998779892
9481542954643593001836064598
427029457134770
574903116516212
95888209376227401749
3698818823517741
25188
389250
50951
44527592195096986055910922116
696017617081333887611787344078
77
9
15766
021471906881252005449123271
530815
109026565268922355087431
204238895326958496797348435
4
7228633
5972210731795706
9148316505096155068729
53392786845948517354290
6953798588554212232670
921271146269220387013
24342757634112241893
947778526974417604948022019
3238202511866
316489516628
6632124979329834
16789371874041888193015860743
2001891662952491137320
739626420143856
92801984236855765238311879
9181656
9256458399530394298170
16429922258330480929747649653
196775562
8402168161
61700474275968543265168771176
107782944
159289317914190620229517424
61764450340238
92634081487343
197679542545
25
437145
504115487206
359591498586423799041285
2060567530
1369690142760697022534918
806350648096243
29527605
8604167159052228393
2903122636225497446599523984327
225890102180507593
115404327845140
95739100687322
496095752437377452970
56456
893296129230998331
73531108586869191038
5872620509058069563801715187
7598216090506278
21784342470119561059297153
279572
94274250600
690909550497573341051
4804528061561169953799605435
5988279049
827784423125192
7347634935583
1554010881670
94198225978426194793736
76265728654
5
53039
40425
87411454935105958242205313
359
7915214537358569269116581621
38
8963535876144
34476294648771554
4311947
078486418159420128194
49
566045024662738091
0972803039934580663
111466075419705053244733
07466273399157080263
5685573553083043
059616
2143359526
3947050846
667661912
375112127757523433671216642284
0220300692435032491
27961472102577
156044300085714
705885688884976
3212945706
593150990319698547244027620
94520317
623
745533697644356125688066
9160
80421148645430
2016072009895377
5646404416
56218352302336150602
2346932437906176400600294182746
139474
308634630655401169934587555317
329378212459263
992496709831
4310468662386715030604
1518516025245
538608
22521973875620691504446
094120259534941617
375925181809167849036255456515
7384
6255
801646827718
863031291598243203696204
3601509520
22291636979664
77363874400223519512354819252
14410703992564834698486501
68095712176576044878202
8264
78520491041614162546
0285239277262831
129739
56555557114487
6075565983364003415
2019
1703856000
5706521052558473707673626724774
14879161931248822828750876039
68
9435
65
9
3230414231325595
5719934357
1
3219348523285720572
516769
6409817697269935176392243735
4573372424282986
980979264
91467356395467628403666918
2370826760272089835063918999169
3324118999425255841390058826
6
4730779316816065673924531
721686918513866209028589494905
1125497548441623305340
6640541352737001428
59712306777354138314231819
5
38400435276
394
19470548117226767224280
1441225560317472605663650
03835233803289063
9656548948037272842783
07855549259629692621177143726
060471711492826573242
00910567806733888833755
08357884732577572742939381314
34408551034897704761557509
4245375914346909351520312919
698609256853323079677842
8538383828603
830
718494
76813164422084512157620086112729
31459059237890339166238
35292240
72976235338892016
808295429589858268491614
57318855399115368446173
75636566776639952558
745244867727
572329
739976594
266741585186889866
98649816890153891
6517801406015
279268581773
787177087526862518
23732
87111520240151831447565817
8218055122652689970017
99645184
16171
1338169814144162933233374924689
1647422638582979689717781693
7912278589037253401579829
33921818547770940103083583166354
25898276745334384058372537337264
8213452770545
112
143916589987405785951777
660
4835070309926233010043964285847
96321182487941022881
67446071273875
86719682745279305705304
7769021009832
4621285682580709922715783425
339589999
10020759938619934
633970236
638295019905
55431252753
309924660987805332
74820226278552699581
859107391
1410370780394
7
878737549346192488
484526961393888868982
658783183245182811631314
64933946
48688
90823884651
81023489
87
87595631512301249
03
992875
451176947483882
754
75881066421287442000779523
821159749619646930751
1060980607104967907
24555806575961734328549741489
34540521289549296841339
3193145841676383952
4909899399489192213123
5139987265204697
44737660715690203394576249658283
93345323609680416240358629360
45193169136731
706520
2665350852080136930
259625800079485061194101337861
612780539620
90426122396194
27248713961
8
1404554309313146656000
45109077715442452632661751068398
335777
278640037005589773252111
41891174946311118
70322757671597568652557393
5
5919535533
6
77085288428
1001
69592190340687804
503573375088328343292627580
8898215295706781593665924
23735637475962909206284078
55086121827638377925
35800569
329313216434437701368242
78551375836898111
709859121941524434330758913
60
3985613221874102568050235945112
074203287193681
7123496259984
09585449334194837426
530146536298
8430157847938379
78634106049275936471
513
69724798474688681696097028
400382931216730456280244
729446903353442796968781
799003759009004882
6
437356453859
830117311254059791905498972
953130294841474465943806081792
09070563454
337343938356070643572843748424
869483101804420619096965804774
265060113853397985
916936464430463518757118528
077713319609437378379243212
66520864976067839250
8021157
829255770287387396862905864
6439
8844157651246
29332506
855923695
97635362216913406577423933
89817165728293736800070603
57
928068321629185
597785105
2306344175657365641536415437311
8712515786243910432651
371113182
58153662641291
931710730042
12216148400640795393949940592448
9049443674608373407047531777
069368392138667183808081231
90754708513716022297055924
374950621543930
007637542655487284880
587721016383418230
928338552943150598034659216573
4795812
305924988110
64113514280201579
2941892
961
797557008790426
21214317549869641528097285399
66239738637048584961223
294379080229098490
652
6092826052920988301
8590
167326048011255082270
15926610
5829
27592229507866943781387303995
40967588791682634151130323
11623979149118166204
310492783347636067287
4887700789802645
64415
1659537
075199980883
39049670878588741463235777424
4621644
81318
61946
090789326860687426715595479766
05565908483851926527
4545447649398749930
8899243123034
287298611
5542372791317976017882088918826
550860945
517635517176144463512859133993
942459747594130386403
68377402818
1844949015982997815218580565460
24225711766799274
320530221550
132175556078
91397447
987678706574
58
3586
00065091352042
3204637919187341803622242758965
455318983526
978406112566433143892119011
2039062627807217392195607
269252435420738812
0244559958105072847653739546601
2296
9360384956157526779
8303013596309455925711
9401543994
376373130537063836803110
842354681412979401641
404418463566388571611297362
67552212642206837520184
799814934718573037149607229423
53167613321595917376885090730
70773764147
30786180530494869611811374959699
26322809
1612648965591657471441604
0986388
02293
71424831575876622454459200574172
9711761691922777867050
7550
64807039764
15880000791
7254744666269611440735302972352
837911439452413832917
1083476343715424612493
0
892203280069090781559872
9674957648745843139766561
27363584707268953
40933
004122987515
2451168324331001220
13063154235064195998788
622811363435897625429509377
291
319892289599625609870
188
2312172932384090456221791659229
6190425935151
340643069
8586200451033654800881499260060
5349457228
450497551062726792925
90406712640627676470069
239912905672307
31816416157582817
39756352468097
546484739267
667229447562793838817
46999731605050923434704079
271824733154193533906
4285801
58288905517281704
88738449602714208
27
909889151867463233047
03364742758167
2281733520899179214552714853
457354023627
6780980346832284944243894
94529814579098101241007998918722
22775383552105582
12117344737508687571025313
9125
1883009470710106
0362221319026529
33409826064534327154
8006584392
8962401559458646559030
7553452217434431
4678820905651835437678
67353123568937375371652103779376
8080199969952
16
55335809333466004425476968
127302
0947085968844787774376888357450
06777744943144359665963579939909
332584219989265637637125613
530
802751812487812035335590190391
2227165018005034
63223690226
114
550336771341
8155161011203929358179
243657828928062703
568594588
761924999995049213753
7587465452682219156859401315
78062191486463108697041
1451856
0722559684765716591
06358188814188134302
747587
751
5129675136
50133
915422524359
274695908265987932
86337392217590522
0212820745545583624
69510892940898503214007335939697
535025394736926118489311309
5399450842363921
4589738422951237630043310311797
42221500391071
2052347260098001059047215384
653258741
42556874456104353
12934937617966536471623
40472575693
143842643004257481124
28069729298795577110865778634
1252469544551868244030689278
17917881913700496363
56
15083549154741
0359266858967989186972087059237
84426354233292
03658611421
1149501451255121864
99349528
678410062935961254702762601488
13168619599998
913899
7250323711214513
212436521610731
245274974950703527980322927997
44732110075
9
1088232
478438810167778198459327252670
017597093
6737973111047214542921770887473
0769
5498938606473061
0801459927284366
14896063456688432320143572407
242141217
4098342240874295982131619
2673703830696515
88086915139726116
2610464642693732637269388306589
637777
635198754257663168900181686506
661388434153
044737171019239965348726652
8344
65
077660045101429059236894615546
939304795979
362637821077923
621155865043905
5
9146477215898
48559792175902
89668
53772380032035525920133840
29970595036043754566087271
10212725979504
270193052114098111484
6318
99021310650326259619171132
17748400216114359299180575794
4626691604976229051486
966935826435310614
53323358
42770880445253019770280184809116
9371867398
982156902299944082955967
579279
80
0537014096036882350185
6631906198988005924346222836
41525533628047174286495563
703
2608151478309491013200174
9808960295549410031
1239
265048989982378748963603
33963311
043196127114006
504474721688716
483643738687047292710
1530110783043251424
60584102764
9260
17532483855714554
674960781036917068
589227
973
229182273353127
2023012848070602281563296
684190002290800876790738
266799306757526454537838817
25441744867144485517342916
54
2
0284
428614
2143455594365899911
8853396504392308018481174118
274911011722793627433459
16240964379491421
346265148718809675636
989233312267163491697844020
122771470722115119212976105
02363774859172418375779554725
4121290
18140479689407642730679370678
6521991641533031480
417906368099201291617989258
702694682491234952762605843845
526639670116616765983
99566472370
4887068961954712727
8178109
344586309
1647
90494813140041127820
355546805046279560021
8675192710
936459473731609258644141442090
9499060121618715524306
408855283854666777370
35474196753
89790224783236749
247810803
3910410
221
536170504645626
6286
914869805796173893752399543
4956219010959907264736
79
617304663668778741388971
33017024511062663702267
6
1171256050198060474983508
12603751157
759706514506728
401
103024025441155330
33
33467326360227326
48317571024659781515112039008812
1352885449666047013322
9
07376153871744917
16812
8186
0857388686997
379444
013267121030723174612861434349
8596911790078263027758461
2458281269333936891040658
29279478218183727369460612
7187929460995
81628238464299768
5004466
582975548195865895
116272172225
675106496344043485131377852
2469666015884400921
334478845
4005336245964039056
7971699053518406
7633895962
4354473715856245001653918301
5527
4228672491210684
2104534043814
57
00967665539743
369
09125002725639
569
6957
33
07514735447278016451870775
248064621197270
765210123452245798958
87
2170441944446536698917481644262
7491126138838771110831424
1212993640207567607366443105527
669530306253559070
45051722809
9084085834
04328541679926697487913505
84559
93313938427866468
828124074834358027316601641031
36818560967864
013633983
91285231
778713142128974586788
853437875239113049637121
836031830493410241160
8737168702429054116019989
0349331060958
85
2993563400638485185965525262390
53992129
252671
6519471502107060946780
337190355195983684551099485
24997023345845300546779
270314
545773268343558182017016399789
3372420693667267380521298654831
50046159617296569243241672
00460098057348073338018
358873025913810530
194049000
11076072983
661
75752105032552810221050
90718
91955
39660762902
746013345869
056921742203928870511136096
778177144242129
5841
97053651646177086930247289590692
3720121222891499346222643993096
05023625796
0145660667683428765063
5114026682748038555053
44371449760812
80777269699738844692716
873007971450279843
22052489
3522540206675961444
7136397970456312039645559
667108720287285142816654010380
093586895109195
22549394
70059120085723101199063579163
09518276641718062973916758592
5053504
89086114832719004817687124
71384018745314598741590515599
685383545984
67608622544873234226652116395082
262198687469
8001511
34616240517393522088517244935707
33964817
65025081695584976938986745
488549639617573920686296
955975213944635359506778
96153000755425349595360058680
253048
90074317
33965112990018166714168405207031
81449608534067076115128
8
03818333706526203798926538764982
611560283865
9408871468672526
2
523074525413518
223325
209738407
59186578032844825464
7671447107667
365392507
8
711660209154
77882
510561457991950130041167668570
698817558442032226722
6201650913139
962678625678
95
743188438250366323174665041246
15491298055712110410306711
51862415
322702183155534319937296893
8401348824341253842
35042534765911631565653
7885795
77327520633939851675
636627389
8861
75820981418707404727893069123
8629117210279485421462
52709129102213409205392291
59
2583937295
75326392796579213
5928372637853824329616661842
9159
189077028952
6397567
772033204600160008648815
68455134494704971844707215
84111663192448657186
330
3968369749505668393527276710841
5438169079491882441732756
76741930242135700777
828128507193692508021886677869
7332469693723379623297231682
1798174
8949609676
41912335
08070
658403183939278255
02579608900771975485
12399
829
85430700995987239551112
11181907378590963123941185731
98303
371093833585443967489
03108896836863023646367417262157
518411347746918
6042170497934262240
67
66060294
901643438117268590082301090574
4810
5946753354178534775288477
44245440261931505
9889708767310792
3867865
910281356718254237895170742
8086414978953758302051446832918
70332452501913493228618744465766
251196172630
4
88567800763464386968094291
3866768344500
465
3059765615040259127140
03261901514296086
713783
88237558301368960457496989
2208115176939599725043065
686311854110061
3
08887793248488826444903
963327450735859
65629978828547342799489
5332
32337888019881
02503906242484968906
3896
9194751
22149676
423947183366225
39013
405154791
191222519503182398
309950162
7145820670267248361360235040595
966368
74851163683283086883
5069541531662772641
73049627209391268529858948812
64725
48725949084461723
219122986
50796
5341242
850556517929263863761820084
90078139576450703210946614
9288559
09278
76233360653136
083282443177049649
087
766
95115195646
6896026551271061
75484532433660690051248
1078504789
0000105187075
306949
05562855358810671
5716008613
476475367168085862800
32808810286415
51174272848217346149
9567349629387066254992060
2
883158161321040302
67985
2413127510125220409
70501012
28231
36777487897237063257820479613102
0451242717477711
745582010159470
25234436513540
3835656751727598521461
4
491635275199
5780575889778
906
661274929508
33640529128335926205629
259098232085472457
80026728739231
8159961319563441
5546
274477
76068
692912203537242195723974
5352536972689537456
53422750459298152450113056601516
5092619364
18068777892894
94756974454
0475255221188015539913
41759638929284253169576997075452
54527
18307801825571248297
2708621306748716198463339
3703321461174061757273083
1358348861917768907
54879400693267380231924769
4752772563915546252
7495056014977584126587626808903
620449244419
91950117575250142864914312141
88360003
17730296122920228259905311
0764467971180
009966175
58
0258225
179763949
601287
25920139854948362511030231284
18290899850700732341001
465
6184865389069069996820506350618
855611868843796
7323093161483
038265714106906829538636
54385291674832559842908778319
7210359190845197823934964327
91703068595766417
045272759734032539116721060
950926660924
78876970105
558902
64873529271033796319087658
1
97358
254246043932885783314296631
383889304494267623196765818
19309709324847
108756741027203028
0009631465147837238831
22772461459722580625976785303359
9905021212
59724338
499060112
80317548987454255814
53696816002800
8576031
1540066
5879518245539
72176623
831872247340594687162707157811
0
75545855504235128586537989954897
8855614
4589007686557360969246719
61886762022071905757162221016
811520159727435120867099557566
002008
5911627
3262
8
7989162081254601664592292252224
62172854219425
203000
223936078462438927022540455
21
5021922440506000
68252121461418125176604579238
5968113348380295311
99836284790571306394710726857
582378964849466175377743921496
305539790675815
076384179562908
254953189704
831421551132174662
48882146
049151155680748475961407587
2
810049219881571
978167071065602686
091596107519382841957
4547958703254696491490
4996597117810133018281971977356
7751170714073
58080176337
876
75224
637998
51180480477081914937602059264320
2887380645410
825396359061479051
7528819116026
11213280354899013452675
8
0766550375524956431014816582
3696638982250775299335746286712
107851974092555523628323
040288174431179
155407763605303954648990682
3166508
92526024637464
586935716361
95336430839839693073
1758803911742
048959090110108868561
08529
875765496349
0617744352890508046464198068088
6519
11807762645149379063499136914
7188
8200164049212732
318021076632705055381
43745168847515103723
00042483204440491401343328
8988693834642277045146139
524583092662800728194
2339352006184
63366947683852803456408030909
9374298802559881953
4
1229105236724026847505
98029101147906218428
949363991802870520767263
976267
614
6867531415026601177090237199
495976979389455788149386499543
60912009716
238493
45488168
827120260139535
309200504549349743892861
999972568514
001505138931767087302565688
5288475256184114592
07981507929666784748209064173
8314108689678065219521665726769
2610317839802
57818879159660325643992
469437515116
61380062330619799
12
797627038785268984762294545
39184040029332763816923
1381
3274
05340496901594734278
71528451
7204743860153766652771122326
30833612608107365448947822660393
01439189769637951863380267
4627727910
80715571645515311216496756132811
1628798983635919537108669222
40010659765107727
58363
74139345410542315547
89474
9106285147
41
56116571952657255799231590
4737370752533330435007046
240027228
076533759
07543528047
425525599838
835062269828
198509151698019119998
37762
92020217548491310903
493533625903490225907390
3969861582745822303187952
657749
40933851520403307
736998251774741205714588
848477969200658746232
6
8684732
324064493120363
4000
01322339888031758255090101776335
790
12
6440
4948869
3524708102531362281514073895513
3101147714
76902758779
49
39561688023729331082243362313
578670488711703760989595
59743559959373566
4429779
14687409430992478582635361
36243
60329898388494915
0
6663608585815892746
7683586376366168285364115961438
26382386360107590387706354
338439326964573
0421830785704085693993581
498396655739590430213757
6158
375249223815511172
38711144060765448269840621
74897961095434223
268950635097159
01990449551
624
370365733535176211915306472469
55702156696690499236618046282406
033821704852484652578648036
660236973
9906555735838840280993653570465
498108519788933767095
58287448350463
4906904859256403466386
62
61460320341592891
40216257007721688
09880089336741
92082235080334734203
19955298911
795038179692843866445575654557
588805041990169143056
1276669
20288234480693706339699
5497219231362033409494389
28941017216384518009906195
537281
6223
55966438
3487
26224
1223816193238760578
4705627567
6110602
56523
83379
8416757109
42
095292541927
013605105
062106365108814674686550239182
353912315
7
0076244
2411127770086859710346
33242036488
4925171716036233410634746
542745874435453849946
578447488576782509334
81153407925314657
8015033434
614119769437912984105338
33705399084516136491
07862972140
129453082190849782631461
232171468871857
65031630289251097273890802
674661110465276
3168872790662807306683915362
643942274070106256573323527
153467263669000142623903
9748088945944283767715
27210099807277
99560126634765
308
6479681447
13491773060575518696
84665049181880593205
83068610397755290
75
702
1359003055
351069112814785
418209382085562536710201643257
955
548748871495921
425646361252872
73109742859557511431455106
0
7446117994516934821375908120
1582288327183146928856
691308505638859427764707
6017206924
639194141527218891038766592
60986112
85180441596720868141965
94516796004841173252386
1479372566642
35499065728261569
688051
8505083612
526035238844216646191280287
13843054092773183265829494
1374574935381776885522
57638271
9684447604618523
2039818815298152644737119254
453
129
754777785827898579476672
0303939557514
384675908818502
019411526
5208882553598439393769856
558989509322274402542692765
855754992
440989
105352012281888445780580278
58981804078319310919
68332813399405906922367610324143
4811324062132246919509002012503
46768696099503469274272683317091
037790355033011020721
311916583
42894306805497
2797358662599818815
738850568030220693
09853
28202108343955982624126518998786
038542797653583549851107065
596380
10798675397272050076743842495743
689509246080427025878167948
8397307691251771
607566265
7475454995955
43985294973136129791078035136
1033283216959770736382816092
325684472166330
3
87292173904331960834998608631
2813810894709226271936
064729
31677996963554918
57117519856901738429463563511716
558568921
1316670647541756269199795
71841048
96
721780774
375262246
78826
0939474874101889707890212
6651409327079
3657647631441855
36752539935304337
68618394176480747546
51339013735068843093002
655450762548993345666
92493418283469193722122
007931172
722303381164121740303
574326502895861473319875
784762132058681144689169681573
74257089879626152304102904835800
304494530881
82210857525630928513192171728331
228810631818296969
65628
0616276017
755332
226019136934872261
60410151072252285417245006
56539965976708359204125
89965801464
02994581796031559992326458
34617696742472649202189
37
471698067625
5884094950
13622623
65779997639819588972306482
10116588
0347948972332
775450705265628015660841617
6376
49730196953
4791
31356246691701261882798159
55155
2783227508194253049
5330418536982003677368114466
85776702525168473515455904299494
3333897589927514
181489242026083167892740
94796563501775
5471603658938529688098
550190547921
66492002
39420842730969822
4540004254320476164820395138028
1
969367
95694050884892370203156303342
84960937
282707308448648096058675356
37107142347236454560547482110
995870344833293318602800598500
26674665964861779073
1744258681212252462
64821805862373418401
6483593692455623956714022359706
1308928
064400272609971647584957436
4488821782
084959531964
7129729538585058223528737584152
40269
621553502118072329067
9202927481426359776221986
7
097695540016431
05704765916762068080625392
40946878361482648802287369283
9958837126
3061516522238056197
7449620313228095747463444433160
9241118574
63497104281742
67
799783
215348761
86810013789157531890852
85503729840
762831741047998
82383171562656510777
173368388648383187
9786249620061637908534995
71561137075266028
7639
816561139551730084973130
964
9308180768
7267427
322371112158432297891
0937573989894402428692084208
61960369767837220118007
662783
605796738657318314
1376676079023483964497675
584
0895403
959520834946700581176166
0613871
41128792087
98932238431604069
65987
0421
928876121824068
5122163479870731
4580744550419882574945806965126
054937330198381007428688944
822614344184
5724196468779069806663473
785504260196911142883296006005
4872205926645550123109
92550
7008712213065119136291155
013506064830890867351691240
1884092839209607203159497352573
67414725876321774163
632617710
71331264654643641970883326339
0219020151955154338
8825707848436433505995972295
387297788499043363
37471755023900028253182029496790
956007866
286249355047651617048
369557182865018518843945563626
94857540078617
45510
28570018780289612298516635206952
941598234509917717081
001633244090
9411992935116980189529984989933
2894760271427
541
346602788489126426370
215143753
735969147908464398314254412550
241605783
1446
91
42951927
619703794
8451522574059049478644765
346509836007447964028
92
61678133694797124527
802765
7004503656458390
09478754170467285618198798181064
4371882644998907659743020426451
8770623043332001467
291435728695409880650967461325
041044566796647
57225609521937749632
1908731588707336547173515492
05862076067800889363
99062
61944
03537998317226
5525898718308
043132359897
45222875792663
706024004357295142610
727276927523233324
388
7428091706453
6636034
56574
88229669
5845632055686599
58042997148211198007034783523244
4285074064243890
58294
2996943811512345655602836330
46719334209310119148
234915229234626578988239105
25033043289535430002424171
734585396
554374296203781780147984168
8583999202
74027078733653450208314993801
24294672
7994288924965057901509860520552
5349735919050
1674951562240641
1549619183699390
21142
6
7919249306516640802086852
46690983994389647587697414
67298388841218170608980005061
503094120462881
5649343966535657765
480185900672898
29956896302556024140493066
2593670762596447
341620508640592
7727558107067760433982790731600
14
7145527699334851851
072099965745820
7740965
59604373653
9
455775285200404234417645292937
9864209520635
88721411541806306406414726830
74416767783926203
290506856820485113850
6008625540346651319247334
265141169510780
497083790515002579615179656233
960383054358714730553630424
18481508117080389
1052745743515819042
5602699
30361400590145943054565
70661632454718249652
2
718
60891981006620
13022257884093931204057
47
8026865719366
039890681554747589
536369
61696825101324358059315496922323
08
3228912695873577606006
552367321813384468620439
4719604568363748205110
8379318
08974
8159380817
52133023
149334461829834936092342221699
0373333484167153165349932
944945057458
3013885144322383687
60915745019721262822683341
6064212832703054909034908
965856373122366467189
4298433155512
03
2848751190748358
53195430748631
745548437675206278408984395443
16926687483014142
9146971885353
20598778009216
26456657096265879571
858598296818126
03734974311368438505771446473133
0
9364980
934946208
412109598705988673106855
24333725337134930953648
86657023472790824939110
36987065290044890518683473626372
039896874053544853839966839124
2190470618712064546876676715341
143533
6451678662269719627
5
26
92
58552473
9486302702
77820635275
7408099860246158580760102
665457504902355440
41175
87014256066893645278899628038333
00226592
94233684924911
0813457
10846592698504978673
74300851657320083114991991236
14459032660188998496
98727880613
0652940177289136402
503385420
8
5460806146554311837779
7769151344507016090052377002
68742994634268
669318575805479962701538541107
894
3967526
674533988178270
508451179056633079239
1520476140153204335245751925
386979708013
801247681798262896
075156482366576
1532453864277696782034
119221299507962968107009737198
02985724
282735724396332
96378650492063665024941798
384911495606091475072498
68029
9090453597149137364
1423065
2252877292
3771686663
7172715
5346277340102225028413168247445
759894051
4206460
3
7889
6513965
114023759
8532763230
588216455308996155022199876405
0
991350178007890105905646943
8784610
2642964
349863887842424322182703
2168739878523
52504593890959687
58516114664832843898681781255
556998252151638351450358749410
2647313422859
964340802400920149
616437
35783886290
728
252696387464803681
5908
362985443657
17707638724083662352
345670058732
80084721020690577007
0
941660124436826331606
5952747032556065340286
03467586869634
582160704933
53092372243582721818000474
906489376
077141104771267931789912226
2755914
26550337755657124935225936314
3930892951338904793207970
22213
8813640141281730502941821633
0789334620129296854690453378
2
459337690169159438
5650077278786916
4465569
94
5623621021500718962455101685965
73433973017155476540221906
9053560771372528892
341824118681589143318298
7925022904041616
9900035652489985004
14837
3761639151
2507991368415615182359
8
60464773115873257731364619281
119751124675023
429
40199461007
3432185992113650184194
3
0580740097446280189950998
89365
447
6658480474970074424643606516
23124310290117736
17284380086199889504862158784
365046499572574185827104
286579780159431
8383301876311539215570513
337564061441000110
827213676814
50447821
955
588767517522502406043961
688
11023290709
38940130204160994496
1039460966305373490
65831759020
91299896292374814
7834887476173806393281959082938
346331127084254
04065330301776981898261
554513698157100902
324121208343461460941394605561
0348
8217599333092064791071
936225043137084254
554644011925523453995342523
109478243046771313389
1163
32434408968
100566523633325980701868810
52391
54077581732
98627790764943799146149
04484212063092671
56023
620239054638539714
380885890211
05190
62226060879509
0194861886047761
4031
9137422237216793
017240928899219236164
403940
37588585737637477707035
417585208079782906639993
637017908742
053216041165808057378
1769370094130002731715347740185
92069355
900965867178462548
295660727832
54350625429933204272945
216158398609770
72999796923464442636367
2090601039802502
7983
90394043
650760962050310219199
04252
6347619311783446153
069808321
22508
468254065247023640675361565288
8690654678152567
2477192962389829398
08044881
041387669
8326420
90867151372959594333
565303
20624722949018372347176872905796
166891605755934922133449277575
4748712536709623
565
5073207586810731678745756395570
500056164
9038039623446
14
838722906835137837533686090340
3
6603356702958297
586447298338737328664386126664
59591499723038881
61922170948397768013541
039118870193233309812009
831132026174970973383686231
913569036677
0748254039925411482229
8090
937222850880557
9
683768855949100243211032014031
7641283361700450643770912
24554669048002238243
33867333086
53
24984744043585
25
6480717824808
053108863
4641284902113
5382750882714
9776082
71192916412
219700
5804593661009254355784
57795774535097828167912689593
493367018205731894852698403169
4753466537833
0
14068985192652
9654654047231819008772533
12768531486546088123686200
0511393379771930694455734124
618455753
65337
98906673910959874335091927
8038925
11624722314
40043777726013419145004689213792
18002
058879353092560402722814881538
22555657208034
9
3430856473738593967695443217
8325186806656595699500576
787740785392828376807810075536
7773461482227993038784382
674696827435523968291901178548
180142083523
02417676732666506540182
1774552403440
325
04888169995
747077213892515854
48830888119574
550309946763404
6728030991438366129058597
8897087302059672731302519
982478503484
3930416
0571945607743168939
81369220
0
5931144
3
04782791914296279
0508088107949550258989531
7098167119376
31454211908
97830548149791197144099811
3306374570047520847586552979849
2319166285642919967011999
2327618361522001532
85416404485909101452762
05780562142601617699006682619110
43394
08106647533
47548875850707924374405559544409
6544251274396642821
297658438569
128
6863178483355322105356933558874
742531182299330774690655083
18976433931619656358764158390119
73485115332322999710
10
6717634485763622654661328101
88692963
25
2833134596748011350109825217
03151080512985146846
78323117352
869857643374653
064411125874079713970353
198838548807139316795738287458
912855676034200645660945345
562063557999932617275808488934
22
97745993884882439437778847
4224942087983786441
134833190656520598585370764453
09397
064926323872194394876472383
747
50283413125
232326783089748739554230221396
45175131650923944418692090745
2844865210247
854939850229520783910
868531997684021945513515263700
897105912341791
2899012785567148407021
153665047862738135629
17646
15992281117930094922093
8335095233483694113809000
0989
649256828851471338963861800
83
3473
8107301527513158855
095898213411720431796397626125
9733217922776
6660381035688582971136447
6634055409386
61224694126391019
231562306
558329435
3686
4493855232216
6
776874248346802894350
15702082100317567876
72290220733468963722961
736
12690106550329248604678733125
05748219335
100197057981703247
213394952655575815
38780752551152452706
962
670948501961272
79127848
54042937072856542877898263409609
2269584141700763
5358393909630422093951
17
344174
19610983257565366
5519932476713014811337459426
54170746799
658243112116
48241
11622828687905197200179029079
290198818150973101027585597497
1
68398462251498679650
372304781987846071404999059225
09365689781742390827851346
48351
559772225757958066579548
8985237211793999649943985182974
3601
065887808850912598952299158718
02780674178009220
22168228275048914
47266113232760111986
372446
796842373251497886
1060370639316228168
0942385939104163159685045861937
955207
60963437456
5909571749088747
481296873274790515766
962954882465
4
7531371417655797330422
25558945003342797832423818965412
230739667756657308880
87938382928764434288323408884
130317978834
1989727054687
259404687
6779656674700334
74118153739
9274374013658415533189073788
60432868226179
5406232557799080379
235
750987946689195467499239293496
1265243431104732464312
8579428818516619
8620503240734669146811
26311080201162
4
52095261502264409824
20129200954313204520976829
3695229495660159604979876
98175022161344791994
85283673838466272694158
6144717399184437318
122
741889
21174032687098281
0787
58396347649042098263
209161207
216190035808833764114601928349
610982628597
91573212519305042089897511657
10832
34911716063442318668233470423782
05
848321511046862222707
07
6934484321007405
565990
68927158781036
398239871300903484982980279
20032168106163527197
35749917165758736083425
27059672
7416608597020172713095039973256
641330983366092017525069325
122875999
1308116013221519190503070441866
29006610898853470702100508227515
27358
373
022250381852366
49057096449222088482
986239
5975919759435071461234857
5044996799886408870837438483
19190381207788
8964923618
544008
37728096104621225429119
10461567089330850441565362022
3263
5459
867764
8
334
6173
02
90563
70176027319436321762891567
110872575119317156630830140421
918336012310037079
310
9672
9274714867010344
76660428178
12364140
88
52647562378194653
04731330280205531419237958226171
552786
0032872719860309970142
552361540692151628919213855
6
3954557528667047566391
958068672113
855043
186397919
6689893570369003122252
08427361922694172674399746699932
23623242324
1748792622
153535411486149000394869088435
2619883619926
9539261069221380960449
014279420612240503170
387225131631042642008177
8417331552
8017
757051978091
4013106886750409384793
259470337
445747
5421306650572220489424432833368
12232266415238124196135888
16990563694901825319291
1570425672
7682187782686411796563934
495879987095725737
998350827998745523
15441992810064
1775423178737
42210763246407164
5078089701245401388733518
143920072373773294
1799052426482521213567955631428
15
54473218
934
3901702617
22358299940986350302137887783
4320507379084795994930138977
336130
4622396975
29910496540334263750318901630
3273463615633
24888740835305
385
9455833762027627658714514776
18675
433795195141054597701493
43882074
0
71885861871267602
5558281777187547
129300919983735
3190099440236194943660
933696004732010524629720737191
079945254656792
672959010205618885590030399
7072197787201963923
9
083776419152091
49857080816737949794867604558
324347961415962094929695
786023187729
867130378
64657300013470615
5044724713802902025
63562665516707041
418738008438267470643
37369999872520
08117577598397079
6337545217553636343336
101275306174774039309793455
43895968454041825671897529
36
97424512831824
5699
0835433336930937
34231433
195875870410973552850104299
747685386233172290446673480
20890634471236828233232863703
0137036995
102136557618572526
7081488810
9731865300193059
503100160820319354552341
43806
142225861736006
3144088570502
36958912004899734485496482
2566618995626131
73498689121444029795712247568
52857
41560723648680125114736
51333935877
189589170712548446828076
303
742894717813986290648783271492
44728803387632850911673109897806
0108885
902428945635803530221
58754171560026066646854965
55852877124154001197333
6268716
510889415306024418195644231196
6
706396
90355340
7102517987245438230022
0
4863
8117
705453196678453198555309
198260790419401254
68551186213229069623510211637
64103674934798312824862081179
4892647100279060
0
719524356454674851247251
5740400734532291603726004
36151432724558456296716388
8620775762347
656249343224490323
31814386349573258
7146660940365248927911
952
4691532957919662142
0013347664775502349106596
12262134078234500385966576
858471045204064267841593937773
602454887
91343289
749443429581123
20
7043801
87822473032077
1103940477712700175715
785385228580785306
1323165538876943616283840773900
490964864344584666006212972274
94502507249
7
313773097229111325012
6907542782743920505229994229800
08
5221724152588360
1667956612036
545054518
5071412690069784
0198165
16894186
97564852079783048600847128
8001864186395136603
977875782061853063645383988104
23225760618268365
6598701511851164330
18395048
7349691594526668347398756920
58592693762149524402335224767
5318815689
9467817823441246091
64
65593237
806513882569145210517931170
47259979926779414164633489789368
8586788198643955773025
57634811
06705
8
2722256439148678326813
671645475817590516
74852810437
835999810036
0
390613100581592204762
913855385216584557799
8405284
7084
96
1240219107370184978141801474535
07768614669583911
53008464401876
69314531179147571268497945250330
19592252708013371156069
738902785902993985
2220
457520
645875242217900724039103561594
70628269886
089965648885736302187394
58993079752021552477026780341
315033626175682498
860902852
80431870636147621104426818090
08828391
23850746556433110
6103
9379412201045990316584161
49513757642413679354674
57349019391427146398315516655691
45224639308662
3595653860305
8
625839610014
2610
5743872024881116615126
74306
930445147049828794
8787538437661125761517546025
963431408538336665565
770943345914829367
853598575447679
61866771548538097467505
10693
65577453
3
80980105094507398128715279
93
535018890118022257
39
14839363986269025093
399203868828315135
758051645
2321378121933595023
2449471976075377557778921068
592882124621382744374
661995
8134971790272263303760426868
7674249552300437
3010959493
16703271
660853
491366541984335664472574
62460043109511522736453532886
54232291
88032731917785691018618101179897
20990848082754094545435538713928
55803
82057895761633904727656156250
836612349875803995104959106940
799667558532460057139
088182500840857967
68356476
49217388799501724332693029348240
1276756
70035498897074
971766226218046325635315885
78837
664866577674063024188
10212432721302774
831384489557888270
14542
5391034035808907
9765059976811766908683
8718
526883013284056898225485775
469155665885915052702759
30587
7795
70043105299531018
37570726224495533
21
24150284265000020932109999182368
57534734346015070279542069598
6290351499754091219508084253
7931896742041276912458
049939
9027721290029838303166935784
833
6846402745346080710260235186
643206310402063353193557
61
32
378361891296610091464
35
1823961021417381646946
934767855488214319164600
259417088075
539417105957
4391781776985330925
222331586028986749787084
194472170240579259
4159928793496451225
4637497055431088573249
06655946271447156126
72034398781102420
59141491683333
98983854224543686683
673380461273195944482545
93612000580552
0638628
054702353168
8123933
597369
7638301234607172358
62
564
561089733320856722510916
2514355963194425981071158932881
7829433023
4326548080690
74258866055290990
790726113564398
645734133392855411618014
71555022386548698322
942056173
266
774856292664217595916082697
06087
019356843929758
1332
46356023746912411152472286948101
7
2007
8555926835695005231
2042474189019549223
27
84927539608267
264551826315452995071
47491527
48484294243840962356
629624469794269047491
87233200633378454200693998
7222115235198655096846252211
05825322
42338622615610137234
064207
392005455792394178259142420
07855357709079726882238681
966916439336968
28572226040628012246589348575
543667164248400049836
14149452615669654
486
69996575303739369678
38279661998409548906085
3405374079299688951520339
965
15153160393178981468
86397221247437583126
3322408279532032367
5223342604540988540247624457
1291440
5058545232352579833474678722204
4189750207463952
61842250966649126758563412024
52235570341266082313
287124219543642474340475422
24053939311515411622516585258858
8498
352543319792818574101740399102
1273085763996043260767422
175063
170992289373
797139330
97197142
04916251091121288585239647
446667884702614760851317580156
0889478147983
8773434204041239931541493
9
7381173364
111521516533995
48331263415769588315019252166329
256
793817717769780
53133187363596362752640582
20136479788620190797998908987
52137246150378879507185719696936
942
07165788364456113807178988
29290005833176272752959927049969
129145743
7825
469826335032405754021854672
73960118937842
989947
81015619637397960087090986167
7696778100
1382575579803295866333307
14636042125122957
1330513160841393197336639
83959590099751322
63659274525483233961
748999
066081131623
656738520468899651115887971
2071534926599
8
7595545019087053125071680173
866327739139
944812489583491850
66317495084937
70783590938
413680744192796231013
9429247
968
7831913020359055385853375801
02413218907773
062136939
951477790508
9318805601
34058444611069933676210298131
960418208065553917793292083674
4438226
128235455456209
800592034
33982627711139463378510440650586
8255644780
020693350621105019939
42551483789521364479
7276946472940911435703054
78257980505673868465
473159477795412623687184919
86252792149599461310733668112
44432
9233164496758605719
4591406526198329123366382196
9836931228098386540156581334613
1360967771
0698791
2285495375688224596
40787954428
570905823
060773420438343515799572
15686960556330
8828942
7908165792977159672501
72522106298216363958039968091
4656214532226
1427494993610445899222453509
19164763378793716084134699955268
685844
862071460861022702879373
940415653826046131139605517408
1854981054499649831515976873214
388119363906875
64566131513330634450
41474125586540065723002
24534560633
415733673787931
4
2101599631020074737217539766735
42604080367120299933936
829678782869202126052827965967
999
596290
1
1892606374
09609099
5933227712836224714787254138
1674813608621
24940977
896654559759
688711127353055
74621901499654
9241655148080273279793263926
8708292755595
791516355942790123
81386
985592
4040983297239845455
7
19583049
73517277610193864914944
3483766707531782
2
09335
8342647
02
248912243
288736508255634736149
138786
71569987229
2029603510480167017931451896946
96769542089087794993425267
80
53129521846383485201760
90832747368483991741654367909
2770391286152841281091689
886123254504241426486598
67364440073870876526751288925896
72
21778026610630004726340
0882287166494662895567228946574
91600990712818509877337
38664611747
68494
9414049594315847543759396975
0245937717
132937538596515291283
84988873
43711551733824396
0466
426327195399055429
8008175563017831454
3339152886
883760524488
526197638
76
9443650600594904009161354434123
019862507947834208048
77790052301498805314
19833071329192732407743
6681894827
390540520789327420
21545330992377088051463606604288
481590973911077975726214
5493764817610141
35088278094
420592760541107
50975145796614012703044185613
91094336481075
5112905
925781533953
478106035336113
0830136328
991718904642702
009067643631736
40542
49316199
387858940746892
40758462091
65530420717427750854592112580068
93
156350004023583432551442550133
1063014414
46361
159293305535385464200226
54272529788
9137
3656739025
3209119838837263120672
23003058266858333938896176638573
16000030245600908375266338
19175164484
555031534892110043
9504774794523936174
0404386251
914109655938809691739229
6468606098371161525843485433489
5818389510381034004996088471
4
975250123886478
835924986839353
5082504479174646397774
407372147175460625819
550700243754
560746841244089374826573441786
9556851490181315653730
307303212118456773457293338176
87134794813
04560111037927431206040327
04245601299265419672128091495
44794746551191
82833169254715255297948
794509877
942023526611702696193468697840
640510378737260
929311477624169
31385005440504087482450983
960735988949804
49734121608797868691448
653303552310536586322
0046921723
62676149999498
537243859110326043525
87453410
277858
608812957297812037
86314
8822722234
842509347235472
86552498680
9671972389442187793640315
80627014654706177238
7456276930427888
2497989452695966107285
256580442946737
31703953204158059131281460
499
49553918313848761
0823560109373305442968086960725
8633930440715147014077542057390
0812132940071576
97241
5944569644188530294178469564
28606678569690542187529387
06996755772236382758345492
96931574
650517705523539928373513
4766655866558678391107134520
0407271744038523523869
7
7451934666095840795722194100550
845227225612
3012812777529609224029306652709
828075346655989537
7889596
67865059186901464463560
896731049626
387
62051121
407772264274325355335
54751066490888715017516
49435914
408
578783571633703489077904052067
43868669571333505176060
303784741996992738443
002341884451413
69812284216053855
628
84064547
499875
8659148933
268487239047
1
9
09956058460197
0320996589968522081620943769332
556818903581428174804662641
89313418385743
5341534201
09060593865
587752606470660
8704389591286917313199578
94927230366911658472816889771101
0616599119475473
380597007407751114277964462832
804
19904812958459317
36931165545127656194205931992109
639869203705229
3567366460766364947342
787578500263812656
9358664858095
3
09856454598205321656605
71
2656695463273862098867685
689386444768098134278069660382
5580873803011822792307
44769219786287
7470595145947333447
7
39395314890013955336336120774
235075178724589512044416342474
614348109897986787767598
249304012
71057970795200177
1849446996
67966697925680095060030144446
80155251325900347160051815242413
56312281362031829
57440335685892842819164
4
64858909129
3940115595819728120989
203716890265074776664184
76033220554
023650727352462043
13150
477169312516878811648
52182198613
6419
993
10989469024060701697128
0655043867162
02160
10799128969935110298396130
753905642101839328725999310
75588236964297333840589598
27707421555260533
501658612461443356480936695
25044
035000875076207
8129
4187252693925943435097712690
18341391555121052725165695356718
0304697439382645908
046982
9225180566578066968539085
2002377202629288635
74884718
254842711746292518953
139529304
10308522310012
6082338502731528293476344551950
006157765529471162493295589
847363197493551
343020561
31884388169428741759
6868469977061763743456028580504
313926178213767414112335208758
363286201117060178423490186534
435502791139564
168119615290663142
042774665296666376879955189525
6
226369115047438236486727574
752082159940967698158048590417
69896134074723
475848746723962449919216011914
00284686580370288899945900617
94449606772650518
06844882568617237250007008
550232427
971735974695894232591469352207
6
030017707
52655320300674511746364
18815571393533045
5
95518787515512072583412084263
18974102111495190493692749641
84
731402922260541860
87607635219776266559858
173684294075296750
1796117805586118
86163533336897
5728102232796
386716334991536961
917917477398734839916472
525461025910540
0488128313671
32252270352
015
5365737266879713660
15439287261583146860
9931951961183713
44574452
59313487536345266024739405413
5179
130248
2680617286530
66017079191935665252075
6974039517749176434
061620051613912649902987315
08374205
0458620
2179435922432483162231
21
7642533324050
41662412346709684118940823652338
48236941
8742782640887627275127803
647603996
950409052591
47
0101
004116368952931133740
0164
66118824253819064940654712665
741534115544080721759982232034
167028884740754491548672829568
133741034689095
63359
90146949
03009534
589
2665066206531281742
904491579178411040754022604005
307124540407
93415
98417139616187119
2269331505
0672571707679936
9304920263170824403479344601
7987630848276506700
0151331
109353620537671134659
43326680868793
392478028457791074854041191
6901458140176279593691802490129
8274444320611264
645116799315265403261648753
78711261009138187859271231276
29001815701807205156
882124416795865191258557
73560447
98058864675900868311
8507600190688405960675257
923
775
22889
88400
16597611820664
679384556915
093477587826131065977063961505
48289195557778571441716855202847
411988710725720897
13872414683297
66363734578234136033736604883903
96354850205724010064
958772881
47234109950555183386
33924
3097228396470469304656604229568
94751327361665057610560593
721907615062211763257589966
632
98517439211496386822687425740068
2208629881170794357
161479061803682441308790967022
199318591376060064518792859
381750560964
41771639972269059976
05310890759046763
4292
9941347979730908482
75725210720339423377269006252
67084936125175483510
6418168777403886046463403334020
0279393510
78594
47811033567
294051242612166140988620073
13426
0
021162
86589784759542602672
7750870315
99859484500926526298445549813
39920843
343306562178
799236220536409671982147667004
427340817124758142
190851220688
88449997626559628251516553
97309423948590471743966
098531980165658738139
054377373314746438664528532848
284711579128248470734338735554
9004434730279333228644499
5651204647941911927
207169520321756408502683457
95097679867726621623694035511
270960871254612306615857264
91
64111207387677794209828
56303869280432394929743
2251710696772774438233881006858
4568866929
7932466132785148626805441
5
104227208342268
58
0567757152044252855718166770866
6342511671
96682
24647428281555095918895750
8045132
37729896444487050087960985
8463
689106589293471086604
680249379414
4583853029290234188737431675
75688446011962249990
3397045297842
4429507323052942102874
76355935813509657726
476440414
04462866169026351937856
361627934178
1678714690405727169416338672346
8230224
4024010369286250532723549390563
9021108174661
5522802905861905260816761619069
784098261811713831050117064
20506143831516896535126
003702945995866943
225411
6044362223905296
509400148746710693168
5830819591891726696492
39651650415165805365890169336966
9179107426253596876966750098841
79878756049818509553356
800
65
176398041290978359567330240
60366345305727704959589
228410703673587693366514
358738376426693
32311053513421182106012
8
8014813
818975131074161469
523505524791909928319335
17408623087049036548
8050334
584034393197323289099970
0300797588295004
35542640650938
9726796
4599380763603574485638982927626
133420999368451
478931026865357455647414687369
5044002202069161638459799549
151394077669805688775
4860567825288755543315382022
51005136474042254
1975647653
49997995661189168109721
6396826491006168521760233332802
3951079174973
6475843549134335486
5832
2847204173068948455262212452
35434179
00942204116612
680
08171577802991912999087358030
15
5971878
1170233744261526611422101
99270737912140
4946315526387531073
12274006484
229752011229181616852
9549765368960154647737
135636042591086027887087951026
108713549212497781428
20379307141628824008409306715886
582795021
7090318355
96295164991443616840956083
5813136175066405
0411683950409973671819079
81986906353805018854
353993407109996739743090177
12164
69459514887415147067715347
2162179729916816764009
061644866794491750374570833049
5046840555643673
4500569150172842743065
2167067801122735458583884
701240208969257771482392
97479084267233
6178724408169
426176279779560127
996673094274160493911
30873246
252984164796
61
376527590
0
2669195653694969
39
8685081103633715949123338875861
565120726
7188634319454259400325940
8171859
57278878584
7216533468
35628834963543239530893442930
195571215698026240297393403656
14576564045794285155
402133
5484645063562395428161367
3573169048411726315
8683219137
71451851905171695110
4593663911
87736460112445620
078265230233991403823
77431490478531153
42057199505181551339399205327
00977887326908013255519
545214300579153726725804
87199720195338325519973858564
5802660682
63725570862411713009605389470
59759422682368851916544543185102
5601519675136910857391917622669
785900384703164822218972249638
3133989468704938213514133
81399675026509887621069
750380606103564614367964699504
52
2901932025
9277826213752910622493692
8404712488682498126520658026
4492760274447250669934
39519525987775277
49760761540
78108692
28072087914962
926264
940421000051016534989918725555
38997849505520081293364521618816
14349749
49998303427
429847092304745002682809383519
12041928636661
1174398471912116114090627467252
2266642892111656698240355717934
66626880884
592824173866802187817
7192779152542315464076257424628
7572594
78900405723726762919341
583877
06172553106615130001143193676098
663932437047144373347
35939943559336352696136032079969
0664219268385744665050
4230426437460302866695
07584483312076446014
9909615018584606310
733617422080750
283
1
2431515104
284521378155979449
7
71037
19217767758973397569974047416034
97069407018186907
0494261425718220860247985
9504116829870
38714431893873
3791094184781
9620618082886042564999189225404
96819572211141032954918762883734
37974836584
370719302444505323044
540607948482609716994610355
0573243707317895708148871253
2586358129242249122962188
1510473220052646541186953620
623963634511
38591906833382570540
63292525737239069263081259275
02317646576211279556491157327576
1074649482638
2403278889861698220736174
897281716772779023285564579
28215623067340397523045471599
4656640307470785618186801090321
44944783246726822
0754729901828722414289523604
9859786238666817125
151307814200308
8242587804835883681
302806925289352487867
59726278021
51176
69253
43988518689203624857973447
2594256747
53873451575049676321869270916424
948701551659
523289372
7086550717421746773489638666
520833530559023032637
74627408489972794792
0660
601188787488515469406
1248939460391
0595750097436702849066215
0402432007019441799
129
2989486590601062
4716426151
09326610
43922190981
3657309179413751171328998413
540645876188562711
6289214441144536003411884
6695748086753978556701660
375917984498332181696104
14939164659502354404246376220
936832122908878326
6761356500627167216
240608323106736473720045
8
9960
94395977
917423583916530666773915
41081743270882
917175219710398700863
5238268223961299971587
227627652
8647227731
500718503300661718994846025251
35295
07162347194676151
71665159563583
6166132098574629178769856
638426766846597230896355
4096920485881781912017640
2
6788593866538004
303268476
95743873767
177
018669880768
57591585299446303565516515027300
216730
935224127568
438462
40057923368289
289271432797671934338
183720331039795329419773
3934942628
708071
19
97
0504681670468193365442
93888494807038
1657484432888731408
9186541502594140290
2374149946702667640962269
538397354338164374975501
66445
724538279588260854821130929914
690751974
6
03241734910588414851320
1370721941403730569866
4864
41503904205385
9951
85500778580127344374436298863
4663633820539087663850294973225
81558091699139794
636599696574880957253
784122922004127865721947087626
991
20550813742
97851826277202363993519
50341852
76093910194207671694522949117
641492820910758976025
13419966941092992710209874
3248040929541540213
9216437746717826757235
6565946610566535200546
0566955289382821037
83483272997914
445335099338774109893630
297152002900172538681805
6857610862686320671400982
09800193
38866031424305697237937
7532825286
31823361270062876457292656
95900
4
57965593913491513874138010430
02349839630238
7858554025370052368751459364297
65968601801907696466132
345318461710942029305045
9645567613157375
86364795015583030122
479329997
6408618495890756356966
86751964373026654570119744402
855688132613497
01269111296767299014723801209518
510176199995719825165367
08956
92668376794840
769151522177277146731
4
9118594734425248887
104
143338445384514
64776713
920871143916
66487277440869254195322063355
756279838487133341841
897
0348370055513201538
70310020905141349991
864631652938076679910331978323
734452685606287114
23620540847038273
58
170511882036486422390
6
85838184723549817936228648980
2114925
657239629054069
7512215709553245408631983
788396499
330390966308788977328789112748
53221650830167172
07153
0252189238814405
18693426462499
97555722
32029076076287000346
8276557070523
63823171231753974794190453
7421105345700
1096
88287589409197498622009433
8
66396495479407574540064
829258287568129385313142
7273562604922747263003062136
71347040407302646477967546052
63830216
933996
65
082
0700610839142469059
688467834116592722745375756
519808397076598
58921904151224676839697286
00941
522967909225449
894245383502865069007793
28265
752053033
3734566223399665738501774
28634667
19941137409198721974733
3358758150338450696817522
3322
60757798423384591161
917043038842709993
26580227384489252555898
795508
02193
68872786323875480
08478676407139951159
7
6940839448734240481798
280197928095673556818509299
08
2
6
086490090061772
683
030960731012105
19594737116
887640158331479744709
9407166418
078239879500
10738584934293992468485263435
76595336119058454948
95272550382498238920336
5286425941854017857
826338598228942147270090205732
113307232
3047890131071720236702006
2695229900070203468711
32125956
60940449843953
98942857668148
190899855000592316098
4792079837544
58193992396661152831263795924711
3090928721
04338984221103
4106831605974372876283
12852322731897806098377
86525401646825000618371087
7784098589896553941
3
302192662044139878546341714
00745577883073842576
6649946277651578181249447244
388255578183000526055079137
036642
2
16803778440
211888299741948954815
6151141053
01561
704004024
20757376
855917794302908322385255858175
0594360947868704077
1607362876423
72078066214641982566910039831537
598141938737
523041509988621524792495302658
10035218324927652070958
50177588246340025482090928110028
61272661310278350849941165673
790359562683929647407874243048
769180621186090426280777228
10913302
40176033203173561227
064697325265244276
6035847
7928270474229271647
7996151995357553597417108
0222923801742117812203
534684035791510033296
387635531039381262275575857
4775063419866484058385389000
112538252904710713395522987456
717939752147659213206
37817073319
1909525031547852490
77657460566412626872772724437
8053990691538714177186230234978
52385392791444968
9934783499094604082
0032877523314036228093633721077
04350482
2221634861918880522
61829971340561795
48054769874482048993642388865064
953353261902921636673
709993061190796681145851868
9476
96682153245231589
0189935127723254014202053
1460
7395980577305399543
71
7077451796084258063
116808947164
39251449861161407257679674
991953438154373732094117981
32167844049409700
83957540631499
13017635892105566988576
21
837868412
625979426990136828315537614
47269294952
9872082383471061866
924388043303764026923591
77074350655
04717518630654
95565609744636823
3
457460
736309220481138
676761585027628284826484
2772255990337750733986884914
56219763596593095894094487
8035489170312
4697555153135579352548962
1897059527308334966782
14366010305724224036014036
703434379629765115656
32389367577
5986910755825494743
115900627617423784364771373118
28064113569404653692
58633453
64
506225514992203076
6721296
6254005056172094324959979
36810222370109200029041067
3734130791623794473704163
176053
6353
440886614662021
1981299423773
6
887
3297596503623046517454576734359
456202792926795654768
69721867947025584
1940146366879010423460420958
31
4570314081174400571
7173864026952052755694157523864
185015
522477649289993532160217109
974794
85147185306864783934863632244
349983269897615
869217548969185433779
8500
2211179764
724315052613353578828369186587
28
457
665168401762470
851680946486
9754551279
28974933072257
25910117755885
98917175080
67245
7754705
1640743498519718814687416
76863
3168393
9846900
1902602117
3166079139280586067589908
04050606887974883457004155749602
5268364065
376290044411354356475538
92739861564417085
537559866591995
7636818393914340413129
932
893808341900228598851638089
12501550804
0880933
1342295
2201
634020
1747269890444191645407378884
78055840711
391280
64014
32
7374127677
97658048083203337550
2710053251694260160301025
3611561
190158964138934184997073640
16515
30610271893471365584211109328
756986904851938258932411
77086241440507
336431455775560208473150299
7845626544452588
54715378506
9357793759658227
081182142981626233593273469
37268351744374638
72773486476
67700568619841104387487
9205465773981847394720961
00967749619488338672
8163029933
951023173533798417
974
439101877844037112177332
2135775
177377764971916543787
03322562817
2642249578221
2550765
82010766263906187
2990734320327315668438244121
960717
9911267612678598045
0640391795280177223893
062825501185751730
5201467883828578105529881205
15506626115073698983025
887644836516308852193968038
4956203068198957398536495493760
877821454852761229262
59957
32916896342908775869
5583151680374498856014714510
99503374697524873338304
49398914309282
16396516470310423021092
21845834151
1382207016675541801761816
182598689352313566566
1623919
6018
2391167
34766330
42838
416941397899149770519853
15859706217587
10
4664448682885180147494034
38
279167436077111
3272308593724417846976
742578403923
3417
52676314193174071402169
97367142
5220
8994601779981
11794400211486764810482274622
38265790
485556856423
998733800513
8712059574633727546665828
724868020
08093562373133
058269666917594376913713963780
96
23416305686539362629
74322529414488505119
12104932924710291726
154
055852147
3810491980969235
3976858412093224
275172289133245393
6
490331625127480
58679652665460637
63138387019853325234354352860765
8898200904403
88448878
79348877895607454311161890547239
920951505604530105768
87895985377768740038132700992
765713071834
00953703422455769681177153225
5
116921073388058892561200
9613972
30355741716820
25766
8929
323
04833255100354
281843
35141819571813
6
7602042737153172594567425
055979841
80501054
128225181449671120662661
606307212395461036
3684
71801996202462088483837
22954
18855448606591243797173771783
49709540703136526
10581939990255
33044480741369057
373969091
33522290432995
34809881157475815701010374488
40227322906
9759
6237823117042142015
668452931013976007517503138150
61268500356962222850370578
2048415
44156046118619815242539
385097193405308749657
92296001
351143154075511351469
16204919647189498
008476090832245073293787
43
478
78250483469945502882710246381709
6342390505416
0507467001845267046920529
431074576263171435345353
380
4461867313331462762100672066764
9181
4087102582724729594226393948
956226605855264545201
595890
97542844586367296579634750
99
25323308710522574970
36356380139520347
34574611
456091
0321301144194805241762884
41262155052751534
5
538
4991012067313191194696203
864317642
592270995745693879525966267
29952679834743959629349167
074846912422633
11904709441127370387337
515801177994198838
397355396809705549883
777
2016664779478075406254373145
8836715359475371445588648
5224
4536495832789206205237
673
8555373171771273636
91
48396710757159011899
9857469847003907059884976454
382145
8411
58639347118309223216647
592203831933558675576875713
74671193
88662729909686102115255932338346
51967554251705182632
0873920351678039535
436
788329183385195573082
18858906448551398907964959228
4659208046937226
50621455058357015936377406915
50971893628554889
8678332825624
9010036
60043406870703116276846385499637
5397541580374854485182781
900949837847991888440437655
32621844931832810206838
05622941585033885417626414
696256180189
67143
264139
494793
5143244830745087853277
497906667956646323759
93716660492798388
6284393049161107867851
1920478978644190430212034297
961735797005877261
5409342230872030456965458655332
100990877071509357386200
054485668887113467
85154966097459975787396
00830233082153972
9902631093894052804
3737933
79455478726685919507106010973054
19691
534724027150139
08664317543650266607
7674739864731
412969227001646141
78
865422854000342254406242086203
4
074090
36995964823959
0344777823
558783270
93013
057
291208417576896582031754
38201434500162964164385679
14322488108472280816023470
9334290769041885013
632
56597870495112446479279525942897
9869690019356579928
2568010
193003842289406824915591
5215477847240602314688791747350
45493
695384654619869829
334669424347
5617498553498405854067840
67948081395055837346621055837683
8617987188724068750149437682992
3
33652020047408644241924131
57219283344348644389275432795
0245456204194407
6819384846808541383343761
3792959174
348773741315659
29591878980164943022540047499603
7146524184130591564
22813184870738843
139217046228862050131336
78377201070540648
216023912189456336911
478772749547264210654262
39526137600708320190959924091757
38
667652356377202526585971440180
97573967614162
1832022237139765201373695
774958
511009304332963993
24614653620181541843
642603982353194273304063335042
5588037846172559
69045228370057253
9172199
01368455455423217522
962505899170934818173005
995630
03752532098681943077751926
985405671253
45774417
528166130250316259943383
85538761686507446
33791370581853121782692147093982
2897733559332901159330
4107873905330627054710
199241
97876529218021065283600554
05637408752134057336552
49925879360197393227500
7393558882848769082198
40976672021653316
357513089881154758183198409238
2939102369129061792635605
976195434451854688590
3772410994031846296884225856204
87001289775814606
067385126
77104875648850803949
0892492455532539840535109
8766594720071387717714382399
34179515223935489210797535
285755
20
1116327672972989426677349
845667381669
856776743
9553
26218675780425690370529
06635001232253
20967778287156705895015959
865
08244061
321857585338
294
336
73275841933
721398221176655
499128264533
5745998
863890797568013801
4205399510821380868366964
8313548592569556
12
88905593415658918205055630
36
069396212057866520990113
590480960565024399312884
521378724033
69
54318547
977230249
816545279
8610385774122053
88
194923375916723513210223529
39099244746320279052282359
6595833831813481856717
1189687226617816262621619
6076962072863013129332
770553
4559290290124067
724333259180
72082293917505804739564098015806
26519850846330831191
089307287523265
7607077395852946301198
46302182162566132469
27096515
360619942018159355912599
5979702106529991152991688301579
96
6064087488920295996659964
35007306559
44231003739
8852848920982669788343100
04926243962303235669349472
73657033201513193
93274256504554393266412
959808836
53
852679639046381133794400816
5612166294632275493665684746
79249867138992849
91714938074571316685
42
31848172751984106101355
74
704366576396
466509727154
5780736
628651007138838049
66583
5904
200293467
4319034822715405688163967041
92867665701128662169568
612476381801520173212
06354603708318524
634734441
03702119298634846090694504899006
703694661
71807934
92
69625682023473344047876904218
098667770140128223798335218
623606064280
686504739990160687974
5348680817309814730815295895235
33631402566615624638459794
088478759463724035099175075044
4875524823442214
5719926412833
90393633737787
458939616931098896
967679883790090003707225
32490125699410207098085
2506991289159281673
945648101
9846916214079467492940131
68130800446175889837006634853165
804783058074
7303711544392
961
755311954007072221
214568
89963922
43178470
2789
0824077255
6027012627767586047136
64625347752837171660722790264160
14293696743218470092481824
07403590566934907266
63253791523491
600446484
7260691857827649281683910957911
42617011275842410902
460793522017844688951725
75319916059924306748288
58
804025177831125652983708940
399221145324115
081841608480284915881881177587
9673125195182192528741120698
453152009224
55215746
549946007621
0353567
268434
38960055431771806632980630666
567578125
2541
9885433114535816080628412032
1842283983453485581914
5230094
449029
8981
3945742996495458058421
238891784845500917779791197
97430138786668540338
3311238159458629785523528618
3022604583236
06
390298547152447898866
7
61720675
081
6081510409649087668
8
4826971666837710654
74524134
0013960447040271187
629
5
77
5627235241074172355193676
147335
3811
280723
1398023296455283165831752
6644988
660248575
92450
4475444660278655
22
90230630571
20800
307
42117589182797334206440975
5144760145213206567397666
8961780742470395
43948885400011568451
23871971574167
64140183163742
8899640870929
91748853011649617075152
72165945886042140736909207
5669112027
4
474106015754103057
097975721
4097769
333667210813410
63073154772699
182
4258432345798
3
300270155687130874508521
5
9
3620546124304556919588381553831
58184150337191358433346
256
23343746111810246600386783
9318528320034841188491910064
48
4
757427631116573505490885
086623
4572999620437477588782
670402104682823779797324249077
6011791094718
080291856200423180
7555925269104494816076031585
225
04375839817322927636786737633932
322561625721883892190190733205
639414410
1198309875
73934383455376954208676165
8642643218751
028807391696698756
132087587344274126600837
91856400
12292848028
88395172418
28332140867
99
541360503241711
071124
4276466273060101532489435582782
4
4946157219624962146926541640
2557281588889758012
1302220852634650532839
9526764166646870871045912234
3467603361
638107827549160772046
5511577251
13878624431197341231622
77262750073491
117
3597105534451416961652477354
98465985367179
43688326409068
59558304675358681921622557
618133867168
066
47930594013
889420
26111261
593016805755808
254
3147801632
5235717
40584472557980
51627049810952027649157486
0772876
0503927371556527097
3020223353559667984112535261585
1706432
882013910146950485678426240
366756
4556318
073168708712661
402646042390437372528090761987
928090655408814866071680154
9788962703205190912148
165219097
88557262911888720988556976604712
03904967279966
627968518612171831
0415371301646
515126508027657
48237969873
94717114361547396717873
254279629852933222311107961864
3
2419015505
444509790798
038440100784982800847747522390
59053052350794500479418148
71112045268177182084972583663
174737134278561213
610
320688367227
9769
4715994
0343527309823358885450465
946029685457
54178221233043406272740649
052986077627082353796
27868
3791142403851739066302992206863
78129645703913408239
5
9
1048918993756625582659
55899198890387285641
47004869102337140639330013
78398064371228045732900253317590
20580694416
1839387829318053030103
84608635050401033982327896
66274839151
694407418328
711345571334231
97852051811768687327
18083701093260570
7830338935091090
93664053264224169761
47
66835905
888404849959513739205
45324012886
125202408521514233142550604549
13130479
729
01813205514
679901356635364842134203125
641033109272812947
52658340247
288
61675340214
528681699123468824643
2729975542
709457959722020897
53297340341267660375
867911116040526530898
6158378025
49724338260549178
76075214055960907990
1154249126
88
36730311972945525
1189402304889398681031485
6
59324055338128483796846275020
14689603253396431387346902159186
06
346417344553227276755938840
31556421669
98459700898336212304513549359
981
775979568583176566399
3162118394391525916576060314184
733155384444020602796
986438087541566641263212104721
708616812
02
94319444316489345336
506
362246189008010801819073
41526823376001964
758
421142287216252
273626447384844984092606
927894480520
71900
871808623891407391476324
656304864725742145902680
76969323
4033367381481742480212
399289405296654
562679005912774166489966009023
7418185945388559
8809915927397347823881402937858
0317247395214396
6360481870049710256763089673
183
03348073185942675058
55004498974
6133734
0795618427
40619915075
04366308975923895297066209728
93990293244564133821857412008
27164
13
503319
445375120766045127
679900040295
3370130871373944715742927303
58817
0706772486162256244234
257709315921500370409765291
4657666136950
0928330
368246209853
7547
309970610164716434863372639
21
5249490006
5509204
3981084068347
11686371699433
7765402205535695128227311655
096
58118529863570666705424230
9142605736191597
0309781918
410
60811659238403746
73729793545418363391523
153466009480191405899132387434
8240
41254894914949208600
638422237
3359468341823
42417797
843159250852361474787745
203
34824484394213045525
53496452513545066
39385892763654071660
84700377017541357711241830092899
1746434412693678594616681630
772978
22658206
11884
2853334557370711129732241418
13090618868474249815469698343
470179402739342443
290960061281162
1023
8477110316645723341771
067160384579491688652580
4898596325784755288
3968772809796865
613694509440983642616839220100
24396472139656556424276002
0996713
53463108542409525177882
165207
632955093728742960634483104463
2617807765704047724557186643222
809215
282566
7382894
010727417551583329525834641031
9321678147
49774212364390
9167
74314602934556435112623
14986703898501310333
49829
661708730975950427513
10484519771765931126
94176590478264491140
25589810278
00485714731913601394678634097124
777695
33273836957823908191542306107
3544535829899601623
51116941027224706
25773
7221299315819447449620
648073007628
47675553439907242985713888518749
22419793385373437034884
1568164660750999977889507421
166791286701091033
1871481
76554145146155217017
596677
818804287406848624516603408792
685312108710
66747823
7397826947884436
9169472027446482981
335926
801867621881948235682436923
057787697643600005
6505580799575267105
6787855924
54837873155730630552456693
158110625655414729851361
2730651
7295613348139858571738407
1153549547912313817914431
003728121864151262480416398
40321686858451328
545497066250
659915916420490782679624092
330555351
1458919080085916247684640329
55214883
7073694
627518
281126519160
798861971930328076129475818901
53827278344404558
487801565360871080
50932922816013974578
3485030772900244
49207
06527521747
79488975079773259
8975916617690271851
3293384613791962427068321871816
5536756492099409
95183800027654162805979318551
21909910359366767
20632637959635159422137
917
14917247494548239492177
12284589716856954680739887600
811915611266
00015143149282
042627274
9571498
138
652443
4044
4
8089801428083066483738174
59988285520953219391530
95995827195758803515711
667447856870424226206137481248
1756
085671968295990594492142469
1934
5283360972419078766502545127100
9273803812384690965920
401905091757784461003935493595
2605694881735974088
2923658769044094272706270326
9813530812520125323288
1
316
7279286296813512117
8245703347158851268646162
62092
14880904949542595608294524244877
666685985589051
896253000983363149990379912752
4979211829383
714689547446916235418545360
4673306142123857949
49028740537151759619649541659545
23025055443663441350
9013217325366539884879939695
30155159
6756
5905965
052391171771805940076866046
0581928
12363018483601862940267
555886994
43004261872244277153923
19869122
01207075441177
2041
0998694194819419278353
0325772759129772218161
1265874660149114718265987
07422723655170189751261358915045
671033097713861662472
2196827629338549436
919
41653807038101915105231
132
7170782835708914826658655927
378316884805
57168128706436814416
15711690427
0993506984311796
5271126043597857
61057989385924112997187
74
758019798
92642276
3553635550955
9395353840645617512
619594
207121379636596115240773169435
2127585460448870557647592185
758
594701414
075896140854722
46806586398976129
53281
036272597104163664450665387
231236
3835491908649989772833899
93834
81423
3007334493
3575642142462370466933666338688
031368
29499862
967436035396764070515220685
12999541919608605235481
81690966464871676850
58884195329809414883
61952655254736173562980737292
74237
378277042
24927555181
0642676176679386924223748504983
88336961
1337588198
537222
542676320
117710143211221169825780533
3
70361724616457873932
10538645744074
4415538460345151
39524626572668307930114496979165
0521687566374859533
5475787775417169391890656841
2484
4131634268278599453283119644
6579555102362060420
38716527114979320163425146648998
247932580
45526966713
3730115765448495650618797465
6537014605284700831030323
56089992268
5197220833304736025784726026113
76902628399462615722703776009491
956273768471574
8135688
4166328661088344913603835297245
912025663659
2306146259961658760799399596
80
6413069819916135979469
371339868123684255206851197
868953477978515
355236822
7996457969948650
827512
52314714
6281
385477822
86547581831
3935671412215592054
596570203
80
545571770693206
1321189
387255285629857468287413
8695310124
58568152051485805865882
1885812865961481075581839621
600147527352868115964636
12264084763182
27762861352836156
20687
4161128785058268
095856355834
7783855
9229030863734809606704987036
43317735865980592351811158062831
28607509975777603265
35164145816712695
2
6154883379571937602459118738613
16
718593
189019317
50902977
20
609658512071799427044985
99704829758365559554725140681224
327
25939466
9195337
75757
1860986801886116772589313140
3130055992542
72403774
0819561095846
5
9882511262314095562267
42473034551
43426884559785227
15546043358681671718
21799
842007683602693237742168
55967895353433
94283488804358
09830415570944
977073934988803480465673
58863384342738208520765863
6214172965976790841
91890887053961136522
2613669820564
605359101
4745221416
4553089806834263690718897314
97
744994512808767422320
834638339834580352918266
732
3
641528780030392524715553264
306571946732597390707355200
587252019562091
3334891207911282805078607777509
83357135
564972948770
78882078517854476374678
42582254761251776209539
82656331
132284076723151553345798512559
85778462066687749559
1160615524990651459996843
7108557375246547424258000
662758869041029948856
494833771642759502707428
2092594330
1058176428726
70350167405591143979043639122
5364688642380251955
960045930722593528945864155
938193615836406467578631
78099399165120618211619887028
818702019086703827870
46246003484589482118685334214903
0238302200
72948596939
357343287548166670
8322499877171108780
0037709140035495818337072080132
7324823839
771729019874840106084201593396
04578225495
0173566
62948398
43424
472915387131354607
33148654295453674380189774
4781186780415428
171342639185428856
383234305148169419585309140
8632325897476447418
7896716150072480581
38490583600301502
1396
226
089057741
3823728875691
7104496923087752660257668904756
05344243649268562450678754731287
338901913390085403470377170
93
8380220
4118
532899095856403509437135
993755397414434491312
8362499363
3821502016770951096393601
16508126401537706984400192
33358927363080226981159733639319
8947503244077844657
0122780058145414106
571351585923
337986354912216997023002046474
9223621159533572632441343916521
095883617911331117964
883180671417837027916885
5608
7238430
0370926775516437484970956
12863340057489717
8215361
9596720800
932953899701730
984270452036627181301
324672444406
154388780034227564861127053978
4282416729647112010767579
48263341275058918412245402171504
1578668
266437035838196876104574
189973391344427423513148989738
74284822873776
8159067938844
87842685796333429
92825696717
410
3053235352518636480048
9729453864127243785
0731456
1979194338407901703664925316
256413976670950264
0155455
4683204
397250011798168691798782
7245121
512980397
1743615541781854034
410123667071744229887
74805029710678672114965627
210119853095177605755
47566482
10656232113274745407784
7675709071500246923960191768
377625977118954
275631580
302383393966
1077
96292526833354506167178047
5602227
664
70892146217308
08583724
705140299762718420
2860842688762314823880
41
71
67657617792662879
417518825215163728
077989458291
62522258227366445012184
93490
21294012365579485479
79765507124345520409527
453326315821786
092661654141987
9502
0018741536496002434824
217555982660643438
871039724237119446
9951423575148062656
542065
7963353536010
54490607621153236586290827273179
5783548326294145477000775608972
507377900
19385983184343106753397
587565669
490621
8
474387134
1
959
704050244397007
574
31639558401435991902630312
47518362
7808093888814625652461
66528860167208
967846053051976248556
619
50961528946948309626
250
37693559347011679159170393362865
08
7820422249699833157175522189289
22286306318461472852915174
4
85373227002041552509060720963
6492773531571397237144313
252257914892
4318962274669538757594
68280471720317041023921
13251763542349105767374
541098245749700
942967152478351517660382399937
4456107829439519
73156129042307090070
0191160211463811997028862435447
22313809828534
1384487192542281833737280
79817669000271069468161261
5966847489629271740
335
6094685
43413231374233493
3511251165
02
522664775868051606195283705
8599295910519980997119
7788
537053
8020150556565300055797689790810
06797683030
924661971152571190685984
72849288809519416376227576923665
4599
075
520578547589263987037499
61451410117074237
38366686550
23870256294
97030728755
214921101
5910632409729691400108553033
5448
843463620
44357348611412971839
30482415320214388216453120149
38
4066274558
978360253754414196802869738063
43041424232078302550649739083
3
28433
07
2228547252410605
77604660348826529373193215
581745426305248058
175033777673108904
19961569862428577433
85348593006936665264434211456
4517972130841816163629157562
030
9
399724794576974740058284069227
2634447473336827890091345760
35381423
928827024598773793565
36735206787777838258
10334929854718370423160640
3090955008619872
77437557
227271667481609757249260
933243098754920426899
8363318603
222917745727
1925647986457523281846490262588
5260951145823
04192
58146633080111433648111788
777649637
953
89817060214288774607489194
974339584558
61903
92543
74468932061584599292665545630
22624824400846263467317748
521489702388865245653
1793
020786899038154745136067202
81271349401298873283962415
6315787
6552804186717147988092
0
970432942
09390992293
5
0393045090623960425197104437
24693788732457606301
5702139474714
488282661928778784483794
270001279059662354440731285994
6369975001496040
8329
378762684006662804538
184443000863688668061
934580
506547176
35306
4248256921585
9337578754769582894629106858
41019229
352466079995563
855527670
6926424540580639517257247261
5074564168031
0159944601998
10622611574
3498018964
3243
2959405608857729555942090597630
7368579323133309479793830416548
197921442095799440053607
703806114
4168341166543378438641
56242844060
125491324660224154736201059363
118258
374
84476789067273551158620
9170
70856567116029225743215558
014982
0099404183018
55276526095821363328125087338239
21968418285216824686334037835829
0056011905205144649298090
044515
7312102587
6148930612321
18750396
79
482128669665781082896876
3447
396
087279809
8906132129440
5532885698334725872497001
87
45138664218
2949586669669775338
4570286799741238163
160
7503451651
8954048633552957601671925
3829367356104094084951
21514
246
8818399433268777580576
507065835428673
472708926423224
350805975923356787
01
85306613828023547
928
9373423169453
2190318492299156593108
8698357129904729009346346081788
86565
13125672333153244688644366827383
54863026398617
0535839458198456889
320852122972887
6
1609
4527219559120
44404533793525597
664156942008203559
127311926955318273509
5990585946371
973122722125123328934212
24882682269235322941285095054176
636397945845026
87994458
6281755386652300403
81760757031878193637375043
4715755353331579961059395200159
044095792496
8534798120181
3878596878
91846857142378167065426031596527
76404658863249
03531183166544222
40885973533629633926168
2332261296942707131387317902
016905
34
328124041077
4965758928
86087810033642405644321181918
633204464464620816139
2120886393434798284986694
2989736
58833412914836227918177
0940135277122892443756667
9
632734581177178109472359
4985217193928758537244179877000
276978022350629516
1424169685
4
2
756366946
6292359623
5927
945934234929873373
8832782165275739570628
963522526315257
9866857637
16388702
4073595517183756
5134107
0301473816697268259338
655712937439943711871035878080
3000888210579164
3980276911442988975599808
62118895678044730026104591
6765599389298957
6721160
7939520937116385362773448862596
5873916990613319411247409538204
87125887
746648442780090838
4214190107480026128386077
239109317055302942097133641
93800552035629896266
1
022848656577121
418030284
6163151046324935555467
54138585697667896220
860809234
972206263896
238774076629388957316
5380670773468485421675
791578867224286112454
587961592948916536253856593
779388958533288815
36682733590106863
5049321001074702168739149317258
3304642841139
844989949325579332552432401073
157093690366128080848
927516387485570412841018460
694614972431004520165
96737557021654022
88665905831745165381553549422
078231789537135892623865
7059861287567
1534572544235744643254161645
462057703
17474606487
3727074
10607134378915
4623199479
7261065047817808197220528901160
464
0792854520180592958694382
5966024701262610
04020523506936020
829716693084
7764606383827443349349
08896719
32143682930935765389800687048
718660249363019459332
5177607
84314218997688351615
2007130489125230331
073998426397227226
5408611390827137
304799771
670246167940
8966416942936750440
6446555850081774962831974
7345288597
029
6201726
20916679678571
3
829833271528036614
4826889420992736208279115
5015301214093564379436884526327
3745130448
45723681
64880346910974387380
9809346678807461066561084610837
711172679066
5552797147593
998260275212
8776326807142396586455189274
794699454829123113577908810721
83486408673004631640210
94766298398173067257901513944785
1518410420985066928711771365741
24393889722
34590623339361
4705373233475680175268190593
9557865342
9109823464292266642972917
47169982852633
7313709522268905753292
0780558520731518641093990
23720032
0775189253916668668785
88341456012091680950049008
993442995
7582398064404363
9
1231157784481885657
78286355172800883
11936716431
13827104212976514780346097324
1063030440840901794474
52227895162221118
41679867891190913300835945552
1987563673443765591
53697286
6
73913138414121310811
96
3054408758
9025272632144719
0859424958455772613467972
4845358563
891877294037183635835517627269
256988839105695328454256
40241021484075409443
057403968388
2895677912609277333
432967616
35729825784688816608
4876457845680134851632838027780
4677989622747826124456968314
279
3025825310438
0410358257594044452
7173575222604
430157142040
087
28349957533188
393016946081257657286189865
43435464
3568
682939205435447805
056737643726728954106913
5346354
1
77864536174668725
748533268515388161252
699517525133349710154642
175743873623728974626274
06590904412475434997
8479769412499
6425022636813686685908
91631297077747838825257921126251
8041057385552982
50186155223141682350086003
5336379711
58980058
8875224643534798356712382
2214
7613620
501289270557671770197
914397
496014300243346916118954
783503528881
3642337394436302822
4774248
64674283355
60612825196
8300056220041860234069381090793
8800662773216488345
777552699548664317567697923289
690709744519951
5091802223312849
6909358221510595549990
2828368955832936
268152753562866182
9358
45280694979932613199681
76418624315081225435274107542
0958054709914430699253618
5286533047392559326205258
88027891932094
4076761727626
48021519983699088335
2039470141
5273882969
95296718182
29
713187859596163929809
2630594497672735473166058287546
555701821561574
811497545804
7695335194966364253834817115
058537994
648286621453565508395198
3707830
62422208238620971286
925964639628476876544041
55657052305552014407221467332857
885300391
87867
8938
376999
506772819980
715538977133638339
9017733619089403236615104160449
621
439184410167441457987773
517382
194966814261294081835193
073
4147851012533483
97899831
555804645166927727329575
130055403268
810899467053048555841
519549541244
47896247481
46367763632941
06211221379323
1
96951
791724468597110
0790311300172612364
7
6123163
4522324184454193573073051839
2073389689997989454325203528
988525157017420910432929945
80360173040
3192020178398726319922557725086
7041992385026391
754032678
50164943628379440143443452491
1770922863
17350692210322590238561278
364579241484450262134
75922
604487448271
17357153
5326182834207616933595778
8519485332127843773920979088
830157013237422
23566189986933253241919
69531240896923177691532
333682962649022530411376196
0
150
6563617605887436
23498
73588755193584069533611846629
271649949
50395686564851824930593665762
97495526962556442914
71626
3185097562743005780999
07
1
898252789239040
0720698963199232069752701780
171586881186877689544888826737
42395151228856569119699327
3438510
899393522
807910201800698
3602759646563902537917
5765222058
5156029740286
1436108360809691
445647
372124550151823577069297943
06588907808
045091808345462
964358598575592069285031
3510479690239332341008316345
26400753463669973172935732117268
138357162612401924860530
5512799
3646
01691970770947166013
1369597188622057753055
04318131143850485105
736185
425204
5066818563213113950340
00407110173035498748856320825584
77301239813498068596766067064
26
8915035551
16692418810268460605641591039818
5043006531
646738177423170422722660
908615314360998991470367788944
809006829216093
48841173756636643621478369611386
2726554288172098400127122093604
1316
99753332705739113
09919838990754615939630184402941
792494863086
9052
20952
717970760047
75733822036702236454
67935367486805072
9956058183653322
635710609984
1
58018851454609
086815521624302
45931671
6717010107
5917172420988554
683881143
40563734206047364313325901149
22000012
33695113869910009605
62541296
05
3081704976397954
7867080
60123454721772
540476069592797320957525537
14014688425557676864797051053582
08778954948788053418064956
309429540526
6671769055469
37436296636655862366462034339141
66695153067532135
16639
9150380309930175816986048935528
0865735117153455129396824883110
180444508746907
98733382086320224
34
81468
9469551406115012021469
118
846420719848568088372747721
2464940659058
597
232477011207440231260250087228
80814858426383486888349187342
725608276017976241008763308
703251441042881771572950509
737163304112664058397
69268986145944087348
01100914969520908837
064562314044671079
111815331610690
4319146772154069945708345295416
327844706753
2370450556300265
352
238399238551018286427739
84327826929375109875594670939136
3929816595571
430053277992144
099688980815639651555330154
1744581898647976323214353491147
94919457019406
7490490
6542971207351
919
0981342801234448304165423065239
4856822199078586124575
3538271059769095416831
2322
840107828488991439119029503
70584258396049960096
728634626606871162
81300617848174065861628942
1605
391436540180
5116340634
46683688022448845
8293241091
756
4193487285044
0259
00506368
181450
14366306582165707740781489243
6707918275515045
75362029143417187834426558340
0876511890316295242842730274040
615261440
55
7532580116342018080952335713
13702901059552846010
728757
4702811232035985
604588
8981771502660419
430668321306827
657139
4689811529
3050833139
9449506845231769
98278
9480652707191047163427652
7710825922726298419952401910628
24701895054304
7
54863829970901
58055265705598927476
5535248998687475637920596898
6118978024485139034856225034370
727794
7695230503383243
8422889498385673593365857972
25718792592586996219141
29453621821794062958296218
650503325739612619657875
8976
098241255939
9859786093357659506053395777
277714708
9
61774742
214788
197877300
16911363811
890
41636473
1
2791492578821760856071617
5121701666450426
9544458939481003341492540
48026121838181877524048285723844
199
803334
53285875176154
9683326500314020565
0
7114350315373
6431068149646508328468732138776
0195
522440900036222004691904
33544214539149920396
551746
49254743
59690923571959227687
5
205629804292
7605197
36494204980457588289431117
149726596216181113776798785
572973
6607164510
0753227129086603948071724732489
5
851420437137589194
5290438965902705
9982560242452037532203
80431655550468
40765624444289835102770700
87613635634020669085
89317681931258499588931584305556
2293538246026323
92614320920
5225952
132
00050542421675663
952338188
7807
79838726775
53676
20134778958760213314981118629409
361393525097437
603
896504
7504293
633
2471354809284
946382
354095
1557029
797918
05565412974454217577697
4391043711
8083140
37123413652322801315457
2291584
595024582925163979926836
7
5812236760115043
5520
39
528632774569700663
85713818090601371
7262403795036164281
7065578912672951
8979798740
020508008042566025
24843143850266038535397
867448490899563837535213
48380009062467296954528317100901
102239995352097697246147772061
53042250664279785270339206
39
89635778455895808393211
106103842423402
4489351772600902204
0449689427
281
82829048579407
727022853921
026134638475800
05186656959370611165670
9652654377
1361131342413708718633719671785
0074567955133960727065648655053
378368448050775628467592802
73183501460245724
215798757799766
9827651029
8051962595491798674320
64484329036320010401380568
46705
2556226039551949458958451526
1209162093522614809366939
70812046950365844
8203866156731423818
73481977554813866603
22448123804274
968
66329422559234
00245354080653648397379899986059
9834592805155323896283445564
81752288728
741830115705280498168598036
708759249634
23412327211774216333165851702387
8
7223593742229973
54
318
65404219450354117583017
156818013172503317749512132
814
174381158937834126765074
252460424182291126019079053476
39969763211520098476725
46891727557277624032328
560234456361130867678
9763218423850
5313656783571228328
579232885671957
6
09467356670137834
5773890347870677633334832133
57192
464462690428708
7769426341507239295291802887
30661032509847384701501441246
786915
7934651024446579074746819
9002693108046
2671459131
437390236813443475
92575052248863965007306561
890080547894076774991
37054696362971226944844
86095478078151491438
807464172826
42
8598008249189645808611566
394834922921
14142708956433
3566333546771399159695389904770
932090535513773337261467229
62980240312568453
00306600743524
54956479650110063793780804
031461520096072519647
90920091
21037325240058786438417
9
02485449114750324524153457104377
4426168
70381842
5100342573780629473
677
687963123298080212222402210607
8016132617363325282081306059
6431990856779528966035525940
321483794636685691563803342191
70333295
74044178550705200
49428017282
08094604098312453729119915671245
8736886
260704132
951964941267318083811170022
8338826141959531075977777
0378380267177296785703320292
5160660705370525782174709475932
6551443082538097402135689955742
487986239
18016409758869813761
220
5778176426800414
18917478221272860111912342133434
0220052323995464124
58082143746151303
26447878623
4637544027418498128310
74704955745
7402
8471105192596
71579720784419954
8244648880651110
5558819794509592625724216077058
74643
1
156314343213838234971170966
6041789752603951
869051673471385568
4350166983915191613
9927328541673
5175355266
29651645801176712509
663079512195032
0067189824491501505304901
78596385375470192880451
593167155261
165343880706838
344354916636576269169
9614401928
9209
5769119367
7951032475849387549
932
55875135402317332345535140999
592
7130789717389604547891617205
9542042
369038709343895070361423
6946335
80861070795140750039356297891
16801482798590127097736051521522
465477089315600712964
93981516430154555126
66365658104566237867868283509
841910931
16148592
3220068500193055104838105
692881
549594650307949801
741943317533405191
951651875202
8859111095959295318
1
802766378248243695212855
99040886156354918015616753567
103982304
97448
47191912
7904465347683109
14831489212
67735
23257713994
8
20026027
588827636020137203502
372252345859953492
547403562690937052
88025554522954401780
4887531026246807696215
27836614058985239722072935642
1542080824698866167
0583821
28453249136229402458
34
38297717464279598012782348434014
9553192255
339
893
0789553226277
33401565347836391189
5046967255951891496935968039
79556463602395
0611760
87886957740
27931077068103899939984358282729
108329439356800357484672
487
98111284698112007999
1156293749695198762842312462
8205357427411
138865518421913761
37859163755
55755201491115344
026532741727318803969
85346685066722223139920315
722
39609256949208659592873986226
64125436025302411626869445367526
5350773227982968
52924543103849531875
268118
272812365670758877137695
16340549638171795339133
1838051877224604102
14691226289245929164373
278895972141783642
888991289720851968
619776373288491741
2359413843745342857
04
321075897587847721387685534
54903522340
246661966769752700949
134601795615080555050199
63470769173091
3069984996183
1678661836
38551862069710105945808677636
9815691507
5859562065075
8710900288767311882431985
81390860
1
22
7530016466469437597913380713234
019348
9744728591289
9140969856588233863575
402942762542710805427976515491
9279825481693388796417859892
4821054227383
4004556788610873556373428317734
154
62898045423559875503283528
478307888380596442192
777880977999357097096546651111
5632604027724940069103
028617044110296445228383741
71
54
6
309488115926599304
189193025243
592869100994001390881088903699
364236
91952
785684
25
41927496928618579986135415280882
76773979926856334745
854
12583449739
77726692231238775318086
9157552159867
3938952065399679374695
5340083
4914908
190365808974158300722
1760329441
40807719988301906
41009632300227789122403170077520
365278141430097
5343036828693192361574260632283
916752094458647741493
95678199768956271
69205105034419346626976623
0
4559
041156015940196713662732161
649
50629650209068160707980248756929
41762166913
9716179708707660171973689826
444807730417541919490
2719948
6185820491904170151665963627125
6538002
6081260691982
5021123
22830393237987887361316048369
9872827069188348252754272837
533183
6043316560269921989655580
32930
92484053333832689151
9872857406
228521010897342479997965290
61716100368641289
4301
1898143
197751070498956268847708795
26372538333725409853123
69188324940127106
2142091015599028643816845435763
777958795656
34574556661523802272
33448934407596430753227
112089009746835257873098588
45758836102499870
73202241609490821828036
128
795462596
0083452658185313
006847114397893392543004
957
2085375196943062038945177
268844561605
271476805688085279792702120668
70682045283107880338296198805408
46600736329404711
70852444830255720058
2590410164903332
026506
6595249900518371671477921
55979938042553277575431784
32788299533792087
673299
95451364967307754912922112610516
644612939836748566616717
21543863914302920618
509280512560543766
3357120939911591182555401817
03031528803903238662436
396948842029601946
873837155197520041637
922013551602
968
3069094622
2528288277
77646494088249686318553211
649833936074492164
4899
2443932491974
7074852827683949827514
67051386885285241560654
00177188712114
70705257001539502
083296939518
5969227954437868489279766664
5
1259962212134818325
74378919311884499171265867081
7594182906880461160483
25647234455423463632440293
05519508113862
3
2995250924549134741342840563976
4348474433339
073780
50900033302055664
444116763487481519
12612641914165283757602009
33708813353530597736057
921427265039061680
9907086668860178859953756
086
456702474539
48408116418020786
6591901
690360735056909917103809497
45913589917
9514392573597492846390
8189516309
7029318450586
6895520051681
5962884152954115955226399076
6715
637433784695391871889786581723
855417743138349173849907125502
72408760550126189367728434099245
9019
7951559403727
4550434870046
58495038
50738003517065727993149375617319
512282411414944442428538955
03300004484334901500853
711820276714024325
417587944
152285094786
4766987652301273293629499736598
8440736443531430149376031299566
889131541572212293530
287747765608081072
4690982450597878671
20437
07811
3734642834921995603
357101058320640019296229796871
1644234459955887
31377151
52424855255986619926
765544625532593392168322354066
9301818502060993721
49559468032273676520
406784
67625
05588708
88330011523332011
951496026265795600181994817083
6789350060884671928801078
7213915207
583723830410
1636280240354174
272336283261
952940395531384027
784455272994630403
583061118
18576245524538829460972
951363951350062498947107509
86375580
27096204809
9468470735
83846867489395486960
570197100959760194951720
56474570
524472
29163472456020702830270
9991840119198214712
28416599880911581
28012
075818912
66754010931
976439796208771143539188531
3
944041992884559697829362474587
5590608202729910
1026672393742
58963
87635397574716854827823966693851
64519585605989279401118
180682
88018423795050205410
9913702363135906778
56379
733431805135388659081993710
00495534362244613682392416829825
371967606411174167898
80643195578801628486
51899092187187733571516
0101511718711102574228992
2697295571787280
923112
4990918753002794996
0373098511211
61567854
926427491252745781402406683214
680520688995727885733795148
065630442270
633917825460
0914393601495147069471519118917
936752494587360576151379028
701
71133851826658
55141380616
8339234636415955153988549589
35562790430163816029359963
0843496618879484206519624
1778062017177904230314
6054372009
5623204785232551981208
0612493
266
39448937534443096025969883595
90950873702161164477
3
800599482910031262843690859875
67028
8055910969353
7398142222830
837998285024962144449950251635
7591854026951
02633748
2571630450524406022
6580
6191566
2
0012459294788783890903878272372
2535122312216740639422249274
86082135199641780037
6
705616765
2156785049702
152226064308928324268404214
5735353
918611787889523678714775753
699718678
2428
945324426387955808535376884515
38516497456098625460503257755
9394567937016480226877707216265
79767062003553800077824654846210
304155089317
14
190
73989451344883330
82671871187495727009388177849963
2695
754257975338
17242623
1111744648872154
5489981522483
2
11318685578371041
64
4931351368
8
534237864571213578168574
9
5820825816
669889323250255969702788878
461327125385615392395672
96419
7446840753541373522796712268
88422073179442550
06300343
95933525816990773599
87155362729000984039594
209975574760053900521
047305652000133808891991056233
991296562165219750284985233
06050
89991855257905613700128806476
906305
29936045232638034321965772058
363003584915956255
99083666617458784015013272
79869092262238807442236
98535573528456793951203921738
41015235456602441307339091553840
210649933898978560903719498139
193071
296729080
99715842931310799
9902828307912887649154466086
5297901282295014547342298476448
4892
558206368960405160711856386392
9689280040621155520582645925
764499761217913766784851292
9407540
041525803
44
92
7387
0275965
9937903866877
687539
7695696
6322805455067211913700216456
74036495454524302989919
26077147
22429862952412121071099491886
332523694
3750
56466357648865
12701535598736082665774245
50431582337441388834939175
9177589748416906
8845972759590478574139
378114313957714805775523956600
52572469026990161784096011401072
398093633498073
58585934945779191890524930981238
615089258529416
29724109337447651292
0420821600792761732402
86303525161746
6766891637545429248707
8
92614384813921433614
2007391997842382188687791654559
8
775776832503509588
07
06737852987240409426
2856091870717419888
7952003285725
51504836307500308426149965221979
576
21454
218819134725960036384
46273417237249602251
261269439104871628
7843485999504
2397125743
7342540864081300179400
07516066387563855
53829
2075
5245271356123956844853
3884293433929573766193
71731
0063307943584293809713737
2773667438
77640051484
626260367701805
3543422007673803
989397039713113290
76286554605004532
296707
4021033545158835503787
9797232289002023723307109622
6904149156329506825814707660229
3545077514260744734311136533
615412915420172303014
0314393
28523485596753
80703395
9112409737495778315
25492622034212187532003671087396
4
9508318016214810562116720
2054762907
65188570818
697945940
76539938396679833455020862628
59938375538438382383642648454
33247055845695500736895
039437867581224006555918
8270947164353549
36565504
05770205359507650045
846650018448881402263717212
4085329258
7004155204
93587309745150307692571040
180211520512
5711609984525374080
37536620938
2821391182324864258709722
05082
20821063064711542846359870795928
993
3203688605930598348357604833
71
5795847154622914391738271574278
73472148967806355298038483649046
27709248322492
3561136648469651847048
693608
3801880800744058290975
164293558273951886459012
2279872311068592935694857
42760868220152025182147951938983
608720905400761554
91553200319603385
159393320274047187309072498
2
320775259
8021355330481043681
443709786098
77941712521715801040897459874
13882636658530273577429358
699318
05298229607317
66301939185
181997937
780
97437253609033566
19160842902383689295047816425865
7552108904494
08248293856473203072848047
7233953
284526534333987237546
285832827456941675
753295033639712686941593
95963368650668712049933742
18065833
97480020
8742604346367
982526699280861205494561
13628959475759361726754686106905
785893315793988780814
9451928207409370
4841081437432031004535
9318965985334379464797538727
1294320761
9837203793698
32011599251617959
22804469381252710562801289812
87867934117503957064160091
6707695937216
40270677816867794676976031
73314317888182936853823825372051
1489397758156925221398188112
890
0760007191
40835973076815000
15234815063215296487036929415226
5130181483979255801333907
912284476000729085461484
517046007446119
53211290
6
18428757213498774471
85703985533431050472
171628433437
43810635892833
80512
253894548564
54741996353333693243606481831
9767617564733206310786986797
0644523295355788990037430943
0755855
7644527393931713796
1699278919517
5138288910118577944217865409520
019276193
93982434149
819779716240451764
29414002419807714885393378
6240945768065318720247589656
34416415319
4521834339037097854
94934771279787
40623462882083
6312573624118020457455
68438
9882
49096562504738126
7612377803
9385290787692096441522222
2574255815434
918
5668971955917
6
52726252877658010162430
19659150
23309463399206
51549706
4432136110840629422605
86746
8432300696
2004169380816765159781
5306
968827829183352
724336977233133
37171212415
84369027550234433435523404000055
60256971677123
8056417803313059
095076
041
40947995498
68181368175970909516347199
305320945609
804852276051506361211904803514
10668595855022200759
89888000302226010
2
8855130128210441
4681153790142787
7835524478444067724133658
47406783280087352392
950313959556751166
64528366562275503482
085775399016620937341272968
77940011798717626
501193353331928479456993
6482902509
47952283622353
077217127127507760488407208
9807582313692683328004
85
42266972118108034803367336956
84686
63445
820523022037914067038
08
05767767803467923548727479571810
775377
25419658924643846410309207
5291478287986
9166025798
86356088296468670478383304504952
6820559
0796619880585583482907032846
808495335705
56518577437
56582527349
31683135865200
69260855208345985
326976971924036894698
4928906337951349998752889617
015607146364796179
43396743
7398968177537427886363562452
801516437296783159
370880257308847445
716
629032933954999370
45128457093518344766
4254091679
373146936102698422398
63
12169456258628
089844388438804348442
5484469456679843120622584326
66822
93830653277540486663621156
071733800074162350869243822
77
912574
1
86003649
48184067218444
142192033571
49717299484310370373
341841625496796404063865
4713911299
70225648865
881810036884531859234
1420807895
0064
18028769966784371741303938104
15504770
329046557394764
906897312363718646
13252176187422104172
662
357812
760
22592508941012532979762566
6397300311498690164693176226544
77174843290525991316624
520110107981308625475980146
72786600687493612460
032209560
196648
8
22807
21344451475975611
03501191951240374705805457
855371749128
48941490124047087173793517307
17
79303806087
7202793
07965742
168377022518840656574463
250
0435737299253136284981359863693
4838625
114041
60553966583046
7
95971843093742255202
2251886151606492315456179
0403109801326704066239695
032478241489733259750510
565022
646
291480805225420
8024564810
35351585278530667019036994
86685389148279414961522665381
03089045
40
22179879270901006136750
74531861481006339332041
71114
364232814076623327905
936496600
95575272
6689198505466786714456
4775971230173713433786257476
0424042914245445
1
5674895384688172757112151
275645021266291098956
4519
97280773621464694
1222537848170466224203799
935799449117917528279888
524969
00730
2691858457229251614344435546899
92546643097367350654887390
95753967181
278392904297566664502456
574
044
914078141407249143
9018437288502
31847585689946539077
738318
0249340054311877407831298697296
888391709123730
960366915517451072265175402
418484558506539
994743900
57
34584967
41814135837250576330108871984776
1017534322973395605439
595038732600385316088313
9
61684
60
13645427892304490764728367681485
58025559739440542047
1614539943320836
06599373729788504764192111387
1326
625894632835953457380
5508
2919830291332989659363726
04565881223
795016874381018
4604002381
06437831423892692704
257298620
14136497958369722976659
84380949992767
623878353503632108771
036678
008220493575196629135514960
1612202272736389358632
6167450481522030
08121601685958619
2395711377033388175504967
94849336635277016358
828025360
682568914
00675925716532071791
74894105244428531301
4696954871898388861967674057
926224833370376
693737325
1
5251741126409798076
1
8741741
639740261
13578526095217438585
507670
405283694737
04661700490379625968157013684
39727563521016834086824
85092411233725788976716294
87059648594707000628854477
823224657613605168097715969
09686658893244775513542882213
17689080604421460848249751
30931595184412949821900339
466978260056
51629130206551
596688025040655453600868916563
77453113699350799704
8373480018123620
642211366510635232553
448364929951045389554863
5345279410885898
56063340072969
51855625201445001
2795874843832280606
197623862728415
287514600428625205
41855939
40
3312638378687732313391790
1509316408867497
3446967674278011
876722678454456336
5
6323425816487
448137689873045207927
48
834756996091162657035861357006
75550962987817
73270272109991794553247853708029
525158920664188974
5
431068570240079277245255318030
5270
1753721232837197909
3450051453544
02145955776874970953762342391496
17179681960929730070608648628
860028267730753643329
720501887810797513594653161037
9978212983
237803949691820236568
76306689372162016721866
43877346468096774
3948823
08931549785541127
06833807203393993914
839483
2956839680322967348510151662269
71243271905092893658171466215
50976125993
96127368029980115819
3785322625384601282052295472
499555
19216023699750359592555459
546
3105213675246067346975627640
81210463567160134491998484930
090
0320389569089844
89891575584503764
96925066309873926
1224
48266644162546561239884542341
1515473625327083006
4606917574
0349322314153197
789168146
46
49270561637426103722924750
2081815623079702929827081025
2945447034660612395834493463924
619
4073166346008634465957861523244
247900384
14239033295139
27
8
622292258199921162100150
167702023488296919645981580682
1692525853714022374135245
3443949089314956
4098148687539991104920535290787
99925081274184781420524494920
3543131
979893955
56326438863354977
7470179145455919146069190
454956583577
9571767259
7138
09570
3884
105778024874883371
37303549667309367
7063531541832
7374432121811911670
5040223194891844323783333523883
05731270733021991891432
384101683529
8347461464218711250006555
681789668144707599024745
427812079458891186245304
1138
726095366013647244239
203499
263096388086128101286906951754
2349629538206770
890845187049826762402243771
228650
34593702135561752505379958
79839654998605364621617269602
80464306491166391602602301
1772296003018995789
8713926583945836027
238616476009843324
2567054024656
46200304
579608548239375078
282
0403199419115333010891788588744
759390477427
4112979464055860
95377621
3166031149603549
7103981401
902619582615567275772168457
16056239760029650004624811781211
0459310385797
350466637185127341157
2515485683276539
62068140195742047171
2183596775011264492520703
155638163268620172415295276930
5267184143567432
80907877797329
35878612819549
659583637919173673511245
749623266838452031597
07
0436180490405997714995341623111
35859814944925427688317148653
10046514512067946753211945
004
08159229958772
612091096177
1
09750
7393037237514624
42797
51920019076716908205661456518
958365
593588483877436383412
11965935
64330044312824557896716776
85628989019448111304851
58759294
15625593374403052
574565107458612
92551870127812912843942
3805
21927586
619
7384429122420854607494634
27745063860592097124788
4391198255005627
91866287623891321289
252
5965766380621
26972442045458566391726
7088631
9430
68852713926873255981048
444556527921252646
4730696
27
48
061318212914031983297576253957
5033565671842532019665900886467
57753967718612240253223036045370
7362071063777238097200556001731
69914663792383153271723933
6669899264845004992874104651
030119422126832
5701395
3885
0469005757544127
0522327781891746958765004
847227416202
22556068
71
68619986777524
825928
3250927691500454894899727709
08121508405203512
2
5
2779747230933591
39463247
2618106486977432610802273738
4100532608057515151489626
2904801
67681599564443373559
31607665870531669860944126
47694449238215900844771620958
3092858
6150812837856
59479113927838663
6144021718
82635620148
070834170629215734
157575204616395876
391463208810
7927979686257709246832
0235738888039409601519
420
0108906690764506
5146127043
16030864407012107211
51664254639016901038538099
19138939490144677
71644038305151308081670847
14182278740744962117133932761594
778
9
553112243009
267692619
4987822769
621568166
45995233153037
88279027950088
4346414
29960
909853
7913706544017368944977435853644
03957682145627729038252967
67087194505672146785351190861846
4474269266163452652595478
1216355237791857941729279593652
062748
830408906193326150
653092032592515409787951
969511236774314
1
779291133150255
961342506784
36
7951
82308273459808502209481807
916114047599
4143
20531960299339487563
5678522926591565727
2554792587678066345384770236
08575419636882216479377199839762
6880
692439639792057146757761054
916227061710052432
1742882480322378876150035923909
5
751820618561376990
804
162
43962433108195187
535720
7805877
5206
7150677726077966
9790288744080588
67910017554747804923718
115
2725121
7275729417545323
640707500693356467612274
9262097846373510
73303
033301
509332
4884920802922431755184
2
029261886141410459718748883
969532927644
28819088
809623536799706998
378263221303
9124815086
2156276
09
0997304450422200035283534
64503496805397344
494057485035811943693342
21521564156540205
66403932390133171182735120
884800
19304921169268
80629526281707170089645440888363
72699002075805993179
58174087706607070607649219
1
704059
20807908
556981192808566615
1153472
911171855880484754524940942926
0139949305373690
2660018964580924457
486231796777967775738314564814
3139759369840072191157954375083
9358231061090
7648933602827554993929044476
36649
64889572647824247471855
7340728898722920827517119802029
46723888523777377748957359
3633596630043
942837253212921
7161050795263031316751287
024982216
0040368160439311757110232119746
059221628
6963669880506429
46936300626338786070311422548157
5418
6075209221392728267259061
08779789040382
665
729962513256035551135851451
1276091041
66442485
7357794365432634173
7779387574941855361490245688
6724737781270746087801245040823
10
679395
7516865271
81355384404036243012639148686391
583672192393
248511
939228296492110903407269
1685043348308197
8
40597
582125197992704553
8567301302842533002539805454
75919262020123046218388599017691
6380729367657
40399356875309784519
820736370621298353
85906700412786213964
20830971180144317
550275714280651542
20
281256207740246097
71941161240221282686893407971432
757063732830204594
047500925726150654771405
53294167207877522274051
54464690327063486165013983
881249291443382839909
683587651834905698376919147
496037596
555308139991463473792848
7941519880428822446757187
064228387707
454730
792
76739955876676680036623346
40682774265446743088026
9
00617082289
9343413299461
1570722607433098059504826023
5971096
495265859136033016336761870014
976
5864164509334
3097656740781525302
9085669170696250230455619136301
1061455
96869998282408330253152100503512
75091099215217
236602449775721899811361271351
2610091557946830484469
2228
557964561342135584994320697727
69300
90
66606326496551747041763916775
899864008144
52293535529987478
7934160097166746632098
6922
65050058661415273526
2633698157
1
2375899624
9089291009223109367987827176003
3588230365751236
0408548938380376243036
279347839429328076
2401845295886
04270116536829720051578417917
777989803323916391344
47
40034
19560308569644498682642584
3
131164937869306
44344
2510269
25017353013082841604240451124
4538
220688374235584
76057761577993124155649611389
5524216725
44820
86367721506248289872583883212
938751846344196017007
0555193
37791359140345367961693
199763292191693287
7488115793356
5973310730433510527691
119031696
0785712283023106968445790537
269166071915589582
02802942794885910941180
732338830292911999275691219
503515662308891922060536608752
47297111
831398
8622486595592
38909479158453202
71384750510986332959090
455236605837
53987116789303273
438549149438
07175158029364229905735437
10244633291236828606826208596406
551075380630397301863960097
03885150082
7447663452
22091693527549404618
32
99083316343039115442775931
3878956
2807814747384
74902972170735699784365787
732173913759041640701009
941
816893489503119313
84139132699967307244270153
7105
789058188872316299370328
4
72383093442481985244897869624747
5135219700156615172879
4969919
4009
241864292445288
64531488089540598273820
7099907950
01590444876118998469850934169
983222774258080
610906967226
7683877850794514588038308704
7284345091975227107070
91684105012534723
89605242828719357659658955915081
5000688
243752365693100621062151235062
670880412579384260
27355232801215949170196906008
537786026244
360578280889545467582678852
789213470523685462
3575595518759882509492427241
2973005470360106763955453508
5315017
61917944965
6396
7783145553325017330159253729
318962729
09171430568178119267888
05053771745601301973258
15943720808755188158812455160
818824833903587904067198821976
4
590642123609099133297379
3963659806871286245390360
5838433855789137130157
4152877370643064597226673
73067
400685069419
70419423258965471764029
457951072549992057449
01200123657
33956250
5693137098858342373
64091425612
7717913
82126003253476181557447219
48552299633890
9880693940874176142856485
3631927874
0613
47600734461
328190151280401449064163
13213288669227166594590094902762
317482
3
4334681934282324728777024
805020144233921221909258
3425576458002598313823623382
229312
8931
56173491189
8
73783512966
005468
311110
126824834
2716097570187552
567447976755522642
8474358647017354081
26465
99
5460712976514895173487276
692
4166916164782282283
324
03453845351384667802072277074647
1197285604085529086194
9
6523998187467
499775239317841015945
21273860143724594086758669
643526059690314057148170081
5282468
1847045556652480
64436892268925452759553
289065368231738090
5394373098
101307202027065
98041506082611897491305092
794778184
147475818607296093418469790297
26
138353383916617597185344
846
28
30707341543501845850814
88053161794599478409
425205907426271139924
02453422495996248485956
0
10521886400061379848
41284198426761745226
