00111011010001000
0
0000
0110111000110000
0010110100110111101011100000
1100011011000
1110110101111010011110110
110010010111110001101110
1000
10100100010101111110001111000
000111011110001100000
000100010001111000
10100001101001111001000000001111
1110000000110100101000010
0110011011100000
00100100100110101011011010110110
110010110110000
00100011000010110000
0110010011011110011
000000
000011101101111001010111
000
100001111010101100001000
0111011011110000101100110000
011000100010011101000001011
11001111000110011010001
1011110010110000000001010010000
00010111111110000010001111
100110110010001000011
000100101111000
11101001100010010000
10011011100011101110001101000
01000101000
1000001000
10001110100000100011100010100
0000000
0011010100110101110100101000
0010010110111010011010101001
1001011100111010011100111000
110011110000000
010
1110111
11
1001010011100001101
0111101100001111010011000
1001101100
1100010101001100011001
10000
00101101110000110100
00110111
10110111
11010010110010000100000000
101001110101010110110100010
11001111001001
01100010000110
0101111011011111101000110010
101
011000010000011000
01010101110101101
0011110011000
011001010011000010110000110000
000000110000110101
1100000
1010000010110011000
000110010101110100001000
1111111000111010101111010110101
1011010101000001110010110100000
100111
1111001000
1
01010001110100011000
0001010010110
011010110100000
011000000100111110001110010111
1000111101000010110101
0001100
0010111001100
0111010011101011110010011010111
001010000
0110001011
1110
1001001110001111000111000
001100001001110101101010001101
00
1100100111011000011101110000
01111111000
1011000100
1
0
0
11
0000110010111100000
11101001101110100111110011000
1111110000
00111000100110
011110111011111011011
0001111
011101
10110011
01001111101111000000111000
1110110011111110000101101000
001001110
00010010111111
111110101110101000101110
11100001100001100011110
001110011101111111000
00101001010001000110101011001
0010110100101000101011101101000
010011001101
111
010000111011000
110000001100101001110100100100
01000
110000
000
001000000
10100100111001110001010111
1
01101
11110000111011100011110
11010100001101010
111000
110100111000000000
100
0100011010101
110111000
11101010110010011000111101001
0100100000000
000000010101010111000
0101001101110000100011000
01
1111110010100111
10110000101010000
011111001111110101111011011001
100000
0000
1100000011011110101110111010
1001100011100110010000
0000111011111101100
101100
1
010101111000
11100101101011000
01101111000011010010101001110
101101100010111111000
00000
01
1110111101110101010001001010000
10111100010001000
00100011
01100101111011000
10000
01001000
01101001101000
000
11001101000
00110101001010011001000
11
00
00100001011010011111001001101111
1110011010001001110
0
01
011111
1001
0110111
1100000
10101111010001010
101
1001011011001011111000011001
10111011101110
1011100101000011001001111111
1010100011011000
101000011001100010000
0000000011010011101111000
00101011011000
0011111111101101000111
10101010111101111
11100001110000
111110000100110
011010011000001001000
0001000101110000011001
010100110
0111101110
11101110001110110000
01100
101110100
0100101000
00011011010010
011010100011110000000001000
10101100000
00011000100100100001010101000
0010100110000
1
0000011100010101011000
011100101011011000
01101110110111101110001010
00011111100011110010111011001111
1010001101
111111000000
110
1111101101100110000001010100000
00000
0000
1100100010000
100011101000
1111001001010001111111001
100011
0100000001011111110000
01
1000101011010110011010001100
100101100110110100100110101000
0001011010000110011110000011111
1010010111010110
1100011110010000001001001001000
101001000
10100010101000110101
1011111111011011
01
01001010101
10001111111010101000
1
00001110100
11100001001000010101010000111111
000
10001100010101000
1101000100100000
1110
10100110010110100000000101000
11001001110100111011111
1100010111111
0110010000
0100001001011000
1011110000
10100101011000100100001001
00
011101
1000101100101001100101001000101
11000001010111110111000000
11101110
000010001100010000000
00100111001000101011001000
00100110110110011110100001100
0110000
1110001111101110000000
010100001010100001100
000
100011101001101000
1010001001000111100000
1100000100000
1000000110110101101111000
1111100
0111001000010101110001
1101001011100010000
00000001011
001011100010110101001110111
111011101000001110
101000010111000111001000
1011000
1010000110101101110110000
111011
100001111100010000
11000001010000
000010000101110110111010100011
100101111110000
1010000110011011
11001001011110010111000111
01011100110111111111
10010001110101011111
11000001010111001111001000
01001100100011100001110000
000111011100000
1010011010110110
000101111100000
10110110110111110011011001000001
1011011111110011000
101011101101100011010000
1110101010111001110010
11111110110010
1001111100
0000001010100101101010001100000
11101100110011111001101110000
100110011000101101
111000
11011011111000110111001001010000
100011111001100010001110101010
1000010001110001000000101
011000000111100110010110010
00011011101
01001011010
1001011001100011000
10011110101110010101
1110000110010100000111010
110101111110011
00111001101010
11
100001011111000011101000
01000001000111101
11000100101100000011110111000000
110001100001001010111000
110001110010000000110000110011
11001000110101111011010111011
1110011000100010000000111110000
1101001000101000010001101111101
01110100010011000
011000
11110000111011011110110000
01111101100001011000000001001000
1111010001101011101110
000110010010010
1010
101011
0000100011100000000
1110110010110100111110001011
011001100100010101000
01100110100001100010000000
1110111001011111111100101001
01000110011101000110101
00101000
111001011101101100111001
010001110001111111000
001000
0101010
01001011110000
1001010000
1010111001011111000010010010
10011001001111101101100
110000
0010101010010
100010110
01001111000011011100111000
1
01100100100000110001110010101000
00110101001011011100001001001
1111111001111000011101111001
00100011101001001011010001000
0110000000
0000010100011100100010101001111
1000101111001011111101111010001
11000011011
1000000
0
11011001100001000
0011010100101111000100000
0001100100000
10100011101
00011000010001110010011111111
11111010110
1
10100011011101000
01111
0001111010100001
001100110101110011110010111100
01111000100111100101101100000
000
1110010110100111001001001101
00001100100011010111011110101111
0010011110101101010111101100010
001000
1000101101110111100011110
1000101010100
1
10110010000000000
11101000110011010110011101100000
10100011011111000
111111101011011011001000
10000111100110010000111000101
10
110100010011100000101010010011
100
01010011101110001100110001011111
101010111000
00000001001000001
000001000111101001111010010111
110010001000
01001000
1110101101001110
1001001110010100110101010000
1101110010
100000011110100111000
1010010011100101111000000000
1000100001011100001100101000
11100011010001110001010000
110101000100111100001011101
100010110000100110111000
11010001000
11110010011011100010001010111001
1100000101
1100101000
01010000110101010000
011
000
110100010110110001111000010000
011101111
1110011101000
101001111101010011
0111111010000110010111010
00001101000110110
0110
10000110101001011000
1101110101110101
10101000010
011111000101
011101100111000
1000100000
0010011000000000110
1010001001110010001000
1001001110010
0010101010000
1010
11000
0101000010000001100111011000
111111001110000110010111000
11001101000
011011100000
00001000001011001011100
000100010000010100101100
01000110111011110000111101100000
11010101001001001
100111111101111101111
110011110001001011101011000
10001110110000
0100010011000
01011001
11001011101111010000110000101
00010011111000110
100001111101
001100011010111011000
00
011000010001100000000001111101
101111001011
000
1000010010110001000001
000010000110101110000
100011100001010
10101001100001110001
01101001000110
010001
100000101000
0101011001110
11101000010100011111011
00000110001011101010010011101
11111001011000100110001111101011
0001000000010000010001100
11010001000001000
000101
1010110111001100101001
1010101000111111010000001011000
001100110000
000101111111111000000
000011101
100110000110010000
11101111101010
100110001110000110101000101101
110111111101101000
01011100000011000
0010111111111010001101110
0000001
111
111011110100100000
0011010010101111110011000
1101111000001011100001011
110110101000001100111
000100110011000
110100100011000101111110101
11001101111001001110100000000
100001101000
01001110111010101011000
1101000101101100010011100010000
01111001001100111001100010
010010001111011
1111000110111101
10110010111111011000
1011100011010111010000
011000010111101110010111010000
000
1000100001101100011100101000
100110101000000
01110011000000110010101101
10101111
1001001000110111001000
00011101100001000111111111
11111001000001
0001101000110000010000
011111
01000
0011001110100010010011111
00011010000001111000
000110100001010010000
010111001000
110001010100111000001000
011000
1000
0100101101111
010110000001
0000100000
0110010011010010010001110
101001110
000111
110111110010100001110001000
110011100
100010000000010111100000000
00000111000000
100000100011111111
011001
01000
100010100000
110010010010010110
0110000
010101000
100101100011010100010010
01
00000
111000100010000
011100110110000
0111011000
01011101001110111
10
111101100
00101111100
111000100110011100101111001000
1010000010
000000100101000100000010101
011001100000
000100001
0100101001
110101
00001011
1
01010110001111000000
10110100000
10000111101000101
0000
01110001111101110100
111000
11011110010
10111000101000000101100000
111
0010101000
010100100101111110000010001000
0110001111000
000
1000
0
1101111000
00010001100000001100101010000
00
000000111110110000110100110110
01001010000
1110000111000
00011001010011
1
001100111100
101001010010
010001001000111010
11011101001110110001110100001000
1111111
0
0000
0111011100010000
1111110011001110101000000000000
11001011000000000001011111011
00001010001001010111101
11000000100110100
0011101111111110011100011011000
101011011100011011101000000
0110001100110000
10101110010111110111011011010000
0001100010101100111
10001101000
00000
0010011010110000
1010000011111000
1001101000
00111110110111101000011000
1110000111
0000
000
001111101
01111010000
00101100010000111101000
00000100001000101011011000
00010101011010001010110111001
1000
000
000101100
00
100011111011011111000
00
1110011001101111
101
100011110
11010101011111000
11111000
11001110001010000
1110001101000000
00010010111111000010111
0000101111110110000
0111111
0110011110000111000111001
1111011001111000101
000011100111110000101000001
10110010011000111110
11101100000010000
10011110111000110011000000
00010110
101011000000
0
110101101000101000
10001011000
101101110001101010111011
100011010110000110110110
011001111011111001000
010111100100101010011
10011000
001000
1010101111101000
0100010000
0001000010110011111001001001
011101001000
0110000000101100011001111000
100
11
111000111000
1010010001111010011101011000
111010100110000
01000000
100100110110011
111111111
001000111111010000100010
00000101000
01
0001111000101000001000100101001
011111001010011111000
00001011
011100000
00001100110010010011011101000
110011010110100001111111000
0101000
001100
010000
0101
0110010100000
1010000101
1101111000
00011111011010111001010000
011000110011011
1110010010001010100011111100
011011100000
11110100011100001000110000
10110001101010011011000110100000
00010101101001001001111010001000
10100100110110
0110011010011000010
01000010111010111100000
0010010100011000
0010
01011111001101111100001110
100
100111000
11101010110010011000100000
001010010110110100010011000
1110110110000100101111111010
10100010000
01110001100101011
110111011101001
1
1110000011000001011000
0011010110001100
1000
0000101000001000111001
0000
100100
1101100110
1111101101111001010110000100000
00
011
0100111000
01011001000
1101101010001000011000
000
10010000010011111111101101100000
001000011011100000011000
011010111
010010001101110000
11001110101101110011111
01000100011110010
00100111111111111001011000000
11
100110010110000
00110110010100110010000
10100110100111010100
0010101000101001000
011000
0001011101
00100110001111000
101100110100101000
010101101000
10000100000000
0
01011100111101100111111100
000111010111111100001001000
1000100100000110000
000110111111000101001100111010
11000001000
000111001001000110001
11000001000
1110000110001010111100011110
1011010
00010010000
10001000
10011011011100011010010
010111100010111101001
00000
1111111110100001110011
10001111100000
000
00101101000
1100010011011011111110101
10101110
11
00010110000000001101111001111
001111010001000011010110011
011100100101000110
0000100111
011110011011111000011000000000
110011000000111
000010101010000
101001000111111100
000000111101000000010011101
0001110111000000
0100000011011001001110111110110
10000001010100011011000000010111
0111100110010100111010000
101111001100010111100
010100010101100111101000
101100010110101000
01000011111110000000
1110011000000011010010011
0010
1111000
0001000
000100110110000111
1101000101100100101111
11101111100000000100011010
111101101011100011
110111011111001100010100
000011110111010110001100
00110101101110010000101010101000
01100001010001111000011000
111011001101110010
101001100000101000
0111000101000
101101110011100001001
1010011101011001100000
010010
10011111100100101101
0010100010000
1101101000101
101110100001011001011011011010
01000111010010011001011100111000
11011101000011101100110111100
0100010000001111010000
1111011111011000110110
0110011011011000001001111111
1011101011011100100111101
1111000
11100010
0101110011001101010001
00010111
1
110001010000
10000100
0101001101001001000
0000
00
110111100111111
11111101000
0100100001
11111
11
11101111111011101000000
10100010001110101001110
100000
000110001100001110110000000000
11001000111001100011100
010000011
001110001101000010000
00000
0001000
1
000100101111000111000
11000011101010000000
0010
000
11000001001110110110100010
100011111100101101010000
0111
0111000
110000110110101111011010
1
0010011011
001
000110001111010011000001001
1111000
0001001100110110111101000
111101111111111000000001111
011001000
100
00010100111001001001110
0110010000110000
0011111000101110100000000
011000
0110000111110111010000
101100010101000
01101001001111010
00
01001111111110001100100011000
00110100000011010000100
10110100111010011000
010010101011110
00110000101101110000101101100
000000101010010000010011011000
10100011001011101101101000
101100000111100000000
110001111011110000011000
1001000101111000
0111100
10101010000100110101110100100110
0000011011000001110110101001001
00011001110111111011011010101000
001000111011100110
00
0010110010100111110010000010
1100000
110110110010000101101000
101010000000
0001001001000
1110010000
11000100010100110010010
111000
0000
1011000
0101101
1
001100
000
111000100000
01001
010
000011010011100000000101000
0010111101000010001111110000
1001000
110001000011000001111011101000
1100001001101000010001101
010101000101100101
1111001010101001000
001011110000
1
11100101101111101
0000101100000010001011101110011
100001000111
100000000000000
1011000
10111111000011100110011100000
01001110101000000
0110110
11001110111000
00111101001001001100011000110010
0110010001000001100101
0100110001001000
01101010011011001011000
111000
00
10101011010001111000
1101001010100110
1110001000
100110100111110001010
10001100011100110110011000111
0110100100110110100110111
00111011010110101110
011001101111111010100010000
010100001011000
01111101111111111000
00000011010000101100
11000001110111100101000
011011100010
111111100111101001110110000011
0000000
11100111101001101011100011010000
0110
1000
100010110001000101110110010
011111111000
00100110101101001001010011000
0001100010011000001001111
011100001000000
1111
10000100101010001110111001110000
11101110011010100000
1
101011000101001100
0001000101001010011010110001
1
00010011100110000
1
01001011100101111001011100
0011011100011110100010101000
00111010111111000100111011000
1000011001011110100000010001000
00011001011101000110
00010001000001110010011110111000
0010111101111101001011
0100110111010000010110010110110
1111100011011010110101001110
0111111010
111000010110000001001000
1011011100100010011
111101011001111
101101110000101100110000000
110000101001000
10
000111110111001111001110000
010011000000
11001
0000110101001111000101000
0101100
01110110101011000010100011
0010
00
1101111111100111011101111101100
11100101101101101000
010000
110101111
00
0100101110000010000001000101101
1101001010001101
1100011010
10011010110001101000001
10011001011111110010100
0011111011011
010001
1000101011110100
1010110111100010101100101110000
100111011011010110000
01111
00101100100110101000
10110110001000100011001110000
000000
010
01111011000
100100000000100010100111110000
000
1001111
0001101010011101001101000
10010100000
001110101011110010100010
010111011111011111001111011
0001001100111110110100010
10011110011110
11010010100111110011001111001
10000
000001110010011110001101100
111101110110010101000
1011010110000
01
11011110111000
101011001101100100101111011000
101111000111100000
0
01
01001000
1000100000010001001100000
001000
11001100101111111100001100001011
0110101111010
000111011001000000
010010
000111101001111
1110100100100001110101100001000
10100
000110111010010001011110
01001110
0111000101011111001110111
010001011010111010000000001001
0100
1101010000001101
1000
1110010100010000
11011101000000011000
101001101010010110110
100111000011
101011000110100010100000
1111101111001110000110111000
01011110001000
101111000001110000010000000
1000011000
1001110
110110000110010110110
001010010000001110011010
0
0011101010101001011111011110
10110110000001110100
1001110000
0000111001010
01100100000010101111101000000
0001110111111110101100101011
0111101001000011000
11000
01111010101000010100100001110000
110010011110000
0110100000000110000100
00111001001010001011011000101111
110001110000
100111010011111110000010
101001001101111000000
1001101111011000010000101100111
11101111100000111001111001100011
0001100111101110011000
0010010001000
000
11010100010001010000
010010
10111000101101100110000111101
00111001110001011000000
11011000001101
100111001110
110110101011100110110101000000
01011111110101000
001001
11010
01101010111100
00001011100000101101011000
11101101
1011101111001101000000
11011011110101000000
100100000
011101110010010011000
0
100101011000
10011001011011000
01101101100101010011001
01000000
01100101010111010101
010000010011111000001110
11111010100001
10010001111
110101110001101011
01010100100011000011000
1010000
01000101000
0101010010101101011000
000
010001010001011111110111
111
10010111111101001111110001100000
1010000
001110111001110110011010
001010011100011001110
1001000100100000100010010011
01101
101010010110010001010000
010001000
0011111010000
110111100
100000
0000
01001100101001100100
10010001011000110110000100101000
11100110011011010000011000001
1111110110011000001101010
11110011110111000
0101110000111
1011101101101000000
1101000000
000
01110111100011011110101001001000
10000
000101010110
100010100011110000
101110111100000110000
1111101000
101000
00011000001111111001011000
0110101000100011110011000
001010111000
011001101011000010000
000
0001100100001011110000
1000
1101100001100000
101
11101001100011000001
1110111000000000010000
00100111110001100111
1
110
111001010001000
0011100011110011000
010110010110111000
00000
011100111011100010111111
101111111010000011101010000
1011100111010111011
101111100011101011010011011
1001010011110111000
1
1110110100101110100111110000
001000
11110100100001001011000
011111000000100000000
1111110101
110000110101001
1110111010
10111110000011110000
0000100001001101001011001001
00001110
00110000010101100
1101101100111
1110101
0000111
10010100101011
01010000110010001110010101010110
00110000
1110011
11011111101011101000100001000
100011001001010010000
1110011000001101011
00010011100010111001010111111000
101000000100010010011110011000
1011001011001010100101101110111
101000
00110100010001100101000
1110000
001000
11100001111101110
10110011000
0001000100110111
10001011100010101100
010111110011100100001001
11001110110111001
100110101010100111101010
101100010000000
110111
00011001
001001010
00110001011000100100001001
111100110111010010
111000100
0000000
110000110101010100001110010000
100000001000100111100000
01011110100010011101000
00111011011010
10100111111000
011111010111000
00001000110111000011010
1011101010000000
11011100100100000
00111011101110010
1000111000010011000000011000
000110100010100000
1101011100101
010110111
1111111101101110011010010111
11000
000000
10010001
0001101000110101010000011
000011000011010000
1010
100100111010011
001001110110010101001001001000
11101110011101010000000
011011000011110010
0111011101101000
1001000101110111010100100
001000110000111
0111001001010011000001001101
000001000001110
01011001000
0000001011111110100010
01111011011001011101
11011101011000010100100000
11111000001001011010111
00010100010111000110111101101101
1010001001000
0111101101000
11000
1111000111001000
11011110011100011
1010111
0101101110010111100011000
10101000000
010111001001100101
11001
00110
0110100001111100
100
1011
110011100000000
10100100000000
01001000010000
1000001000
00000
0100110010000111
01110011100000
011010011000
110111111001110011011110110010
0000100011110010000110010
001110010110000
0
11000111011111100111
010001101100110110
01110001011
010101000010
0111111001101010100001000
1000100000111100010111111100000
1000
0100111010000
0111101000
100110001000
0011100011000010010
11100000
1101111
11000111110100110111001
0100100111101100100100010
10111111000111011000
010010100
01100
00100001101010010101000
001011
110
010000
011001011
110000
1010010110011001010000011
11011111011
01010101101001010101001001000
11010010101111101010001110000
01101101
100111101010110
0011000010010111101010001000
11101000101100111011011100000101
11110101101000
1
1010
001111000010000
1110110101001010000001111101000
01101011001110000
11010100100000100110000011000
110111111001110101100000
10100111001000
0010101010000
0
11111100111111101111111111000
101011010011101
0100
00100010001111010101100
000111100111110011100100011
000110100100011100110
0
111010
1110
1111001110110110000
1000100111000100011101000
01011001000001110000101110111000
101010001110101011
1111011110
111
01110010001101000001
0101100011
011010111100010111
01100110101100010100000011
10100101001000
01000001101010100000
1000111101011110100111000
0
11010000010010000110000110110011
0010111001111010001100000111000
111010101
00001101111001100100111100000
01010111010000111111011000
111010010000
0100001101001011000
10111101101111101010101000
00100111100101001110011110111000
110001110011100110000
110000
010010000
00101101111111011101
011
11110111010011010000011100101001
001100011010111100001101111000
100010111001110001
10000
000101010010101
0011110000
100000000110100000
010110011011
111000000101011001001011000
111010
0110100011001000000100011001000
110010
1
101110101000000101011000
0110011000001101100100000
01000010011011100
001011010100011
00111111101101110
0000
11001101100001101101000100
0010011001000
110101101001000
00010001011110100111000
0000011010110001000
000
01110110001111000
111110101110010
10110000001100100011010111011101
0011110111001000
11100000100010011101000
0110010
11101
11101010101000000101001111000
0000101011100110000010000001
1000010000010011010000
10011111100111001000
1101101111000011011110111011
111
0000111001001000000110000001000
00101000
10001000011111101000
110111
10001011100110101000
1000
0100010000
111101111101010011000
0001110010101010010
01011001110100100001000
1010111110011110000
11001100010011
011101111000000
011011101011000111000011010010
0111
0110111100110111001011111011
00000101110001001101101001
00100110000
100101000110101001000
00
11100100011101110101000
0111100011110111001
000001000000011000000
110111111110100101
00
0100101010000101010101
11001010000
0
100110011001011111000101110
010011001000
0111000
0
011001011010110111101101
011110
11000011000000001010101010
01010111100101110111000
0111111101010
00011111101010000110111000
011101110000
100101000
1011100000111010
000
0100011011001000110100000011110
01001010100101001000101101
0110011000
10110111011
101101010
0101001111101000
010000001010001011010
0
001001001110000100100101000
01110100111000
10100111011111110101111101
0101000000
1
1101010010111000100
1
0011001100010000
01011011110000
00000100110001010000
10010110000
1001110
11110011010
01011001110101100100101
01010010000100000
01011001010100111
10111010110011000010000100101000
000010011
1000111010100111111000000111100
101011000
1
1111001101101000011011101000000
001
00011
110011
10
11
110
011101111000
0111000101001010011010100
100000
000110000
1110011
01110
1010111000111010100001
0111000
11
101000111000111110000011110000
0010110011000000110101010
00
01100000010001111011
000110101100011111101111101110
00000011001011000
000
01000
00010010000
010000101111111000111110000
1001111100101011101110
011110010111101001000
11
001111000000101101111011100
1001011
001111100110000
0011001110110011101001000
110001101101110111010101110110
0101110111000
01000
1011101010101
10111110100100110001000
010010001000110001000111101000
1110000110111100000010100000
000100111000
10101000100011100010011010001000
0111010110111001011010
10101001100000110001000
00011111111
11011
1111011011000100011111000
10101
1000
001100000
000100110010001001011
11110001
10100110101001000
010
0000110011111100111011010000
0011101001110011000010000
110001001010010010010
000101001111110101
01011001
0001010011010000000111000011
1101001100000011001110001
1010011110
00011111001111111000
11001
11
0000110110
1010001100000000
0110000
000101010001000111
000011
001110010
11110000100001100100010100
0010011001101010001000
1000111000
000011000101
0001001000
01011
11100111100100000100000101000
0100010101011000010110110000
0001000010110000111
01100001011001010001111111101000
011111111100101011000
11111
11101100101111010110110110
11111101
101000111010001011
110111111111010110111
0111110100101011101100
101110111110000000
0000111
0000
111101011110111
00101011000011110010000110011
0111000010000
00011011001001
0011010011100010011000010
01
110100110001111111000110010100
10011011110111100101100100000
1001001101110011001010
010001000010101
101011011111001100010110110000
1100011010111011010000
1111100011
1111110101111000001101000011
111011001011110010011000011000
11001111010100010010000
1000111111101110100000111000
00010000110011111100011001100100
1101001100000111111001011
0
101001111001110011111010010
0011000011011110100011101110101
1110111000100010000011000
00011111001001111100011
10
101101111010000101000
0
0001101000
111101110
11110011111010110001010
11011001010100000100010101001
1100010110
0000111101100000
11110101111010000010100000
1010000010100100001001100000
01001010101110010110011101
1101111111010
0001001111001011000
11000010001001001000
0110001111101000111000
00
00100001000100011010011111101101
0111100010010001110010001111001
01100100100100010000111101011
101000001000
011101111
010000
00101110101001111001
11110
110111100000
0110101011010011011011000
00
111110010001100000111000
1000111010100001100010110100
010001101000110110111000
101111101010001000
11100
0000
101011110101110110000
001001000001100111000
1
0000000000100010000
110011011000
01110011000101001110110011101
100111100001001100000
1101010100100110011010000
000011100111000001001110110000
1110110110101111111001
1001111110
110110010010
111000
11111000
11000111001011010
000001000010000011000111000
111000100101011000000
1000
011000
1010100000
0010111000
0100110110111011011111
00100100010100100000
0001001101100100000
000010101101000001010111100001
100010111000
00111100110000111010101
0
00100010010101000111010000
000100000000000000
00
00000000
011010011001100101100000
1010000000
10101010101000
1011001000000000101
00100111100
0111100001000111010010
111010110001010010001
0111011111000111011000101000111
1110
0100110000
000
0110101100101101111
111001000
1000110101000
00
00010101111011001001000010111
01001
0100100010101000000001100
001010010000
110000000010001001011000
11101111001110000011010000
101101010010111110110
000110001000011
00111001111
11110101101
1
1011110010100010
111010001111101
001000
1000
11110000111011111
0011111000
100010
01
0011010001111111110111010000000
01110111
01001011010000
100011110110100100110000
00001101011100000110
01100110101000010001101010000
10000
01011101011000
000110010000
0000100010011
11000011010101010001001
0010100111000
00101111110101111100
01000000001000
01001001000111010001100001000
1001000101100111100000
00
1
10110001
1100000011101011001010000000
01111111101001001
000
000100101101110111000110
10011110101110010010011110000000
011110000110101100011000000
0101000
011111101011
1101010000101010
101111000000
01011
10
01111100
1100010101101110000111001001001
11101000111100010001000100000
1001011110101001000
0010100
0110101011001011111110101
1001100000
1011001001000
100001010000001001101
1000000101010000010101101111
010011011101
00000010111100000
000
00
100000
01100
110111001111000111100101110000
1
0101111010001001001
00100000110010100111000011000
100111011111000111
11000110110010101
110011101100101
100110100111111
0111010111
11001000110010101000
0
1011010010101011000001000011
11001111011111001110111001010011
100001000101
1010011100011101
11001110100101011001110000
00100101101101011000
10010001
000
01010100000101000
0
0
00
00001100000001101010000000101111
00111101101000
001100000110011011000111110
11011101000100010111001011000
10110010
1010000101000
010110000010110100001100100
1000
00001101000
00011100000
1000001001000011000
00000110010000
1000110000000010000
1001
001001001001000110001000111000
001000
111
0101101011011110111111101
00100000000110110000
1111001100100000010
010111000010101101100001110
10001001000
100001100001111001100000
1100010011011001110100000011110
11101011111110010
00111101001001101101100110110000
010111111111010001000
101010001001111
0001010000001111001000011
01101101000010001100100101001011
1001010110100010
10011011110100110010111110
1010111110100111010101000101000
11111100001
10110110001101000101100100
1111011100010101110
0000011100001
10001100001010
10010110001010110000111010101000
00010010000
01000101001000
0100011100000
01000010000
1000011111011001010111011100000
00001000100101101010000
00100000001
100111110101000
00
0001101000100100011111000111
01000
01111010100100
100011010010010000
10100100001111101101000
00011110110011011010010
00110110110101100011110101110000
0111000101110000
11010110101011
101011011001010011011011011
11010000010
111011100101000
111101100111001011110001000
0100000
110011000
110100111101010001101011101101
01000
00101111101101100001111101000
10010100000
0011001111000011000
00111111100011111110101110010000
10111001010101011101110000111
0001110001011111110111
01011100000011000
10101111001110
11001110111001
11110001010001101111000
01100001110010010010100000
011100110
1000110011111
000010101011110010
110110010000
011011001010110110
1100011011100001100110
011111011111010001001100
11001100101001010000011101100111
11011111001101
01
110000
0000011001000000001010011100000
00111101001101000
1100000001100010
100110011011000101101110000
1
101111011000000
10101010110010101
001010101000110000010001100
010000011101111000101111000
01100011001000
00010010000
111101100001
011110111000
010010001010001101001
0011110111
011110011110000
11111
011100111001010001011110
001100110100111011000010101
1000001111001000001000
11001101
1000001100110100100000
01000101111101000000010000110
100100111111
00001000010000011100011
10110001101000011011000
00111010000111110001
0110110010111000100011
1010101100100000
111010110000111011011011100000
011101010
0111011000111001101000101011100
0110100100101011100000
01011110101
0010110101001
01110
1111010111011110110101010011000
10010001010100111000110011
101111000000000
10101011100110111000
11100000101100101110101
1011111010101010110100000
11111011110111000
011111001000
110010011000
01011110110000010000100110000
111011110100000000
0100010011000
0111100000000
1000100100000101110000110001
100011100110101000
01000110011011101101011000
01000
0010000
0000101011011
1110011111000100001
011011010010110111
1000
1111000110010000000
000101100101001100100101001010
000100101110110101001010100111
1110011111
0101110111101101000
00
0101
0000
01011011011110001100100011110
010010110011000001101
0100011
111000
100111
100001110010100100000000
11111010111110100001110111000
0100101110101000110000000
1111001011111
11
101011010100111110011011011
011101111011000111001101000
01110000
011111010011
11010110110101101010010000
11011100
000000
10110101011
1111011111100110000010000
101100
010100110110000010010111101
111110010000000
1001101110011111111000
1110000
00010100001111101000
00100000001010001000
1001001000
0011001110001110
011100100010
100110010010001110011110100
000
01101010
01001100
110101010011010101100000001
0
01000000010000000100001011011001
01101101000010010101
100110000000
10101011000
01100110011111111010100101000
10110000001101001010001011
0010011110001
1101011110111110110111000
10
010101101011001011000000
1100100101001011010111001
0110000100111100011001
110000000101110000000000
10000001111110110000
01111100010000110000001010010
01001011
110011111000110001111001000000
10000
10111001100010100010111010101
1
11100111110000100001
100100110001110000101001
011110101011111101000000
0000110000110
01
1011001000110011000
00000010000
001111
111000000000011111001110100100
0011101100100111100100100011
0010111110
00110101101000011000
0101000110110000001011
000100001001110110
1001010000000
110111101
0011111101001000
10110001111000
1111010100100010000
1111
11111111101011
0110101010001010101110
0
000
1000
0100000
100100
11011101100011100110001111011110
001110100010000
11000010000
11101111
1100001111111110100010
0010011000000
10101000
000
10110100001101111110110
100111101110000110000
10010000001110110000
10110
11111010011110000001100
0111000
101010110011011
01011001000
1100010110000110001000111010100
000010010111111101001011110000
111101110000101001010111
011001101100
000110011
1000000
0011011001100011000
10000
11101110110101010011000101101
1100000101110011010110
1111100000
100101010101100110110
001101101
0101100001101110011100000
101110010111001110010
01001011101101101111
0101101111000
1011000000001011100111100011100
100101100
001100
1011110100
10101000101101010110111000
0111011001110100100101000
01000000010110110100011000
1001
1001001100111101111011
1110000
0100011001010110011100010001
01111011
0000100011000011000
111001100010110011100110110
010110100000101101
0110101110110010100000
10
1100101100111111111
11000
11011001011110101110000
100110111000
00000111110101110110110111011
01000
010000010111100000010010
1111001010110001110010
11111101001001000001110001011000
11000101001101
01100010110101000101010011000000
01100101010111
01000000
100111110011001011
100010011110000110100
11011100110101
00110011110001110000
011110110011010110000
01000110111000000001111100
101111010111000
0100001101011110000000
000
1110101001000110110010010111000
00100100100100110110001111000000
001111001100110011000100
10101011010100
00100000
0100010011000111100101001000
10010
01011000
00100111111000
000010111010000111
00111100001111110
11111101
10
0111010000011010110100100101
00100000101100010001001000
11010
000100110100001000
0001011101100001010001
1111100100001010000000010000
01000111110000001000
0100011
000000110
1000
000100000000
0001000111100
10101111110110
000011010000101010111101010
100101100100110011111010000
1010011
00100110101100101011001000101
0111001100001000
0100111001000100100000110
0101100
0000001000
1
0000
11
01000000100101000111011101100000
011101001011001000000000
0101101110010010110000
00000
00100100010110000
1011111001011001010000
01110011111100000
10011111010101111100111010011001
1000010010010000010110110011
0000010111011111010011010101101
00001001011011001000
001100110010111001000
11010110000101111
101010101010000
1
10100101100100001110110010001001
0001111000000
111000111000010
0101000101111110001011100101
11110011011
01011010011
0010110100
111011010011010110111011
11010101010101011111011001010
1110110111110010100
110101101111100000000
00100100111101000010111010101111
111000
01010101010010101110001
10001001011000100010001001
010001011000
0100
0011101001110010010000110101000
111111000
01111111010101100011
000
1001
00
001
0100111
0000111
00010111111100011110001010111010
010001000011101001111100100000
100001010001111
101001010110100111000110000
0001000
10111
10001111011000
01001000001001101100001100000
001
1011110
11000011101010101000
010000
01000
01010101001000001000
11000000000
01100
000
001
0011010001001
110110111110011110101
111110001100
10111110000101110110000
000011111001101001001011110000
10101001111110
01110101001011100010100101000
10001000
1101110110110111011
11110000101101100001011101011
00011101100011110011
111100111000001011
1101101100011000101100001000
001100100100011011000
1011101111001001110111111001100
0011100111111110001001000111
1101000000111000110011000
1010011110011000001100110000
1000
0010001
00110101
100001001001011111010
100011100101110011110000100
100110110101
0000010000010100111101001
000
01010011100000
0101000011100000
001101011001100000
00000
0
11001001000011100101000
111111000
11000010
100100010111100101
011000111110111111100111110
100010010001000101000
01101110100110110111000111001000
11001000
1011011000
000100111111110001010000101000
1001010111
11000100
01011011101
01101000101010010101100001000
01011010000111010000
10
00010011111000010100110011000
011110100111100111111100000
100111110110100000001110
0
010001010
010001101001110110010
10101010110
110111
101001100100001111110
00110000011110111110101011000
0100000
110111100000101111100001011000
0000
11
0111000
11011111010
00100100011001001011101
101100010111101000100
000000110101110001
110101111100001001101001111000
0100001010000
00100010001010010010011000
0
011010101101110000
010
11110110111110001110111010
10
10001111010
01111101000
010101000011011101011001001
1100001000011
11110011100110100
011000
1001010001111101
01000010000000
0
11001001100001001111
10101110
01101001010
001011110100110001111110000
0011011110111111101001101100
1111010001000110010101100000010
010011000010110011
011011000101011000
0010110000
00000000111000100101100
00001000
11111111011011000111111
1
000110010110000010111101000
1100100011101011000001000
010111001111
00111101001111011010001000
11011010111011
01000101001111100110011011
1010001110
0000
11111
100101011111001111
0101111001011001001000
01100000000101001
01000100111011111
000000
111110110010
01011000110100011
0010011101010
1100010010000101011100100101000
0001110101101010000111
11
1110101101010110110101
010101010011110101110001001010
0011100111110000
01000111111111110101000100010000
1011000001110111110000111
01101010101010011110011100110001
10
00001011100000
0001101010100011100001001100000
0101001101010100001
00001000
101110011011000101001000
00
0000011111100110
1010111111110000
1000000011101
00110100110111011101010000011000
01100111111100100110000010101
1000011111111111110110001110100
1001110001111011011101111000110
110111111
00111100011001
001101100
01001110010010110001011111010011
00000
101111101101000
00110000000
1110101101001011
010
1011111100000000
111001100000
11101000001000100000001111000011
01110000
11100110000
0110110000
0101000
0010001000
1010011111011011011000
0000
000110111110010110000
010011101100101000
111101011100001110011001
000010111011001011
01000000100101111101110101
11001110110011000
1100100111111001000
00011101101111011
0100000110000
101011101001011100110011110111
1100000100111011010000101010011
000001001101
1101011000101000110000
110100101101111111011000010000
11011111010011000
11111110000110000
00101010000110000
111011110000
101
011000
0000110000
00001
1011000000100001101
0010100101010100000
000110001111110101000
00010011101010010
0101001
10001010000001110010101001111010
11110000001101
000010100110010000001111000
001110100110110101
1110011010110010110000000
11010100111000000001001010010110
1
010101101010000
10110
0001001100000001010000
01000100110000
1000
011101101
0011100110010110111100101100
001101000001010000
0101001111
110110000100101000
1010
110100111101001000
10100000111000
01100000110001110
00010101011000100010101000
011101
001001101111000000101011000
00
01110000010001001
1
101011001100111000
11111110100
01001101110000
110000
001100110000
10001010101100001011001
0001011100110101101110
0010111
10010111000
111011
0000011101100000000
111101000000000
0011111110010101100001101100
100110001010101101111010010110
100100000011
0101111001010000000111111001
11101110100011110000
0000001
0001111011100000
11011010010
10110100110000001000
00001000101000010001001111000
110100100
110001110011110000011100110101
0101011011010101101100
1111111110111
01001111010101000000
11001101000001001
1111110000
0011010111000
1011000010010100111
10001111100
1
001101001100100100100110100100
0010100001001000
010001010111
110011011110011000011000110
0101100000001101111011001000000
11001001100110001
100101110001110111000
010001110011001
0
000001100000000
0100111000011010
01100111000110011011111111
1
01010110110010000
1010011011101110100100101110100
101101100100101101
10111100000
1100100010000010000
01010101
1110000010011011
0010111010010000111111001010101
1
11
1111000
01
1110100110000011111100010110
10101111000
00000110000010010101110000
10111011000011001001000
000001000
010100011111000000
01
11100001
0010011010100011111000
00101110010
1000010000000110011
11101010110000101110
000
00001001110110001111011
11110110011011100100100
10001111001101011000110100000
001010100011010111000
00110010111000
10011100001
0101011100110011001000100110
001100011000101010100010
110101110100100000100110010
10101100111101100101
0101001111111000
101111000
10011110001100111111000
01001000
1100011010111101000110111
00
1111100000
111000111001
1111100
00111100
0
0
10111001011010011110001000
1000001111000101000001000
0010000
0111010001110100001
1100000000
0001
000101
01001110
1100010100111011100000
0100111011
0000010000
010101110000111
010
111100000001
001000000
0100001011011100100101111100
111011101000010111
1010101001111010111010010000
101011101101000
1110011110100101100111101010
010101000001010001011000
1111100101000010100011010101010
00010011
0111
0110
11
0110111011111011001011000
01001111101100000
10001001111100001001000
0
10000110101011100110001011011000
0000100101011100100111000001
0
0001101100101000
0001000011
00101100011100011
1
01011
011011010110
11
0001010010
10000
11
11100
10000011100010011010011000
1000100000100011101011000011
1000001010000100001010
000011001001101
111001011000010010100101100011
1
0111011110101111011010100000000
1101111101000011101000
01110100010011000
01100000000
00110111000100000111101011000
0111011
0100111001000001111001110
100001000
0010001100111111101110111
0100111111011010100111110111
1101101010
110000000001010011001000001
100100110000101001010101000000
1001111011101011100101000001
011000
1
0101011110011
00
011000
0011100001111101011001101000
1
000101111011111111000
111111001010010100111
10111010011110100110000111000
010011111101000000
11100100000011110000000
10010110010110101
0010
1100001010101
101010010110000000
101101110100101011000111000011
00100100100001111010101000
000
01010110010
1011000110100100111110110
101000111110100000010010100100
11011
1011100
11101000001100110000110001001011
10100100111110110010111011000
000010
1111110100111101111
10110011010010010100100110
0111001101110100001110000
10000110100111101
1000111101000100111001001000100
10110011111110010011101000
1
0111001010010
0110110100110000
1010000101011
110011000111000
100011001000
1110100000
001100
01100100000
0011000000000100011101110010111
00
00010111100101
101010100101101101000100001000
100000001010011100011111111
1011001000101100
1100101111111000010
0000000110011001010100111000
0011010001110100000011
0
1111110010111001000
00001010110010100001010000
0101000110001000110110010000
1011100100001
101111111
00101111001010100110001111
111011001111101100100110
00000111011010
111000111001000
101101010000001010000
110010011001001011101000
110001001001011001101110000
10000001100111000000
11101000
10001011111001011110110000
111100010010001110000
000101010101000010
10100110100
01010001010110010111110
110011110110110000100011100001
1
1000
001101001000000
110100111001111011001111001000
000100
01101101101101
01011001000010
1010101001111000010
01001010000
1000001101111101000000
11100001111000
11
111111011001010000101001
0001000101011101101111
000100011111000100
110010000111100010
001000001110101100011010011
10101000101
000011
00100100011011001111000
10011101111001000100000
01010110010010001110
00011100010100
0000110010000
000000101010111
10110011011
1111011011101001011000
00
011110110101111
000
00101010101101101101000
01101111010011101010
01111101011101001000
100
000010000110000
111101
1010101101001011101001000
1110110010000
1
1101101101101000110101101000
00110000011000100010001000
000011
001001
00100010010000111101111000
000001111010110
0
011100000100000110011111000
000
0001001111111100000
0000110101010101100011000000
111111001101010000001011
1001111101100
100010101101010
10
010100101101101010100010100000
001110011010110011110110111000
110101111111001111010010000
01111111010000110101101010000
0
010100100111100110010
111
0010001011101110010000
110011
0
10101000100010000
1010000
10000
1101011100111000
101100100001000
1100001010000100010
0010010100001011111110001101
01111110000000110
01001111000110011101001110010001
1000
111001100111010111000100001010
10011000010100001
01101100101
0100011000111101100
0100111111101
101010100111000
110010000110100101010011
00000
101010011000011110
010111
0100010111110000011100010001000
11100001110111110010111101111
101001011011100
1100100111110010101011010010011
000101000101000
00010000
1100000
101001110100000000100
10010110110100011110
01000001110011010011100111
1101101
1111101100011001001001010
01010000000110001101100000
1000
101011101001101110100
111010011101001010011110000
1100000000110111000100000
00111010001000
0110010
0101111001
0000010110101100101001000
0000101111111110100001100100
111101010000111111010000
00010100101
000100001
0100010110000110000011011
11010101010011111111001000
00101101000
100001000101000000
011110010000
11101111111001000011
0100111101111100010000001
1000001000101
010111010000
01010111000
0110100
1011101001010111100110111011000
110000
1111
0100000101001101001010111010000
00001000101100
0
1111011000011011101010011010
00
0011110010100001100010111000000
0001101001100101111101
11000
1010001010101011001000100100000
1
011101000
10011111010101001010101101101000
1001110000100110000
10000100110000
0001111101001
0110010011110100
100101010
00101010010011100100001010
000
11000
1101010011110010000
0111111110010001101000
00111100010000
10011101110001
0100111000
0101000
00110101111011110010111
1010111000110001010101
0101000011100010100000
11110010
011
11101100011111110111000
011101001011001000011001101
01110000111010101101000
0100010100000010110011100000011
11010111100011110101101000000
1010101111000
1110010101010011101101000
01101111
1111110001001010110
1000011101010110110001
11111110000000001
10100001110000
11100011001101101000000111000
010
00101
0110010010000110111110110001010
1
11110100
00100110110001001110
01
0000100011010011010101100000
11101011011100010011010110011
1100001010100
01001000110101000
00011110100001111000
111000
11110101100101000100011011111000
0001101000
1011010000101101000
01001100000101101011001
1110100110100010111110100100110
0010000111001110001100010010010
110011000000
110001100000000001000
101001110001001
0111000100110
10001110100001100000
0000001011100111
11011111111100110011
1101000000010001011101111000
10101011110000
1110110001011
00000
01000010000011101000
010010010110100010010001000
10111100000
101000101011000010
011101000110
1
00010101000
1010100100000
00001
01001101110000000
01111000100010000
111001001110010101000000
0110000
1100100100100010111000
111110000101010
01111111000101100001101101000111
10000011111100110100010010
01011110011000001000101000000
110100110001010011001110
110000
00110010101101100111110111
00101000100011010100010
01010000000
0010101
010101000011110
110111111101101111111000
00010010000001100001011
1110000011011111101001111
0110110100000001111100000000
00
1100100011001011101011
000001000101010101000
001000101010010100010
1100111000
111101001
1101
0011011
110101011100
0010111001111001011010001
010000110111010101000
01101
001110011100010000
0
0000100110101000101110
00000
1000111110101
0000
10100111111101001
0000100000
001101110011
111001001011
100111001000
01001101101011011101000
11011110000100101000111
00000
00000100
001111011000
101010100101010000100100000
010111111000110011000100000
000111101
1101000100011011101010101111110
01010000110111101000001000100000
00001101000010101101101110000
00000010011010110100110
100
110111
1000000110111000001101010010101
0111100100110000010011010000101
0101001001011001
001100101011101101010110
0
000000001001001110100100100110
0100011001
01000110000001001100100000100
10101111001111
11000011
1110001110110010000101111001010
00000
011111010
010111001010001
000101111100
0010000000001111110110100110110
100000001000
00
0101101001011
000100
110001011000011110
111011111110011011110011011000
01000001000111011101110010
00000001101000101010101100000
0110000101100100110011010000
110001100110011
0000111011111111000
0011000110
00010101010101001101000
0
0000010000
0110111
00000000101111011011010110
0001010000011110000001000
0010011
01011100000000
100
010101
10010110011010011001
1111010110111111
00100011100000100000
1011101000111011110011100
00011
1010110100000
0010101000001
00000001010111111000
0000011000
110100110001111000101011001011
00
110010011
0011010100011000
11110011
1000111000111000
1110100011000111100011100011111
110000
111001100101011101011100000
000000010000
1000010100101101
1010101111110001111100010001
000101101011111111000
000010101100011110000011110
10
0000000110111101100101010000
110101011111000
110011111001000
1100000
1010000
0100010010011111
01111001001011111100
111
011101011010010011111100100000
0000
1001111011000000
10001100
10100001010110010001000
01101111011010101100101001
01010001000
0110000
0010010000000
000011000
111101
0
0101011111000011000
10101001
011101110101001111010
011010
010
1010011000100110011100110
10011000
11101100001111110110111110
01001
1011000111010101001111001100000
0110111111000
10010001101
100111011
00010101010000101000
0100
000
00010011000111011111110001000
010000100000011111001000
110111110011011011000
10111110100010011
0010111100100
01010
01110
01110011001001000
1100000111000101101010001100110
000101010
0110101100111010100101111000
00
00000110100110101101001
0110
01100110111100111111110
11
01000000
1000
000
101100101011110
1000000001100100101110110000
01001011111
10011001001101010
000001
1110111000111001111
001100100
00100001
0011101101110110
11101010001111000000000
0000100111101000111000
01110110011000101011000
10100000
011111
1011010010010110101100000
11010010110011011100000
000001100
1101101000001101001
01000001001011
00
0101110011110000111
0011011010000100010001011
11110011010010
1001001000000
00
11010111001000110101010111111000
1011000111010001000101011100
11000011111111100010111000001
000001110110100111101110
01110100101001011000
10110
0110111001110111100100100
01000
10001111110000100100110000
0111010011110
1
1000000110101100001011000100000
1100010000011100000001111001
000011000101011000
100111010101100001
001101011101011100000100100010
0000001000000
11111100100001011111000100
0001000011110101000010111000
010010101110
0010000
111101100100110010000
01100010000
1101100000010101000
11111011011000
11010100101101011011
11100010000101111111000
11100111110001011100110111000000
1101
111110100010000001
01011
01
0101000110000101111000
111011110101101000
0110001010
0000
00101
01100000011011110111010000
01111000100000
1111011010011000
0100011
011100111000
001100100101100001111010100000
0010101010100100001100001111000
000
00000100000100111100001000
100001011010011000
0001011001111111001100000000000
11100001000
010
10101010101000010010010101101
01100101110101001100111110000
101100000000110110100011111000
01011011001101000001000011111
1
10110110001010
01010000
11110000
1000010100010010101000110001001
011
1010000
0000
101100101000000
000
111111100100111
10101000010101111001111111
1010101110110011011010000
111111011011
1100001110010010000100010000
000000010
100111100001110010001011101011
111010101110010011111011
1101010111110
01011100101001011000100
000010101011111011111100000
00000
111011000101
00110111101101111001100000000
00000011100100111100
101001
0011100010000001110111101
1111001011110110001011011100000
01110101011110110100000
11110001010011000000
000111010010010001011110
11001110000110010001000
11010110
1110011
1101111100110001110000
110101000
1111100001111000
010111011
01111110111001100010010100011100
1101000110011111
11011111100101
1111000
00
1110110001111
10000101110110001001011101
11000011111010110101111000011
01101000
011
0001101000
1101100001011111000101000
000010000001111
111011011000110011010111111100
11111010110101
01010001000000000001000
00001111100010
0011100110001000000
1110101000111111111101011010011
000110010010100
1111001011100010
100101001100000101011100
0
1000001110111010000
0111000111000
111101
010101001101101100110111000
110011101001
1101100110100
1000
110111111011
111100110110
1100000
11001011110010000
101000111100000100
10110101110000
00010111110100110110001111110000
111111100010110011010000
01101111111111110001001010
1111000111010101101111000100000
11100111110101010100100101011
00000000100111010000
00000010110010011001110110
00110101111110101000110
100101000
110001000100010010011001
10101000
0
110
100100101100001101010111
1110100111101011110010
011010100101100010111000001100
011110100111
101000011110111111011100110000
010100110000
11110010111010001010101101000110
11011
101101000000
1101110010110110010001111101
01011111101000001010001010011100
111000111110111001111100101000
000010110111101101101111101
10101000001000100
1110010000001000010001101000111
0000
1000010101000101000
00110011010110000
10011001110000111011111000
111110000101111001000001000
0110100010000001010010010000
0001010001110011000
010001101100001101010100011000
0100001100101011010000
1100111010001111000101101
11111
00011011100001000
111111
10111111110000
010111111
110100000
000
001010100010000010000000
01101011000011001110001001100001
000111011000
001111010011000
1110000
100100001000101011
110010100000100000001001010000
0101111
0
1101110010110
1101111001000000111101001
1
00
10101110101000
0100000000
11110011100111111101010111100100
0001110011111010
11011101111100001000
0010111101111000001001000
11000011010111010111010000111000
101111001111100010111111101001
01111000
1001
1010110001100100000
0
11001001100011010101001010010
000
111
110111000000
1101101001001011100110000
1100011011111101000011
000
11100100011010001001011
11010111100011001100000
11100000000011000
110000110101101000110001
011011
011101010110011111010010000
0111011111100100000
0001001011101
0001
01000001000
0110100000
0101101001111011111
01011110100001000
0010000100000010
0100001110010000
010110000
1000110110010000
1000
01
101000
01101010011101
0001101000100010100001000
011100011011110100001
111111100100
0100100000000001010010
1111110010010000010100111000
10010011000010001010
00110110101111110000
10100010110011001011000
0011111000
11010010110011101101000110000000
110010111011010000
011001000
11
1001011111000000
00100111101000
1100110100001
1010001
011111100000101100
1000100100000010000
01010101110011100110111100010000
111001101000
1000
10101010110000
0111010100010101111111100101000
1010000000001101010010010000
111110001010111010111
0110000001101111100010
01111011
010010011101000
1001101101
0000111000
000
01011100010011000101100001
101
11101000110011110
01000
0101101000011000
1001101111111111001
11111110111100100000
1101001000
101001011111100011110101000000
111
11101010101000001011
1101100101011100
1001010000101111100110100010010
1100000000
110000000
1010101011000000011111111
111
0010110001101111011011100101010
01011110101010
11010101010001101101010000
011110000010000111100000
101001011011
0010010100010010111000
100000100101001000
10010100111111000111100001000000
110010011010011101000
0111000011111100111011101
01100010000011000110100000
1100110
111000010011011
0011110010000101000
11001010100000000
1100101000
001000
0001111011110110100000
0101100001100000000100001001000
0010001010100011101
1111101100000101001111010
0111011101011010011110101001101
111110110001001010
000
010110111010000100101110101000
1000
0100011011111100110
1001110011010111001000101000
00001010001001100101011010000
000111110
1011000
0100101010010111010111101100
010000010100111100101000
1111001101110111100011010000
1110
1
010111110000
1
001010101110111
10000000010011001001110
001100001001110000001000
00010110110000
01000
0110011110101111111010011000
1010010101010000110110000
0
0110111000111100001000
00110010110110
00
01101100101011
1010010000
000100010110111011
01000101001101010001111101000000
10111000
0001101101010100111110000
100100111000100001000111101100
01010011110010100011100100101
001000101100000
01001001010000101
110010000000001000
00000011101110011000
00000
0
00100111011011
0001110
111000
00
0001000
000101000000011000
11110111011101110110000110101
0010011110000
100010001111010000010
000
0001000101000111000001
010111110110001111001110111000
00000001111111000
101100000010000000010011010
110110011000100000
1110010111001101100101
1111011011000
01011110011111100010111000000110
1111111010100101100001010
000
101010000110101110001000
0101010001000001111
10010100011010010000
1111001001010000
00000
011011001000100
0
11000000
1100110011111101
010111010000100010010011000
0111001101101110010011100100
00110101101110000001001011010000
10001101001101110001101011010
100110100011010
00
1
011100011100011100111011000
100001101001001000010101
00101010101101100001001000011100
00010011110110110100101
10000
1111111011000
110110010010010011101001100
1011011000111100011000000
0000011101111101110011000
11110111100000000
10000010011110100001110
111010010000
11000
101100000
00
0
0001000011111001010011
10001010101000100011
01000000011101011000010000
10011101010000
0010110011100000111000100010
0010010000000011101101
1111101010100110010
00110100001100001000
1100110001101110000011111101111
0111111001111010010111001
01011011111010010111000
111
00011101110
00
11010000111010000
110000
1111111001001010001100110100101
01001111111110000
000010011
011000
000000
10101110110011110001110
01011111110100011111110101110
1011011110010010000101111011010
10101011010000010010001110
1001001100001110100111010101
10111011001010101000111001000
100100
11011100
0100110000001000101000111110
1101110100101001100011111100
01001001000
01111100010000
1111111100000011101001011001000
00101011000101100110111010100
111111111
10010111100001010110010001
00
1
00110011111111100
10100000
1000111011011010010011011010001
10001000100000
1010000110001111000
000
00111001101100111000
110000010001000
00100010011010
00000
101010000001100100010
0001001011010000000100000
110001101010010010111011100000
1001001110000
010000110011110
00010110010000011011100110000
111101
0
11100100100011111011101011
01111111000
101001010
1010101010010111110
01
1100101
1100110100011110011101100010
00
11001011111001100011101000
0
001000010100000110010111100
000
0
0010001000
1111111000100100111000000010000
0101111101100111000
1010000
1111110110011000100001000011110
000010000
1000
10111001111110000011
00110101
0100011000110101
10000
1001011111110000111100000
1001
101111101101
01000
001100011111000
101000
100101100010110001
1001010001000
0001001100100110110100110
00
01111010101100110
001001101000100000110010
0000
10
11011111111110110111
00110110
00000110100001000
10111110000101
0101111011011001101001100000000
1000010010101011101011110
010010000100010001001
0101010100001110111001000
100111111001111110111011000
011110001011010110100100000
11101101101111011101000
0000000110010110010
010010011100000
10000100001101110011
1001011111110000110000110100100
10101101100111000111
010
01000101000110111010101
11100
01111110
01100100010100101101101010001
1000
001111000111000
01100
11011100011000000
11000000001100101111111001100000
1101001110000
01101001111100
11011000
11010100011001101111
11101011110
01111101000001001101111001000
01100000101001001010000111000
11011000100101110000
1011001101110011000
01
010010010111000000
100010011000001110010100000010
1010011010110101001100000110110
01010100001001010011111001
1110110
10011001101001001001000
10101110101110111111001
001100010001001010010101000110
110111110100000101101101000
101100100100110110011010000
0111001100111110111001
1101100101011110001000
10101001010101001010000
0100000010011110101000
000
1000101110
00100110010101110010110
10001111110110110110101101000
010001
1001111001111001000100110101
101010010100001
01
11111001110100001000
01111000111101000110011110001
1100111110
0110
00110
00101000011000
01000000
111000011011011010110000000
001001110110101111011110011000
11010011100110111100101011010
1101011111111000100011110001
0011000101
100100110010001111001000
11111110100100110
000100010101100010111000
10101010
10100101100110110110001010
100010111110000
010010100101110111001110111
1111
00100011101
011010000001111101011011000000
01010000000
0011011010100110000000
1
11010011100100100101000111011000
110100010
010000011000111001111011000
00010110011101011001011001
0000010111110111000
01011000
11110
1000000101100111110101100
00001101110001010000
1011011101111000001110001010
111000000100001000111110000
110111101101001000
10010000000
0110100000000
00111111011100000
1010001000101100101101011001010
10110001101001111011000
001111101100100100011000010000
01100011101110010110110110001000
00001011010000
1001
10001000100011000111100000
0111100101010101011111
111001000000
01001101
100000110000111110010011100010
00000
1011100000
0001011100110100011000
00111001000011000
1
00010110110101011100111000
1100101
01110111100
11011111000
010000000011011000
111001100101100
01110001111001011000101111001000
100000000110
00
001101000
00001000000010001110000
00000
111001010011100000
0001011000
10110011110000101101
10100101010000
0000100000001101010110000
1100001001010100101110101
0000
01001001000
100011010
11010011111010010
1
1001001110010010110000110110010
1011100101100111
110110100010010100010100
111001011000010110
010111101010
10110000111100110111101010010
000001010110001010001001110000
1000001100001011000
11111011001
00
10100000001000010000011
101011010100
01000011100001010000000000010010
00100100
00001001011010100110110
010110010010001010
100010010101010011011000100000
111000
1001111000000000011001111
111100000010001000
10001000111011101101011000
00100110010001
01100011000
101111100001
010000
0111000
11101011011000000
00101101100100000011101000000
110
00010101110000
010010100010
000110000101111111111100
00111010110110111
0001011100001011011010000
11111101101000110001110011001000
01000001010101
11110
1111011001001111001011111101000
1001111000
000
111001000001000011111110000
100110001011000
1111110010000100011010100011101
0000111011011101011100000
00101110010111101
01111100101000
010111
1110101011111001
000
101000101100001011000001
00101011000
1001
0011001111011000000100001
001011011110111001110101100101
110011010111011111000010110000
0011110001011001010111
111000000
1
011001001000
01011100011111011101000
0010000
1011111011000
0001
1000000
000010110110011001011000
000
10100000
001
1000111110101011010110
1100001111101000110000
001011110101010
011010010
100111100101100111
1101011010100111110100010110011
110100000
111001110
00101001010011111111000000
000101101100101010100000
010110000
000
110110111100101111011101
110111000100100011111101
10011110
00110010001001011001100000001101
1111111001001111100
100100110111110110000011100
00101011
11110011111
10010010010001010110101000
11111100000111011011100111
11101111010100011010011001000
0111010010001001011000101000
0
000
1111101111
011000011010101011010100000
0110001111000000
110000
000010000011011011110001100
001111110101000101010110010
11000
0010111100001011000
11111000
11100011110100110101111101100
101011001
01010101101010110111100011000101
000111110110100101010100010000
100101100101101001
0110
0110111001001001000111101110
10100111000000
11100000100000111000
10100011101100011011101000100
001011001100000010001111
0000101011110
10011000101011000010101010110
0101111000110
0111010
10
0100111000111100110011110
111000
110010
10111111011000101000
1101000000100101000111110
00
001000001000
1010
0011000000
11111000010100101000
0100011100000000111001000
0100010001010101101101000011010
10010110010110101000
1110
1010111100000100111011100111101
101111
001011001000000111000110110000
00
0010100101111000111001110101
10110010000
10111100110110011110010011001011
10000011000111110
0
1011
1001110000111111001001000
000
010011100010001100111101111100
010110100110000
1101100100111101001001011000
10101101001111100100110110111
001010111100010001000
01110101111010111101111010111
0000110000111
111100100001110
111111000
0
1
1111010001
01001101100011011100001110000
01100101010
00010111111110000
01011111
100011010010100000
00111010100011010101010000000
01101110001100101111000
001010111100110110000
101111011100000
10101
0100100000001110000000101001100
000
0010010001011101100110000
11
001100100100001000
0110001001011111110011010000
11001011000
001110010
10101100100111101101110000
0001110111100111011100100010
111011011
010011010001101101110111010010
0110000000010110111011111101
1110
111001111000000100100000
11011010100011110100
0000
00101001010000011100110101000
000001101010000001
0011011010010
00111011011110001010000111111
01000
0100001111
111001100000001010000
00111001000
00
1011001
101110010010011000
110010011100100
010011011
01110111001101110111001101101
110000
10101100001110101111010101000
10001011011101000
100000000111001000
1001110000000110
011101111000
00
0000111000
100011011001010111
00110000110010111101001000
10010011111111001110011000
0001010100001010110011001100010
11111000011010101011000
1011100110101000
00010011101100100000110110110
10100101010101001000111101000110
001011
11001101110100001011100000000
1100001111001010000111101000
10111000111111110000001011100000
01000100111100011111000
01110100
10
10110100101010
00010001100001100100000
10010
1110111000101001000
001110000
01110
010101000001
0011110101
1000
0000
1
10101000
101110101100100001000000000
10010100
0100001011001011101000
1010010
0011011000
00000111111000111101001000
000101000111010010110
011000111011011000
100010100000001111110000
001011011000000
111000000000111100
0010110000
1111011000100
100000001010011110100
00000111000
000
010111011010000100000
100
11000111000110000001000
10001101001010000111010111110
0111100111100011100011111000
0111011111011
1101111101010011101110000
101011111010110010000
111000111001110110101101001
1000
001100000101111110010010111000
0100101000
100110111111010
110101101011001000011000111101
11111110100111111001010
011001101100001
101000
1011110101101
1111110000111101011000
100111001000
00111
0101000110010000
000101101110011111111010001100
0101011111101
01
00111111110
00000101101101101
000
1110
10110010001101111
001100011000110101110010000
000
1
111111000011000
000
000000011110010000
00110100011010011111110000110
01110000110011001100001110
01000001110011010101101010000
11100010101110000
00101000010011001010000111
01001101110101011000
0101001110111100101011
0101000
10000000
0110111011000111110110001001000
1100110010011100000
00011011110001101
110110001000001010110101
01000
00100100010000
0
101000010110000
10001101111010000000100000110000
011111101001111
1001011011000001000
0000010011000010000
101101110
0100000100001100101010000
00
10101010001010100111001101010011
00010111
11001100110
0001000100101100101011101111001
1101100110110110000100000000
01101100010000100110110
00101011111000011001000111111
100101100011101111110000
0000001000
10011001011100100100000
1011011111010000011000
0101111
0110010010100
010101010110011100000
10111
0101100100000000
11111100100110100111011011011000
0101000100000101100000
1010010011
1000110110
11010010010110111101100000111
000
01010101010001110000
110100101111000110100000
011000011011100101011101110
10101010011101000
00000111111110000
1010110111101100011101001011000
1110000
00111110011101110111
100011010001001010101
0000
010010010010000
1111001111011111000001000
1001001010011111000011101000110
0101001011110010101000100000000
011110001110010110110011000
1100011111110011110001001001
11001011010000000001101010000
00100000100
01000000001100110111001110000111
111010100
0111010
00010010101101110
00100111101001011110010100010
1110101000011001
111110100110100100011001000
0010010010
1010111111101111000000000111111
000100100100011011011011000
0110100101110010010
11100101101101100110001111
01011111101000011111010000
1110111111111110000000110
00101001111010101
010100010000111101000000
000100100101010010000001011
1
111110001
010110110111001111
00011
00010101111111110000101101100001
00101
111000011010101011001000
10111000
11010110001110110101001011100011
100011100000001011010101000
10000000011001011101001010001001
0010010010001000
1101100110011101101000110110000
10010110101101101
11011000110101110001110100
1011011000
10000001100100110110000000
11100
011011101010100010000
001010111011101010010100000000
011011010100100001010111111000
00000000
111100001111101011111011101
00
101
10000000111010000
000
00010011101110100010000110000
000111001001110111010100
0001111011000
11001000
010100001000
0011111011010001010100000
1110010000
1101111111111100011110011000
000001111011011000
1111111111010011010101101010
000
1111
1000011010000
11011010
101100
0110010000110100010111
01011
0111111010001100
1011110011010010100101101000
101000100000011000000011010000
01011010110000
0000110000
10100101
0110000000011000100011
101111000101010010110100
0010000011110011
1010111111110010111111101110
01000110110011101
0110001000
0001101111101111010100101111000
001110100011
1101100001
1010001011000
0010011001
11000000111000
010110001110
111
1000
001101101000010110010011110000
1101
11011010011110001
1011010100110
001001010000000001
1011001111110010010010011010000
011110111111011101001000000
000100000011100011111010
1010000000
0110011110011110001101
01110101
10111001110001000
00001000111110111011101001001010
101010100
00011111111110000
001001000001111001010101
10001
1111010111100001111111010011011
1100000110001001001000
00100000010100011
1111101001
110
11100100111001101100011101000
000000
0010001111000011010000
1101110110000110
111110011101100010111000
00010000110011010110
0100000
10000011010100000001101
110
10110111000
0
1101011011111101111001011
110011000
10100101111100
1111001011001101110001101111
1100011000100010111
11100101001000001100
11
100101000100110010101000
0111001000000010001000
100111110101
0010100110111000
10001110000101011010000
0
1000
1
0101100100011001100111111000
00111000000
00101110000100101101110000
0
101011010111100111010001
110100000111100011000
00
01010011011000101111111110
111
1100111
000
1100010110
0000
0000110110001110000000110100000
1000011100000111001000
10110111010101110001110
0110010010001
0101110001111010000
11001000
000110011111001001111000
10011011
010001010100100011110
1011000000101000010
01110010011111
000111010111100
100011111010110101111000000111
010111000111000
00111000101000111
1010101111011001100001000000000
0
1110011010110100111000
011011010011101001000
11001100010100
11111000001010001101011010110
1010100000010110000110110100
1100101101011101100110011110
101110001100
1011101001010010010101010000
00111000101100
100111001010101111111
101111100101111101100010000
1001001011011110100010101
100000101000
0010101000
0000010011111010101000
1
0011101110010111111011001000010
01100001011111011000
110000110110000101101000
10011100011100110001000
01111000100111011000011
000011000001011011011111
0011100000
00101001010010001000101111010
1010011000011001
00001100000110000010111011
0100000
11100101001111011001010111000
10101000000
01000011000011101000100001011101
00000
10011101011
001111010100010111100111001100
0001011000
111010101100110100101
011001111000010001001
10001110
00000
1101110000000110011101001000
0000111
0
111011010010000
0000001100100010000011
00
00001111001110100011111000010101
1001110111100001101010011100
1000
100011001000100111000
111111000001100
011000000110110100111100110100
010100
1
101110001
1100111010011001111
0101111000
11000000
101001100100000
0101111010000010001011110100110
11
0111001110101011101000
000
0001110000
11000001000000100000110000
11000100011101111011
1011000110000
111100100110100110100
11110100011100000
100111000
0011000
00101110
11010111011011000
111
1011
001111100010110010110001000
00011110101
0111111000111010111101011
0001111001010011101011000
010000
110110011001101010000
1100
01
1001000101111000
1101000110
10
00011011101011000
0110111010100110101001
1011110
0011
01
101110000
0111111101101001011100011
10000
01011000
1110010100010101011
11000101011011010011101101110101
11001
111100
11010000
00100
000
11
1010010100110111111101000
01011100011011000011111011110
110101000000111110101101000
1000000010101101100001
11000011011110001100011010101110
00001100010
011110000
111011010110011111000
01000
0110010110110000100100111001110
1000100000100110000
101100110001010
10000100110001000
01101
110001
1101011010100000110000
01010001000
00000100000011010010000
010001100011000
001000010100000
00101110010111000110010000010
0101010111101001010000
01110111100000
0110100111101000111000
0
101101001010111100110
0111010001011000000
11101101001101010011100110
0011000110100100011110
0
010000
0011110101000
00110
000110110001100000010
1000011110100111000
0101111000010001000000001001
010
0001100110000
00100001111011001001011
101101011000
1
01100010110
0101100111000101101101
000111101001010000
011101001011111101010000
01010001010101011000
11101111000010011111
00010110000
000111011111100111000000
011001000000
100011101110101000
01010010110111001
000
01100101001110000
00
100010111100110001101
0011101111110000
010011011001111000
01100111000000101010
10111011110001110111000000
100001010100101000001101
011011100001001111111000
1111000001100110000110101000
010000
01010001110
10001110111110011
0011000
0001011000
1
010110001000001010111001
1100010110101010000
10001001111011110000
01110000
01000
01111110110110
10
001111100100011101110101000
10001001000010110
01010000
0001001000111000001100011
110101000101011100
100000011111000101001110000
01010
011010010100
1010001111101000
00110110001
10000010101111100101000000
01001101111000
110110111000
01011011
11000101110110001100101100000000
110001101111101010110011000
011001111111000
11000000110100100000
1110010110110011011100000
0100110101100011010000011011
0
010000001101000
0
01100001001
00110110000
10001010001110000000110111011111
110100000
0110000110111000
100010100110000111001010
110010011010001001100100111101
1011001111100011000000100100000
1
1111
0000110011000010011
10100110011000100000
00111011001110110111010110101111
00
10111110
100001011100101110000111001110
01010100001001000000
0011000100000101011010101000
001000
101011101000001
001111000
0000
100010011110001011000
000
1010010
00
01111010111
000
11
11110000
000101110
00000110101000011100000
1000011000
00100110100110110011111111010
10010011011001
1011110010001000001101
0101101111111
01100101001000
00000
10101010110000111100011
0100001100010000
0000
00001001011101011100100101101
0100000
0100
00011111010001000
10110110101011010001
1100010101100
111101011101011111
11111100101010001
00011101101001011
00111101001001
11111100000
00011100100101000111100
1001000011011010110011
0011110111001011110100011000
100100110100101000000
11100010111111101101011000
100000111010111
00
001110000100100111
1111111001000101100000001011000
10
110100110000000101101010000
111110111
10000110100001101000110101110001
00
11110100101101100110000
001110011001011100101011101
0000110010101110101010010111000
10100110110011001110100101000
0001101000
0100001011010110000
11011100101110111110010010000
101110101110
10100111001100011100100
101011111000
10111001001
0101011000010001010000000
0001100101000111100010010000000
101111011111101111
000
0100011000100110100101000
01110000
1011100000011001000110000
010101010111001000110000
11000111011000111000
111110011011001000
010110111110100111110101001000
001011101100010001
100101001110000111000
000010010011
0100111101101
110010110001110010010
00100000101110111101000
0111100011101001101010110000
1101110101000100110000000
1011101000
0100111
0111011011000
0000001111110000
11100010110100001101111
01001111000011
0110011110001101011
0011000111110110101000
101010101110111000010100000
00010001000
011101100100
00000000000101000011
00110111110111110011110000
0001000
00
010100
101110111100010010011101001111
001000000000110000100001100
11110010110
001011000101101010101010
01001001001000
000000010010010001
00001011
11001100010
0
00000
000000100010100001101010001110
011000
010011011100000
00010111110011000011000000111001
010011000011000010000011000
1001110011000111101101100111
001100100100110000
1010010001000011111011
0110010100010000
100110111010000001011000
1110010011101100010000011011
11111
0100000
10110101101100000000
011101001010100100011000100100
01
000110111110000
111000
11111100111
010100
111011010000
01
01010100001010110100001
111001111010011010011000110101
10000000
110001000
011010
01010001111
1010010110
0110110001110101000
00000111100111000010001111110000
101111110101111110110111011
00001000
01000
0111100111011
00111001
0110001000
111101
11100010010111010000
001110000110000011111100100000
111000000
0100111110010011000
001010101011001101111000
10111100001100000000
00100
011
1110101101100011
001000101
0100101101001100000
100111100111010111
110101010110
100111111111000011
01010000001010001111000000000
000
011000000
100001100011011000
11111011101011011011001000001000
101010111011111100100000
010111110000
010000
0111000110001010110101101
000000010100110000
11111001000011100000001111000
01000000101011110000
0100111101000
000010101101000000100
1111101011111001011
10000110001000
10110
1000
10100101000010001001
00111101111110111110111000
0111000100010111101010
101010001111101101000
10110
00
1000110011000110
1010101100110011110100000
1100101100
11010101100000
00
1100100010001000
101000110001111011100010011000
01111011000
00111001111001
10110101010111101010000110011
000001101000100111000
01000
00000101101001001
001110001111
000011010000
111011111000000111010111
01
11101000001101100010000
1100011010000110010110110000
100011001110001011010101
1110101000111010010010100110000
11110001111
0111010111000000
1000
110011001010100000
0101001011001001000
1010110010100001000000111000
1000110101000
1
0100101111001111101001110110
0101001100100110011
1101001100100000
0000
0
000000101100
011011101000
1111000000
011000
11
1100001100111001000
1111111001101100
1
100010011111000
101111100000
001101101111011111111
101110101
11010000110011000111111
1001101110101000
11000011011000111111100010110
11110101101011111
0000000100100011000000000
1001110110100000010001
010000110101001001100
00000011110101001000000010
10101001001000100000101
0110010000111001111000000000
0011111000111111000011
001101010
111010000010100100
010000
1010000101001111000
0101101111000
0010101001100100101
01000111010011001011100000001000
000111010000011110011011100
01001110000110111100000111110001
100000
00100110111011011101001001
1110101110110110100101
00
0
10111100000101100011011011
01111000100110111000100001111101
0001011100111100101011100101001
0110110
10010000101010100101010001000
000001101000111100011
10010110000000
000
0
1
101111101100100
00011100101111110
0000
11001100101001000
000110000100101100001
1110000
10001011010101010001001000
1000000000101
01010011
10000
1101111000
0111111101110010
111100001001110111000
011101110101111000
100011111100000
11
00100110001011110001011101010000
01111000010100001000000
01010001
000011010001
0110001101110111111101000000
010001011001101100101111000
111101
010000111110110101000111
01101000001001110111
101010111110000010111111001111
0001101000
1000000
1010
0010000000
10110010000
1110011100010000000
011101100110110011000
000110001001000
0010011110001000
110110000111
010101011101001111000
100000111001001000111001
001011000000
00010000
101101000101101011000000000
0
11010110011111
10000101010100101111000000
010101101110
1
11100000
00111001101101000010000
1010101000000111100010001
01110010100000000100101011101000
000110111010001110010101111000
001100100111010110100001
0111010000
1000101111000110110111
1
0100001011110001000010011
0101010
1000000101
0010011101011001101110000010010
111110111111001
00011011110111
010000000
0111000111111000
0111110000
1111
100011100111110
001011001100100100001111
1111100110110
0
000010
00111010111100100100110110001001
100110000
100110111101110
010110000010101110011
0001001111100100110000011000
10001101101000001101
1111
001000101100110000
011100010
01101000
10010111100110101100000010001
0001100100000
000111101111000000011011
1000
10110110000110011000101010000
00100100011110111101011010000110
111100111101011100100111100110
1110010100101010000011
000010010
01000101010000000
100110011000110111100110011010
00000
110010000001011101100110110000
1110000000000001001011110001011
0100101100
00
1011011
101010110010101000101111000
00110101011111100101111111011101
100000
01
11110
000010000011101000110000100
11100011100011101100100000
01110011011
10
000100010010100000
1011000001110
000001100010001010110000101100
001101001000110010000
000011
000110000110000011001101100
1100011111111010
0111
1111100111000110111011000
11110111000111010
0000
1000001101110110111111000
110111110100110000
000100110101011111
01110111000011101111000
111010001101111101101100011
0101001111000
0
01101000001010010111
01000
010100111000100111111100011
11100000100011111100000000000
10111101110010001111
000
00010110111011001000
111001001100110111000
011110110110011011000000111000
010101101001010101010111100000
001011110
0011001011000100001000
10001
10000100011101000000
1111010101110010
110101100001
0001011
100101101011111100000
0111111100111111000
0000010110111110000001101000
1011110
000010
10000100011110110010101100110000
110000001000010111001001101110
001000000011111101101011001
1101
1111111011110011
01011101011
0010000000000001000
110111011110001100110100001
0101
100010000
0001101000110111011101001100
1000
01101011110101101111011000
001100011001100001100110111000
100001100110001100111
010010100001011101000100010000
0000
0101011000
1100111100010010010011001
0001101101000000
00010010111010010100
00010101011000011100011010011000
1
1111000
100100011001
01011111011101110110011011011000
1000
11111
110000100100100000111
00110010111000
1001010010010110001010010
00000000
11000
1000
00000111000
00
10100111000001001111
111001011110000010000
10001100001110011011011000011000
111000000
001011101100101010000
11001011100011110101010100100
111010011111000
0110110001
001101011000000110101
1100110000101011111110000
01101101
000111011110101000000
1110111001010011100110101110101
0110100010000100101000
001111100111
0111101010000101001111010000
101111
10111011011100001011001001010000
01000
00111110101100101101010
10000101011000010011000011
110110110000000101011101
00000010010000111001
111111001010000111001101011011
11100111100111010100
011010011000
01010010001001000
010100011101000
1010011111100000011101001000
00
01010100011001100000001011011000
00100011001000110111001010010111
10011
0000000
0101001001011011100111000011000
000101111010110101000
01000
010010100100
0001010011011000011101000
000000000010111101100000010110
001
0011000000011110
000110100
10
100011110000001001100
0101
10101100010100111111100
000001001100000
0000000010011001000111110010
1001111111
101111000
0000100010010111
111101110011010000011001110000
10101101001100000
1
00111001000011100010010
0100100000010011000
000010100001
01001011000101110010100010011
0111100000
0000001101010100110000000
0
0100110000001110100010101000000
11111000111100011001100110011011
0100111100110100011000100010
10110011001000
110010011000
10010111011001101010110100
001010011000
0010101000011100010100000
011001001000
001000
010111001101101110000000
11
00001111000010000110010111
11000010110111010011
10
00
0000001101010011011111
1000
11000000
0100110000001111001110111
00111101
1010001100100
000
0100000110010010110
0110110110001110000
11100100110000011010111101110000
000011010
101010011000101000
1
000111100110111
000000
01010111010111101010111000
0010010001110101111110101
1010010110000
1010
00110000001000111
1011010011001110011011101001000
11000100111100001111010011
00011100010001001001010010
00000
01010110110100101100000
1101000010001111010011000
01100101011000111
10111010001000110010011101000000
100101011100111110000
1111010000101001001100
0111001011100101011000
01011000
11100000111001100
00010101101110
10100
1
00111011110110010100101000
10010010100000
0001100111100000110
01000101010110000000111000
011110011110101110000
0001001000101111000
111101011101001011100100010
1101110110101001110100000
0101101100110010111111011111
101110010101000
11000011110110100000101110111
0011010000011
1
00011
00011001110000100001101101011000
0010010110011011
101110011000
100100101100011001011111
011100101010000000
01000111001111010000
0110011100001011010110
110011010110001110110110000
0001110111110000
01
10011001010100111101101010110000
110000
1110
1101001000011011000
101101111000111010001100111
0110011011000110000
01101001000110101010101111100
0010000000
0000001011100101010100
000000000011011100000
000
1010000
011010101000000100001000
11001001101101
100110011111001
111001
00101100100110100
010100001000111100010001000
0101101011111000
10010110000111010
0110010001001110011
000
10
01111111000110001
00011010100000101
011110110111001001110011000
0000010110100010110001
00110100111000110111010010001000
000
0010010101101001110101101111000
111101000
0011110000111001000
100111000000000
110011100000
1000
11111100011100
00100111100
0101111001001110011000
00110000
01000
0011111001111101000100000000101
1100001001011
000000010000010001000
01000000101
001000
0101100110110001010000
101000
1001
00010010100000101000000
01
10010101111011010110
0010111001010000
1110111111
100010010010001011101011
1000010000010101011100100101101
100000110010010011001101
01001000001010000
10011111000111101011010001001
100000
11
100100110111110011000110
101100110100100001011000
010010001
101011100000
000101111110100101110000
001000000100
0111010010010111
1110001010
00010101100010100100010111011
110101001111111011011
0111001101
001110101010000
0001010010110
1
1010101000110000
00
000000
1101
11011001010010010110110100000111
1001001010010110000
10010110110111001
1
1000010100010001110101000100000
110
100010010111000
00010110
1101011001110100001100
0
001000101110010100010010
10010110100111001010101110110000
0111101111010110011000
1011111100110111111111110000
1110011000
101111000100110100111000
0000
10111100111
11001011110101000110
111
0100101001110100
0100
001101000111100101
0010111000
0110101110001010
000011001010111000
011101011100000110011110000
010000111110
011101001100111101111000
11101000111100110010
1100000
01100010010011000000
110101000
001110101001000
0010110010011100100
0
1011
001111011101011010
1110000
0100000
0100111011110000011000
111111011000011010000000
1011
011110100011010
1001110110001010010000000
01010110011010001010110110
001111000010001110111111
00010001110110
1100100101101000
00101000100011110011011010010100
00110000010011001011101110001011
11100
00011101110010
1110110000111
11101111
0010011
01011101000110101100111000
0000011011001000001000001100
110100111111010011
0110111101001110011101011
00111
1001011011001010011011100110111
0
001101110110111001111100100101
1111010110110010110111100000
11100111010110101111000
110111000
1011101100100
011010011101000000
11101101000
0101010001000
0
111100000010010101011
11001111100001010101001011001101
01010010101000
1111010010011110100000000000111
10110011110100011001110011000
1000001100001001010001
100011100
10001100111001010100101101000
110110000100110011010
11100111110110010011110100000
01101110101110101010000110000000
10100
0010111101000010011101000000
0001
1010111110110000101001111101000
0000011000110111110101101111
110001111001111110
1
010101100100000
0111101101000
0101001101110
10111101010
1
11010100011
11010000111
1011110010101011000101000
1011101000101101011011101100011
0111111100001100010100100000000
0010100011001011001000000
101001110010011
110010001000101010110001110
010001101101000010101
1110111
111
10101110001011000000001100
1111110101101011000
101110101011111110110110
011011101
01001101000111011110011
0100001100100000
0001001100100
1110011011000
100011101110010
10101110010000
0000
1011101110000
00101101
1010000011010111
0100110000100
0000010
11011011100111100111
0100110111011010001000
010010010011100
11100110010011101000
10011111001010001010000011000
0000000010
0000111100101
10000111100010000
010001
111100101100001101010110001
00101000111000
0111011110101101000110
011101001110101011
011000111110110101
10110000
10011000111111100111001
1110001101001011010110000
11000001111000111100111000
11110101111100110000000110111
001000000000101000
000
0100100000
0000100011011000
011111
00011001001010100110111001100001
101111011011110
11101001111001011111100110100101
110011101010100000100001000
111100
100010010000
001001100001110001110000
00000011010001000
1001000001111010100010101000
10101010110010001001101000010
1001000001101001
10001000
1101100001110
010111100110
1001101010
001001001100100110101
1011111011001
10011001000
1011111001100101001001101000
0001111111010011101001001
111011111000111011010011000
011100000
0010010011100
1101111100000101001001100000
0010101000001100111000000011000
0000000101111011000101000
11110000
11011111100111000010000000010000
1101100
00000110101010000
10000111011001100011101101110111
100010010101111101010010000
011001101010001010011000
101001001000000010101011
000000
11010011110001001101
0101001010001100001000
0
100
000101011001011111101
01101000101111
0101001011000000100010110101001
110010100110000000100101011011
111001000
1010010101000001010110011000
0101110111111101101000
0001111000101001000
001110011101101
001000110100011011100
101110110011111010
0011111100011100000000000
00110111010
11111010
0110010001100000001
1
10011001101010101
1100011110
000
0
010001010000010111111000
1
001010100
101
00001100000010111000000
1100
10011101010001011010
000101101011000111100111011000
00101000000110101101110001001000
0101
0111000
01110001100111111011110101
1100111001101110100
1011001000
1011000001100010111001000
00110000001010010010011111000
10011001100000010111
01101010010000111010001
01111110100111011101000
011011
1
000
1000
00110011100110110001
1010001000101101010100011011111
010
1000101
010001
10110011000
110001100111011111000110111000
10
0001111111001111111000
111100001000
0001110000000001010010010100110
100011110011101101111011010000
011100101001111000
011
000111010010010
11111010001000011101100001000
0101010001111110101000
11100010111001111101111000
01110111100100
00010100100010111100100001
11001011101010101100000
010101000000
000
011110011001001011101001
01100100001110110101001011101111
01100101010110100110110000
10011110000001111111001101011011
110100101100110
110000101111110010101110101001
001100110011000100110000
1
01101011101101111011010000
010001110000100110101000011
11110110111111000101101101001110
110101010011001001001000
1000
0110001111101000
101001000
00110111111001000
0001001101010
100111011000
0001010000
111011100101
0100000101101001011111
1001111000
000000000000
11010010101001
001001001100001011110101011100
1100011101010001100000
1000
000010
110011110110100000001101000
0101010101
110111001101100
111100100101010
000
000001000101101011000
01000
10101111101
00011
00100011110111111000
1001
0
0111010100
0000
0011001011010000100110111110000
00011100001111110010110111000
111000101010110001111000
00011001001011111000110000
0100111111001000
100001101100101000
10001010100101110010
0
1111111
110011100000101
000
001000
00101000
11100001101110111110111
110100000
0111000111000
0011111
10101110111010
01000001000
001
00
111100011110001001111010
11110010101101011101000
1011000101
00100101010010100000
0010
111000
1001011000111001000
011100001111110110000000
111011000010010100101101011
110110100011000
000010010001000100010000
1000
0110101010110
1000110111000001000100000011100
11001011001100111100100111000
1001101110001000111000
0001
0011001111010111000
1011110001000
10001101000
11000
001100010111000011
1010001010110111110000
000
01001111000011111011110101000
10
1111010011111010100
0011100111010101101111100
11000
0001
1010110000010110111001110100000
01101010010000010110000
001001110111
010110100011111011001011111010
1011
110010011011011100010011010011
01011111111101111110010101110
00000011010101001
101101000010011000010011000000
010001100100000111001101010
1000
10
110110100000011001110011001000
010011011011100000000
01001010100101011101110011110
000010000
10000100100000
1
100101001100000100001010000
01011110100111001101110
110100000
1
10010011000001000100
01001110010000000000111111100
1110110101111011001
0001010000
11100001001101010001011110000000
0101
0101100111001
1111100100100
110110010000
1001100000111
111001111100110011
101101001011000
110000101010111001011
010101111011000
101000100001101000
0
011111100100010101001011000
100010100
111100101000000
011001010000
110111110001000
10000001101111100011100000
011001001000100111110
11
01011101010001110111000010100010
10011011000110000
01111110001000110011000
0010100
00011011100100111100111011000
10100001000110011101
0101100100101
0000100011001111100001101000
10
000
00110011000110000
00
1100100111000
000010000
0
01100100000
100
011111000110101110100000
110100000100011011010000
1111110110111010101100011100000
1110
1111110101011100010000
1011001101100110000
10001011
10111010110111001100110111001011
01101000010011000011110010101
0001101101001100100111000
1010110000010
0
000010010
01000
0001100111100111100111110
11011001111011110011
11100111111100101100000001
1011010000010101101010001001000
011010111001110101000
00110110110011101100101101110101
0010
0110000011010101111001110000
0000010110100010
010011001100101010001
0100110000111111111010110
11100010010000111011001110110
11110101100011111101
1110000001000011111000
10001110101000
011110001
1010101010110110110101001110011
11111000110111000001001
0
0100100111101
00100111100011101110001011
0111000010111110000111110101100
11001100010011001101011000
1
1110000100110011000
01001011110100000111
000000
1000100011110001110011000010000
100110100001
01110010110011000
0000
011100010
00010111011000000000010001101010
100000100011111101
0100001101101011000
010111011101
0100111000110111000
11111101000111011011010
000110111011011110111001111000
011
01111111111100010000
0001001100000101101001100000
000001101011001
00
0001101
0010110
1001010000
011000001011101011001011111011
0000000110111100110101001010
1011111
1101101111000
10000011
111001100111110101000
101010000110101001000
010111011010000
1000011000001001100001111010000
1101100000001011001000010
011011
11000
00111101010010010010010001
111101101001000
10001000
01111000
10000
11001101111010010011101011011011
010010100111011
0110010100110000110011110
01101010001001011011000011000
000110000
11000011100001001010010011000
0010101111000000
10000100001111110
010011010011
00101010011110011001000001000
010
11111001
101
011100110100000010100001110000
10111001110000110
1000
1000000100100010
00101110000110100100010000101
11100111100110111100000
1110110110011000000100110
1111011
100111
0000
0111101110001000
00110110000100101100110000
00000011100011001101111010001000
10111011101000
01111011100000100110
1
1110100100000
0
100010111010011
1100001
11101111
01011101010001101110101111
100011101
100
00111110001000100110100001100
000101001110100001000
0000001100111000111111001000
000000111000001100000011101000
1111000101
101010110000000111111001100
0011000011011001000
1000
0001000100100000011
1111
0010000010111000111111000001000
0011
0000101101110101100100000
00
0111001111011011110011000
1000111100110011010000
111001010110111100001100000
11100100000
1011110000
1000
1110111100100
0111100001110010010100000
0001110001000011111
000
1100100101000111000
01100110100100
10001
011010100
0001001
10000111101
1110011
0001101100011011
0010001
10011110010010101101010000
00101011011110110111
00100000001100010000001100010111
1111110100100
00001000010101100000
001010011000
10111011111100
101001001000
1010111000100110111111000001000
110101
0000110
000111110101101011011000
0111001000100
001010101
010111001000011010100
1011101
1101011000
0
110101110110110010100
1011001010011000
0011100010100100100011110011
01000
110000011000000011101
101
11111111
0001000110000
01010110100101011111100
101111101100110000110000101
000011000
00000010111
110000
1011110010100
00111111001100100000000
011100011101111110001100101
110101010010000
000000011011101100111
00011101011110100111101111001000
100110000010011000
10101011010010010000011110101000
11100000100
10011011011
00001010001010000
10000
11010101001100011110100
11010101011010001100
11001011100101110000
000
0111110101
101011011101000111010000001100
1000
111010011110001101101000111101
111011011010001000011
1011000010
0110110001001000001001000001
10100010100000011
01101011010111101001011101101
101001110111000001010001000
1110000111110110001111
1101110100111010011010
001011100001010100110110
110000101011010000
001101111110111111011001111011
01010
001000100000001101100101000
0010100111111101011011110
0011000
100110000
00100
000010000101011111110
1011010011000101111000100110000
1111100010111110000000010111001
1011101000110010000
100101111110100110010000011
10011111
011011100000
000
01010101000110100111011000
0001010100010100
100000
010110101000011010110
1000000
001010
0110110000100100010101010000
1110111011110100011011010000
1010010000101
001100101110011110100100011000
0110001111010100001
10111011100111101110100001000
110010010000100100
010001011110000
10101010101111010
10011110110101111001010000
11101001110001001001010
101000100
0000010110000000
01010101000011111
100010010001110010100011010000
1011000010000
0000
010111000
11101010101
010111010000
11101010001000001111011000
10111100111000
10111100010100100001101010111000
110101110110001111000
1001100100100011111010100001000
10111111110110110000000100011
10101010100101000110111000000
1110
11011110
00
0100111101111010111000
0001001
01
110000
110010101011100100111000
1111010000
111010100110010100000
11001
00
00000
0111000011000001000001010001000
100111000110101
011101000
111000110110010001111000
101000011001001001000
101010000
10000010101000010110011010000
0000
111110
1010010011000000010
010110101101101101001000
11110010110
110001000100011010110100000
10000110111001000011000
00101101111110100011010
0101110100110111100110011000
0010011000010
10011
011010101100011110101
11101100111011000
0011000
01101100010100101111001010111011
00011110111010101
000111000100011101011001000
0100110000000001100100000
111111011110001110100
010100110101011101111010010
1101101010010001011011101
01101111
10
010110011101
01001101001111010110011100010011
1110011
00011100000110101
10111110
1111011001001111000000
10100011101001111000101
1111110
1011001010111001010110000
1110111111
000010001001101
0000101
0110100011001111110000001010000
1001111111111
001000001110000000
1000101110000011
110111001001
0
000101000
011001000101000101010
0111101010000000000
10111001
0110110000000100000010010001
01100011101011011110100101111111
10
10101001010010011000110011110
111010100000000010111100101
011001010010100000011101100111
110011001101010010010011011
0010000010111111000
100011001001000
011010000100111111110101
101000100111101000000
10101101110000
11
1010001001010111010110
0110100000
10101
1100000000
1001011000110101000110110000
10101101011001
0011010100010100111001111010
0
100110001001
1011000101
0100011
111100010111111011101100110
000000110011101000001000
10001010100000110000011110000
00101101001000
0000100000
00110110110011111111010010101011
1010110010001110000
1111100101001101011010100010000
11100001000
0001101011000
001011001
0100101101101101110100001011101
001100001010110011011110000
100100000100000110011101110
1101010000
1100100110101101010001000010000
011010001111111010100000
1101011100111110110000011110
1000000010000
1000100111111000110001000
110001010011101000
110110011000110
1101111101100010000
1011111100000000100010110111000
0101101011000
1111010011010100
01110101111110010100110000
000
100
0000001101011010001101101010
001100001110000000
0111001111111111
0000110100000010
100110011000000
010010011001011110100111110111
001110010001101100011
011001011101110110010000000110
0110101011111100111000101
11101001111101100000011101
00011101000
000101010011110110011110000
01010100011001001000100000
0000001101011001100101001011010
1
00001100100
0100
00110011101
0
110010000
0001000
0111111000
001110110101100101101011101000
11011011011111101100000110100
110101101001111100000010110001
00100
0
0101001001010010000
000
00111111111101000110000
101101010111111001111000
111000110001011101111001010010
0010100000100010101101010010
1111000100001101000011010000
11101011011110111001101101011010
11011010100110
1010001011
1110110101
011000
10001110111110010100001110
1010111001100110010100
00010001100000
00000001
000001000000
0110111111
111100100111000101100001110
01001011001011110000001001010000
1100010011011111110111000
010011001001010110000001
0010101111
1101000000100111000011111
1000010001011000
110111000010011001000
111111011001010100011011100
10
000110000001101010
10
1110000
111
00000010100000
11000
1101111000
01010011000
10110111100110111011111001010101
010110
010011101101101100110101010000
1011110101000
00010110001000
0000101
1100100111110
1110000000100111
11011111111000111110001110100000
000011010000111001000101010000
0111101101
0111110100010000
00111101111001100001
0011
1011001011
110110001100100001
000100100110101
0100000010100110101
111111011001111001101101100000
11
010110100110111100101101011000
1011100111110001110000
00011110111110011110000010000
101101110000001101010011010
11011011
11011010100100001010100
1111011001001000001001011010000
100001010000101101
1100011
010111000100000
0101011101111011101
1011001
0001111111110011111001001011000
0010111011010011
0101001111110011110001011001000
0101100100100100111011111000
11
100110100100001
111100101101110010100011000
100110100100
1110001111110010000011
0101001111000
01011010000
1
011100010000101111
000
010101000010010
1100
0001110001100100110110000
01001010011100011
101011100010000100
1111010001111100101000
1101000
0101101110001111010
000010011100011110001011000
1011001
0110010111000000110011111010100
000
00000010101
011000
10010111110011001000
1011100010010000
1110001101101001011000
1111110000
101001110000001010000
0100011110011011110011100000
0000111101110001001011100110
111000
0101
111001101011010010111111
110111000100100011110111000
111101010000
10100111010000
101100101101101
01001000
0011101011010101000
10
111101100110010000
01111100
10001010000
10101101101010001011111111100101
000
1
1000011111110100111101111110001
1001000
00000
1011011110110101101
10100101000111111100101
000
1001001110110100011000000000
1111110001100100011100010000
011101001000
100101001110110110110110
01110110110000010000
0111110011000
10101100110111000010110000
0100001110001010000000
0000101011011001001111011
100110001001000
0010100001111111000010111000
0110110001000
0110000110000000101100000
100011000
010111010111001000110110
001100110101
01010000110011
0110000001
10010111000011110111110010
10000100110000000001101011011001
111000
111000
01001010000111101100010001
10111011000
00101000
0100100000
0001111101010
1001110
0010
1100
110110111000110
111001
1011111111000
1000010010111000111111
11111101001111011011011011000
011111010011000100011000
100100010111100011101
0000101011011011
1101011110001000
0101011010000000100001110111101
111000011011111101101100101110
0000
11
110011111010100010110110
01011001101110110111000110000
111000011111111011
11100001101
01000111110001
111010
00011111000010111111010100000
00001101001000000
1010000111000110010100010000
11100010011
1011110010011001000011000000
00001011
011000100011011011011101
10100001000
000
101110000
00100010010101101101101110110
01001101101001001110111100001000
00001101000
00110101001101000011101010101000
0001101110
010001000
000011100001100001101010001000
110101100000
11111100111111110101110010000
0000110011000
10
110111000110
11110110000110101011111110011000
10111101001111010010011101101111
111110
0011000
111000001001000
0110100
11000
100001011000
1111111111111001101110000000
00101111101100100100001000000
1111111010111000101000
1100
0100110110110110001111100111100
10000000111
010111111001110110000
011010011001110010001000
01000
111010011000010000
00
01111110100010110110111
100001011010011010000
100111111000
00010
10000001000100101101111100
1101100000000000111
1000101110011011001000
001
0110011110011101
101010110001010001
100101000
1000
01111010000011100110000
01
00010111000011011101010001101000
00
10010010001101010111
100101100
10110
010110000110000101
1101
00000111
0000011100001101000
1
1
00101100000100111100101001010110
1100100000110001
001101110010110000100101000010
111011011000011110101000
00
0110111111000101000010111000
1101100110010111
100111010
10011000
11101010011111011100011001010111
1100000
11000
00110100010010010101000000
1010101000011110000
00110101100010000
110
11110
11100100010000
010
00101001001011101001001101101000
011011101001001100000001111000
110000
10000
0000010
0001011110000
11000011001110
0100101110100110000000
11111111110010110000100101111011
100111011100111101100000011111
110100
010000110110011101101001100010
010100110011010001011000
0110001010
00
0011111110011101010
0
110000
11100011010011110001111001101001
0101011101110001110000010000
1000
111101100000
10000100111010101100101111
1011100111110001111
0000
011011111000000000
0
01111000
10111010001
100111000011010001000
10110101000
00011101010100011001
1001011000000101111111000
0100011000000
1100
00
101001101010000
01111
111101110001111011010
00100100100010010000
00000111011001000011000000100000
001111101010010110110010000001
110101001010001
10100
11101110110111
0001000110100
10101101000010101
00000011100100101101100101000110
0000000011111
1110001000
00011101001011011010011
0010101110111110110110011110011
1110110010101001100000
111010001
100000
0100
0110010010100110101101111
0101010000000001010110000000
00
0111
01000101011100110011011000
010010101
001101
1000111110101101111011011000
01010010011000111
1111000011011010011010001101
011011010101111101101101001000
000100010000
100110100100101
01101001100001101111000
0100011000
111100110
00000
0111101010001111111011100010
0010000110110110000101
00010001110001101101011
100111101110000
00101010110100110100000010101000
100000
01001110010100110100001000
1000101011010000
0100011000011000
001001
11110001010100101011111
0000011111011001001100101010101
01011000111001011010111111000
000
1011
0011101010000000000
000010100001001101100
10001101000101001010
00101011000111001100
101110110011000010100100110110
1000111011110101000010100
01110001111000111100101111100100
010101001100010111
1101101000011110100110011000
10100111010001010110000110100110
001001001001
00
01011001111001100110000000
1101011101101
01000011100110111011000
10000
0010011
111111101111011110101011
01
000110101010011001011110
0111101000
10000010001001010000
101101000100000000
00110011010000
0110110001010
01
00000
1000
100111
011001010101011
01011001010000000101010101
11000001011100000100110000011
1010011000
010100001100
0011100111011
100101
100110001100100001001111110111
10110001000101001001011011011000
000
11101000101101001001100110000010
00111000100011111011010100000
1110100100001100
0001011111101000100
1
011000
10111010000001110100111000
0011001000000011101100010010011
0011011101
010101110100010
01100000101000
1010110111111100000
11
1
1101000
1110111101101111011001100111001
0001001010101000000001000
11101110010111110011111100011
01000
01
01101000110000101010001111010010
00000101010000
0001111000011111000
111
11111000110100000
000
100
000101110001010101000110101
0111110001101101101111
11111100100001
1100001011100101001110000000
0001001001000
011110101
0100111100111111
0101101011010000
1111010001110001100
110111111001110100101110
1110100101101100110001100
10001101101001001000
111
11110001011011010001
0111110111000101101011101010
1101101110111001
0100011110100011101111000
1
110110100011101001001011000000
0000010110010101110111111000
0
11011111010000101000010000000
1101
01011111010011001011001001011110
000000100011111010011101000
10100010000011101110
0001111100111101
10100001000101001000101110001
111010100111
0
1100101110000
0
011110111010101111100000
01010001011000000100
00011000100000001001000000
00010100001000100101000
11100100
00001111100100000110001101100000
1101000010001110101101011110001
101110100000000
00
1110110110000000111111111
1001101001011110101111
10001010110
011101101000011111101101
001111100000110000
01110110000
10000100110
1100001110110011
111000110
010010001100000
00100100000
0010110011110101100
1110111000101111010101101011100
100100101000101
0111000
0100000000110010101100011111101
10111000000000000000011001
11111110101110100011111010
0111111001000100
01000111100011101010111000000
0001111100001101000
0100000110100011011010000
110010011111111000111110000000
010100000100110
0100011100110
01
010111001010001000
101001011000
00111000
0001000100101100110000
000101011011111100110101
001101
1110111111111000010000
10
11
000101101001000
10011001010000011001110110
000111100110010010000
00010111011001110101000
1001011010110
000001010110
100000010000000
0011100000101000110000101011
01110000101010
1000
010000010011011111010011000
111010000
00111101110101111101101
1111111000
0100100110000011000
0
000
010100111100001010101
000
0110001010100011101
0011000000111010110011001000
01001001110110010000100111000
1000001
1110100101
011101101011000
11011101100010000
000
00011100001110110100100111101
00001110000011
0111110110000000101100
010011111110101010100111011111
1
01110100100000000
0110011000110100
010111101110011
000
010011111111001101110011111
0010101000111010001000000
1000011011111010101101100000
0000101001000101010100111
001000010011011000101110010111
101000100101011011001001111
001000011101100100011
10011101001
11000
1011001000
1011101011000100000000
1010100010110
01000011110110010111001100
11000111100011010010101000100000
01010100
1011110110001100110101110000
1010110100101110001111101
11000011100111000111000
1110010011000010110101000
11011000
10100101010101001000
11111000100110111000
1110110101111110110001101111
0010011
011000100110010100110110
0101011110011111111001001100101
100100000000
0010000000100101110011010011011
001111
101
01101011
111101101111001
10111101101100000
01111010100000000110
010100000
0101111011111110100110111000
101110010110100000
000111110001000
010001001111111001100010
0000001111111111
100000011001011000
01011111000010100011001111
1001111
1010110001010110000
100011111011100
111110000000
0010
100011000
101000011011011000
0010000101
0111010100111000011010000011000
00010001001010101000
00000101011111100011111000000
10110011000010010
10110110100010010011100
101000000101010111010
0110000110011110000
100001100011111
0001111100
101101000
101101011001001000111111101111
110101000000001000
10100110000
111011110100001111001000
111111
0101100110001000010110000000
110
001000110001110111101001101001
00
001110110011011101
1010000111
10110011101100001110110110000
01100001111000
100101110011111110
100000010010000010
0101111101110011000000000001
1
111100100
00101011111111111000
0110010011001001111100111101
10000000
0010000110100100100
00101011100001001111
100000010001010111001000
010011000111100101000111110100
01011110011100101011000
001001101111010101001
100011001111111000
111100011111111011001100000
01
1111000
10001011010
110100000
0
01100000
0111001
000000
10
00
1111000111110000010000
1011010001010101000
110000010000000
01001100011110111
000000
0000011101010010111010100
0010001001000
11100001010010111110000
0011010111001110011
000001001000
01111010101110001010101101000
111010111010001110101110
011110000101100
011101011111100011101011000
1111010000
0111100100101011001011110001
011100000010000111101000
1101000101000
011001101001110000010000101101
1100000
0
000
100011111011100010011111101000
1111001011101101000001011
011111000101110000
00000110101110100010011111000
111010
001000011000110000001
000001110000
1111000000000001001000100010100
0001111000101000110100001000
110000
0001011
0101
10001000
010100111110110000100100000
1011111110111111000011010110
1100100010000
1001100000001001010010000
01101010
1011110011100011000
00111
100001000
111000001001000100
00001010001111011001001
0001110101110000
0011010000
10111111001101011110000110010100
011100111111111111000111010000
00
1000
01110010100110000
010001011000001011010011001101
1110010110010111101000000111101
00001100101
00011011100110011101
10011010000011000100101
11010100000110011110111110000
000110101
000
0100001110000111101000
10010
110010100111111111000000
11110110010110
0
11110110001
1110010001000011111100100000
000001100010000110111011101101
00011101010110101100101001000
11111110101010101110111110000
10100011000000
01
11010000
1011101011110101010001110000
00110101111001010000
0111010001101100000101010100111
01010101000010110010011001011
1101010000011101101000
010110100110111010000
1111010000010001100110010000000
0100011101101110010000
1110100101111000
0011000111000
0111100101000101100000
1101100101010010010100011001100
11100011000111010101111100000000
111010101111010
11001001
1010000110
1
011100010100101000101110000
11001
1000011101001110110
011001001
1001010011111011101101010000
00011101010011010101
010000011000
010101000
1100111101
011001000
01011001110
1011101001011100010011000
100101110
0110
110000
01001010000
110111110001010010010010
00011101000011110010100001111110
100101010010110010001111000
0001111101110000011100
001000
0111111000
1110101100010100100111111
00100010
111000
11
10001101110
11001001
1100001100010101001111010001011
10010010000
000000
100111101111000
10100100111000
0000000
00010111001100111100100000
1100101101011111110
11011
00
0110110010
1101001011000
000001011001111110000
00
1101010100011
1
101110111011011100100100111000
00010
00011100100011010010
0
1000
11100100001110101000010010
01010101100101110010110011010100
01000
01000110000
11011110000
110011011110101001011000101
0111
0001001010100011000
10011111101
0101011001001101
01010100111010111000
01110010111111101110110100011000
1100010000011100010100000110
111001110100111111111000
000
0101100001100
11000001100010101011001
0111101010001001010101
10101010000
0100
01000
10100100111111001111111111101000
10100001101010010111000
0001010000010101010010100010000
1
0011000
0100010011010000
10111101000000
1110110100100100011101001000
1011100000110000000
010000000011001110000000
010100011001100000001110
100001000100101
110111001110000
1010000001000001000
110100011101101010000011
1000
000110
1111110111001
0101110100101000
1011001100010001110100011111
01001000001000
10101101111010001110000000
101000
0111110111010100
1011011000101010001010000011111
000000011001010010000
0011100110010
001000000000
10101001110100010010001110
010000110110001100010
1101010001000
1010010000101
00010000010111001001000011011
000100010110100110011110
100100100110100
00100000000
11100100101101110001
00
0100011011
1010001000010010001000
11000101011100100101101010011
000010001110101
01000001000
10110000110111
010001000100
1111100101010100010000
111110110001100100101111010101
111
000100001000011
1001
10001000010101010111
0111001000000000
1001011010101100101100010101001
00101010111101001000001101010
1001110010000
01010110110100111010010101111000
10
0101000101000100010000
10000001100011101011111111
00111011001101000100000
1110011
101010100001101111001000
11011001010011001111
0000
11110001011111011110
001100000010100010101111101
11100000101011
0111111011000100010011101011000
1001111001100100011011010
1111000
00
1000011110000
0001000
0000011101101111011000
011101111011001
0
11110100101000011001101100000
001001101111001000
0101001010100111011011010011
0011101010110000000
11100001000
011011100001110100000001110000
10000
010011101010110010100101110
01110000010110001110010001000
110111011011000000000
01011110000110100010101100011011
011111101000
0000
00101010100000010101110010000
101000100110100000110
100000
11100101110111100101000
00
00
1000101110111100000000
00000101110000101111110111
100110011000110000
1110110001101
011110000000
111000011111000111001
1111101110111000
110010000100010011101110
001101010111111000
1
111100001110100001111010
1000
011101011111100000111110010
1111000
1111
0000101110001010001
001010010010110000100000
01110000101101010010100001
111100000110011000
10100001100000100000001000
1
1001001000001011110000
01000
0011101100001010101100111
101
01011000
01110100111100100000
00101100111100001011001101101
1110000001010
10101011010001100000111100
1001111100010100
00011011011101100010
001010011011101
10101111010111101111101
0100010000100111111010110
010000000011100011101001000
0101101110000110010100111
000011000
00110
110011010000010111110
1001100101010001100010
01
1000011001101010011000011010
11
1001011011001101101000101011000
00001110110110100101001011111
110110100010000101011000
10111101000010011000
0
110000
101011100110000101101010001011
1000010001111101011101010000000
000000010001011
000010101010101000000
0011010100011
001111110000000
11011101111101
0001100100100000111011011000
010
01110001110100000111011011100000
011100
110110001101011010
111000100011
100111001110010100100001000
01001
10101100001100110110101101000
0111111011010000010100011
0000
00100010
0000001000100010
00110101100011
1000110010000
0110101101000011000011000000
111011010000111101000
00000011000
0100011101
00010100011000001000000010101000
110111110101110111001110101000
00111001111100001111011
01110111110000011000
01110100110000011000110001011
100010001001011010110000
1001010000
0111001001110010000
10011000010
1010111100111100101
1001110000
101000000111001
000010000001001100101
100010111101100010100000010
1001101100011000100010111000
0110100000
0000
10100100111000010
110
110110010100011111000
001111011100100100100000100011
01111010101000
00000110000
1101110101011011010000001111001
0000001011010010011010000
00101000000101100100101000
011
1110100010000001101110001
0111110110011000
00011111101001100010001010000000
1000
0110110
11011101111100011011110101011000
01111010111111100101110
1011010000010110010000
00010000
1000000101011010100111001100000
0001000111010
01000111010000101111
111101000101000
000100111011111
00
101001
111110010
0010100010101111011000011111000
00
0101010011000011000
000
0000011001110110010001100000
0100001011110011100010000
001100111000000101100000111
00
000110100010101110000
00
0110000
1100100010101
00110
01000
00001000000
0111010010101
0100011001101011111100010000
001
000011110001101011000011000000
0000000
0
0100101110001010101111
111111101000000101100110000
1110011
0100010101111011001000110100110
100001000000111
11
11
1101000
10001101011011001111011011101000
000101010001
1111110010101111010
0111101110110000110010
10110
0110001010000111101101001000
11
100010101011111110111000
010011101100101111
0101111110100010010
0010010110011101
1110000010001011100000111100101
0000100001110000101100111010100
01111101110001111101
0
11101000110
001101011001000001011010
0100100001110111111101100011000
0010011001101111011011011111
0101100100010111011011010101
0011101000101010000101000
1110101
10111101111001000
010001010101
11000
000001011100000111011000
10001010
001
110011100100011
011011110110011110111111000
0010101011110010101000000
101010010001000
110101111000011101000
0010010010111111110110100001000
1111111100011000000
010
001010001001000000000
10000
00000001
11111100010100111101111101101010
10010110000010
1000011000111001110010001010
101100001000
1110101000000110111010000
110011010
11001111101111111100011100101
01111010111
110011000001010001100000
10010001111000111000010110000
010000
1100110000110110110100
0011110110011110000
11011001101001100000
1000001000010001
10010001001100111100000101
011
01101001110110101101010111
00010010110101000101010
1110010001100111000
1100010011100010001
001110100010010101110110011001
01010101110111000101000
0101111011010001100001000
1010010011010001000
000
000110001010100011111001010
011000
0
0011110001110001110111
1010111001111111
1111
0
11011010001000
11100011010011101010110
11100010110101000111
0000001010000
1001100100110010010011000101001
0010010010000101011
10000
00000
1001011010
10001101
1010101
001100001000000
1000000
10110
110101110100101101111100100010
0011111111
00001011010000
00000011110
10100110110110110
00110000100110100110110110000
10011010101000000
01000
1011101000000100110
01000100110001000000
00110110010100110000
00111011011101011001101010011000
01000011001010110010111000
0111011110011110100
010101000101011111011
1
001000000
100001
1010010101101001
0
10001001110001001110100
0100110011110000101000100111101
010100111101011111100011001000
101011000000100001100110100
011010110101000111000001100101
000
10110101010011000010
10
1001
01100100000
11110101000
100001110011110110010000
00111101
010
10001101110000001111
11101110111
01111100001011000100001
01011000100010000100
001010011101010010111
110101000101101011011100100001
101010000000101111001
00110000111001100101
01010100011111001101000
1010110100000001110000
00001010001010
1100000
11001010101011001001101001
10
00011
11001010111111110
1001100100110000010010000000
001110001110
1110110100101100111000110000000
000
001111101010000000000001
1101110010110
010000
101110
1101000100000
00100000111010011110001111
010100000
0001001111001010101000000000
1101000
0110111111011001101
00110101111
1010100110001011000011010100100
000
0010001010101010011111110111101
11010010010111100010110001001010
000
10001000
00000100101010111010110000100000
0111000100010100110000000
0111111111100110010100010001
11011000
0111100010000110
100110000011001100
000
01011110011000101000
11000001011
000011101001011111000101000101
1101001010
11011011001111011111101100000100
1101011010000100011101111
1010011110111000110101110011
0110010000000100010100000010100
00
001101111100100011
0000101
11001000101110100001000
1110001000
01100100000000
010000010001000000000
01110111
110110000000110011001000
10101100
1000010001011010011001010001000
000111000
10000
1001001000000100000101
101011001001010010100
1000
10000110101101100000
001010110011101011100011001000
101111000
001111100001110101100000
1
000000010000
11010100111
0001100001011110011000
0110011111000111010001010100
10100011111111101110000
0001010100000
000
01011100111011001001011000
00000001011010000
11101110101001000100010
000100110101111000
10000100111110110000
1100110
11
0000110000100110101100111111000
11011010100110010010101100110
110011100001110100101
00010101011010000
1011101101010
111101
001001111001000000100000111
10111000
000110100101000
000101010011
10000
101110001101
0100111111011000110
1000
1000
010111111110101010000
10010010001
00011111000111000
1001111000100
1111000
01010110010111010
1
011001101101100000
00111100110111010101
0001001011011000011110100011110
1001111000000
11110110010110000011011110101000
11101101011000010010000001011000
1011010011101
10010000110010101011010000
11101011010000101111100110
1100000110110011001000011000
111111010000
0101000
01000011101100
1010000
11
11100101
100100011101001100110011
1
000010101
001110101001101101001100
00001000011000000
0010011001110000111010001111000
00000
11010110000000
0001000111000
10110110101001000101000101000
111000
001011100010011
10
10011
11010011001101000
000111000000101010011111111
1
01000111111111111111100
00
00100011110001101111000
1011
01011110
000100000
01101011010
0010011111
01101000
01010010101111001011000
101011111000111010111110011101
01011010
00011110101010100111
0000
01011011111010011111
110010110000011101000
1000000110
00010011100000100110111100000
011100000111110001111100000
1011111
0110110000
1
11101100010000
1101100011001110010110000110000
101001100011101101001110
01100011010001101011000
1101110001010111000000110010
011010110101000000
0100110011000
000001011011000000000
11111111
11000010000010111101000
1011100101110
1000001011101100010001000
11100101110001000
001011001010
110110110
0011111011000101110101001
100100101001101100100001000
11100101100011
0110011110011000
0111011101111001011
10001011010
101011110000
0110111001001001110110000
010101100010101010011000
0011010000100
011000
00001
10111000
001001100010100000
011011001
0100010111000
11100110111100001011110010100
001001000
01001100010101101001011101101
000
100110010011011011101000110
10011101000111100010000
00101100000011110000111000101
0011001011011100110
1
00101001110010111001000
0000010000111001110000011011
100100111101000011000111
0011110010110001111110110
0101
11100010010101
1010010010101000
0001100000101000
110
0011110110000001111000
0110100001011100000
0001001111111000
1111001111100110100010000
000
010011111001000
1000010111101001101011000
0000001011010101111110100
01011100010100
0010
101010110010011011011100
1110100101100
011110100111110011110111000111
0000
000
00101010
1011100010111110100100
1
01011001011001100000
110000000
110
111001000110100110100010
000101
1100001111110101110111100011000
01110
00111010111000
11100100000111101
0000
1111101111001011100010
1100000000000101110000111
1000100010101011110
100011111101111
0100
0101110
0111010110010010000
110001110000000100
001011100001011
11000110
10010101111001100101011000111000
011001001001001110001000000
101101010
10010001
0011011001001011000001010111111
000100100011111010010110
010100011000000
100000100111001001
000
00101111000
011100001101000100
1
010010101
0100001110110011110011000010
010010111101011
0100011101010111111001100010000
10010000001111100
110101000101101100101010000
0000
01
0001101000011000
101
0010011110
0111000101010010001011101000
011110101
00000
0000111001
000001100100001
101000
010110000
0000
0000010110001110111001000010000
11110
1010010110010100001001001000
01011111000011100100000101111011
11110000111110100000
01
010
10001111110011110111000
1001000011000001100000
000111100011100011111110111000
0100110101000
01110000001111101010011110
00101011010000
000
101000010000110000
00100000011001001101111111101
10110011010100
10100101001000000010
11011101110110
11011000011111001101
100110010100100011000
10110101110111111000000
110101110100110
00000111010
01110001010110
1000101000100010001101
1110
001000
0111000
1011101010001000
0001011100001
010100100111010110000110010
001001110011000000
1011011100101111011011011111000
1010011110100000
100010101010100100100111
011010101101100001001101111000
101111110010100110000010000
1010100001000011001000010110
0100111110100001
001010100000
000
001001010101000
00000
11001110101011111010011011000100
11100101011000000001010010
0011111001101001101001100110110
00
01011100100011001110
110
001011101001111000
00111100000
1000000010111111010010101101010
01000001100101110101100111101
000110111011110010110111000
1
000100010000
00001101111111000110001
1001011110100011011
111000
0100001010101001000100011010000
0
001100111
01001
110000
1100001110110010100101101100000
1011000101000100110101010110110
1101011000
01011110101101000011110
011101011
10100111110101110101111101000
0110011101010000
010110011011011011101100111101
11001111100011110000
10000
001001000000100011000
0101100110001001100001011
1001110011101000000000
110
1
0
000
1111100011001000011000000
11110000110100011
00
101000000110011000
0
01010000
10
0111010111100011000
010000
0111001111101110100100101000
011110010100001110000010011111
11010100001001011000111001110000
111000101101000101000101001
1000100000
01100011110000
0101111101001
00
11101000000
10010110000010
1001111001100110100100111
1011000001111000011
11011111110110000
101011111000
0001001101000101110101000
1101010110101111010001101
0001000100011100010011011111
00100010000
1100101110111101001011011011000
01000
11100
0110101110001001001110000001000
101111000010110
0101100001010000
10000
1100100001110000010001010011000
1100101000111
10100011110011111001010000
0110101001
0001011000
0111011101110100101000
110111000000101001110010
000100000
1110110010010110110101
1011101001111000101100111001110
01011001100111100010000
0000010011000
11000100001110000
100111011001100100000
01011011
1100110000
0101
0
11101111110100000000
100011110
1011101100000
00010100010111111000
11100111100000000110110000
11111011111001
01010101000
100010110011101010100111001011
001010110101110111001110110
10000111011101110000001110111000
10100100001111101000000
10001001001110000100110000000
10001000
11000000000100000
000111110011001011001100000001
0
1101011100000110100110100001101
011000
1101101111111011001111
0
10111011000011000
1001011001110000011000010000011
10
000
011001101010001001011100
010110011010111101000
100010001101000
00010000101
11111111100110110000100011011
000
00110010001000010111101100
1110000011
0
11100100101001111100
110
11100000100011100101110110011110
100101100011010100101000101101
0001011000000
11010010011001110111010000
0011110101110000110
110010100100100000010000
11100101010001011111101001000
00010000011111000000
1000
00011110000
110001111101010111101000
111001011110111000001110000110
100010000101110000010110100101
101000010010110100110000011
00001010001
1010000000
1010110001011010011110111100
01010110000
000
1001011110111000000111000
001011000
0011010100100010000000
1011101001000
111110
0000
00
0000
110001000
1010010111111000
001001000
100010001001010000101011
001011101111111100001000
1101011001110000000
01100010100000
000
0111101001011001100111110
010111011101101011010011000000
1101111001101100010
0111101011100111111110
000
00101101110001111110010000011
0011010000
0000111111100011111011
010
01111010001000
111010110001101000
001000
10000011100000110100110
0110100000001000
0011111011100000000
1111110100110001
0001110001101110000010010011
10111010001110
101000011110
1110010101101111000001000
10000
111101001100
11010111100001001101101001
010010000001100
0011010101000100010011100010
110000000
11110110
1000111
01000001011100011010001111100
0101100
0100100000110111100111010101
1001010100000111010
11100101111111110100010
0010110100000
0000100
11001
001100100000111000111
0101101100100100000011010100000
1100011100000100000111000
0101000001001
11110100111001110
1010011000001010100100110110
01111001000
0100110001000001100110100110111
1000
10111101000001011101
0001100111001
0000100011
010110010000111
110001011011010111
110111010000001100101010101
0000000100011100100110000
0001111111
1111111101010011000
0100101100111
1011000000
1
1110110001000
1100011101010
11111001100111001
10100110100111100010101011101
11110000111000
100000000
110010010010000
00010111001011111010010101000
1010101110000000
1111101000011
1010111011110010
00001000
0100101001110000
0001
1011000
101111110000
10011111000010
01001110011010000
011001000100101010110111111000
001010011000
101010000000000
0100110011100010101
00111010111100001001000000110
000101000001110110001101
00111000
110100110000
011010100110110100110
01001000011010100110110101
111100000001111110000
00111110000111100100000
010010111111111
1101110000000
0
110010110111010010001111101000
10
1101001000011101000010010011
001111110000011011000
1010000110111011100100001001
00
00010011000010100101110000100000
00010001010111010010
010000
10010001
000001001001011011000
111000011011100
1100000101100010001101000
1010111011011100
11011100000000000100010011110000
1111110
01011010000011000
000100011000
1110000100101111010
11010101011110001010101
1
00010100111001001110000000000
1010000
00100000
0000010000101110000011
011000011001000
110000010000001111101101
100001110000001001001110110
0111101101100001111001011011
11
10110010110001100
101000110101
1011011101
110
11111000001111
00000
010101101
0010111111000100101001000
011111010001011101101110100
011110110000101110000100
0
010111000111111001011100001
11000000
1101110111000110110110111100
001011110100101011010
0000101001001001100
010000
01000100111
1110110111111010001110000000
01010111000010100101101010100
010101001101100000
1101101001001111100010000010000
00101101000001001100101101011
1001101111000101000001010
0100111100001101001011000
100000010001111001000000000
10100101011000010
1011100001001011000010011101000
0011111101000101000111100
011
001111110111111000000101
00110000010111101101110110101101
01100
0101111110000010010
1101111000
1111
00
0010111000110110000100010101
10100000
001110111111010111001000000
0100
01110101100111110001
110110000
1110101001000
00
1
1001110110101011110000000
1111011011
01111010
0000000111101100010000100100000
110011001100110
101110110111
0100000
1001110011110010000100000
11010111001000111100001011110
11101
100000001001100000
00100001000100101101000
11001000000
1111110000100000000
001111011010000
11010001
01
1100100100100111010110101111000
10111110010111101111101011
1001010000
011101111000
101111110000
1
1
001010000111111000
0011010110111000100100111001000
00011011110110011100110101000
1100110100100111001011111
001000
1
10110000
110110000000
001000
0000010101000
11000100010000000
110000100101101010000011011110
1101001101000
0
010000
0100
1111101000001110101010110010101
0100010110110001111000111010010
0100000
10110100
10010
01101111001001001000111100001011
100011111111011111110
0111101010
00111000000101110001
1110110110101111101110
000100010
10110110111110100111001
1100000000111000000101011101101
1001101000111011101
0011000000
01100011011
11001010000
01011011010111111011001000
001011101100010110000010
0101
01011101001011110101100
1111011010001
1100110
1111110001111000
0010100010000
0111011100111010
11001000001000000000001101
10110011111
10001001001110001111011
111101101101100101111111011010
10001110000100011000
0111010001111000101000000
0000000
1001100000111101
11111101100111000
011110011
1010100000
111001110101001011100111000
010001111100000000
0100110110010100
00
111101
10110100000
0010000101011110001110100111111
100101011100011
0111100010
110001010
110001
0111001100000010011101000
111000000001010110001001111
010111011111110100110
1000010011000001011
00110100
10111100100111010111000
1111100100001010101
00011
011
11100000010000001111110
01111101011101010011000000100100
1011111101110110
10010
10110000110111101111101111
0110100011100001111110110
0001111010101000000
000110001110010110001001011
1001100000
0100101100001010000101000
0111001100101111001101000
0100101111100010110001111000110
1110011110111
000
00
00000001
0010100111111010100001110100
110
001101010100101101011100000
0001010010011011111000
01001101110100111000000101
1111011100000
11111110101101010001011000
11011101011010
0011110001011110
101010001010010101001000
1000000110
11000111110100100011001000000
110100110010010010011110111110
011011101101
0111
11111101001010111
1011100001111001100000
0111101111111000
0010000101
11110010101010101011
100001111000101101111001000
000110110100010
01000
1100
101110111000
110111101101100
10111100001110100111000110000101
0111011100000110
0010011011010000
01010
00011
0110101111000101000
0101110111111101111101100010
01000110000010000
11111101000
10100100110100010010
100
110001100
1010000011
0010100000
11001100000001010110011000
000000
11111111000000101101010001011
10
00
10011111000
111000
000
101000
0001001001111100010111011010
01000100111111
10100000111
1010110001001000010001101000
11100001001111
11111000
001110101011
01
0011101111
001100100000101000
01111111011001001
010100
1
01
01010011000
01100111000
00
0011011111111000
11
0001001
111111110111000
0010001111000
011
000
0111000
1100010
1101000100111000111010
00110001011011
00001000100000000
10001000000
100110000101011101010010000
010111111100001010010
110110000101101011
11001111100001111111001110011000
111100001001
110001010100
11011110111011101101100000
01
1101100110000000
11011000101010000
0110011
00101010000111101
0101011101000
11
101010
00111010110000000
000000111111000011
0100000100011000111011000100100
00011001001011011001110
0110110001000001101000001011
100000100101110111010100
11
0111001101101001001000
101110010101111
00101111101000011001
1001011
100000000
001110000100111100
01010110000111010101000
01110111
11
00000
00111010010101010111010000
10000000101111000
11001000010110101000
000100
1011011101
1010111110001001100111000
110001111111000000
01111001011110011110
1011000100011000
101001111101
000111011101110000001101101000
110011
00010111
1111101000
0111000110000
01111110111010110111111
000
00
1010110000000000
10110000
11100001001000110110001
11111
1000
11001001101111100011000110000
10010000011001111
10100110110001010101000
00011010111110111
00110110100001010101111000
001011001101101001110101100100
111101000000100111100100001000
101011001100110
001101
01110101101111
01110001100010011
0101110101101111111001000
1010010001110001001
0011110001101000000100111000
1101110001000
00
10000111011101101001010110
0011010011001100011000
01110110000
11111101011101001
0100011
11101001010
110000
101101
1110011001000110
0010101101011100111101000
0011100000010
000101101000100111110101000
01110100100110011110011000
11100011001001010011110101
0001010111110001101111000
010111110011000
1000100110010011000
1010110000111111111001000
001010100110000110100
01011000
10
01111011011011001011000
1111010001011
01100110110010101011000100000
0000101110111100111010001010
01101000100011111101000
0101111100100101000010011000
111010101101110101011
1010011000000101000
1000001011000011101100
100000000
000011101
1111010000
01011001100000100000111110
00001111101100
010001010010000
1111111011
001010001010
10
11100010000
0111111110010
011011111011110
10011000
0001000010101011000011101111110
10110100011101000
000000001110111
101001101011011
11000000
00
001000
0000101110001111000
00000001100000010101
11111000101101011111110000
0000100000
01000011011100000
011110011000011110
0010110100100101000100000011
00110011111111100011100
00101101111100011000000110001
0011011010001111010110010111
11000
0110101000
11111111000011000000010000
0
0001000101010011111100
0111011101000011011011011
11
010101011100
0011111010010
1
1111000
101000000011111101
011101010000000
111110000
11
110011000
01101100111000001000
0111001010010001011101110111
001
011001100000110110001
110000
11001000
1100111101110110011110
0010110101000
000
1010111111101001110010000
010000
10010110010110010
000011011100111100
01001111101011000101000
0010110000001000010000110111001
111111111001110101111
001101000
001101010011010000110010000111
0110111000010001011100001111000
0110110000101101011111001011011
101110010110000110101100010
011100000
1001110011011001001011101
0000101011011011001011000
1011
000
1110101111111000
101100001010001100101000000
0011000
000000000100111111111110
11110111110000
10000111111101100011011011000
10000001011000
01100111000101001100100010
010001001000001000010000
00111110011011011001
110110101100010000001100100
1011101011011010111000011
00111010000
1010000
00001011001101
10110011000
1011101001111000
10000111001010110
1011101001111000010001010000
1011001
101110001101011011000
11001110010
111010000011000000110000
0000000111110110100000
10110000
101001
111010111110001000
00100011001010100001
00011101010010000100101010
00011101101111000000101000
1101001101000000100101111
010101011101
100010000101010101011000
1001100101011110000101000
00000010111000101
1100
01111100000111
10000000
10101110
01111011110111011000110010
1001111100000011100000
110111000110110
0111100000111000
1001000101011010110110111111000
10000001110110011101000100
001111110011110
0101011111001011
0010010000
1001110011000010011100001
00000100001111111111100
01110100010110010100011101000
010011010110001001011110000
011
011111110010100101
100
11110011000011110000
111100011100010111111000
1010
1010010100110101000100000
00
1011100000
0001110001101111100110001000
0100001011100111110011
01111001101111010011110100001
1000011000010010000000001001010
0011011001101111000010101011
10000
11110111011000000111
10100011000000
00000001001110010101111111001010
011101011010111101101011000
010101000100000100001000
10111111101000010101000
11000
0001010
00
0001110101111000
0000101011000001000011111000
000001010001110111001000
1101101001011011000
00111100011010010010111100000
1000011101111111001000010010000
0111001111110110110001101100000
11101010011011001000000
100110001101010011110000
000010111001111
01010011110110101010100000
1101010110000
0111110101001
000
11010111110
110001
011001010000
111111001011
0001
0000110011010010011100
11111110011011
101000011010000
01
10100110100011001000000
00001111100100011
01100001100011000
00010000100100100
0001111110101001011000
1101
01010111
011101111011101
100111100011001000
0111010100000110
001000
0000
000
1100101
00
00011010101110111001000
0101100101100000
011010101111
0111101111100001011001000
1000101011011001001001000
11001000111101101101000
1010001111110010101110000
0110101001110111
011111101011001100101
10001000
10100111111000000010000000
11110111
001000
01001000010010110000
0010110000001000101110010
010
011001110011000101
01001010101001011100101101001
11101001100100110110001001100
101000111001000000001101000
1011000000
010110101001101001010011010
01000
1
1000111011100010110111000
0100001001111000001010011000
01010011010011000
11010000001011011110
00110000011101000
11101110001000
1101010
1010000
000
10010101100110011010100001101011
1100100
00010010110001101100000
01111100110011000010001000100000
1101010010111000010000110000
1110111010
10100100101001101100110011000
0
111110000001000000
01000111111010110100110000
00110110000100010
11111101000
10111010100100100000
100000
11101110001111100100100011011
110101111001001101011001011000
100011011000111011001001010
110000
0001110101001101110000
000000100100010111001001100000
101001011000000
011010000101111
0
1001011010111000
0011101010010110011
101011111100110110000100101000
0100000111000000110001011000
00101110001000100110101011110
000001101001111111101011
011000101011110100011011000
1011101110011010110
1001000011
01101111011111110000110011110000
000
110
011110
0001011101000
10101110011000111111011
010101110101000110101101110000
11011001110100101010010111101010
10111100110
11000000
11000101001111010110111010110100
01100100110000110
01100111010110001110000
000101111000
1011110010011
11010001000
00011001101101000000
0
011110101001110010111111000000
0000000
0011000000011000
0001100000000111011101011111101
110011011110010110000000001000
001001010100101
101101000
10110011110000
01011111110000100
0101011011
00001101010001001000
01101110100110111001
1011101000001101011010110100000
1001001000000
001000
0001001100100010000
010001001010110001100000
110100010010000
1111010101101000000
110111010
11011000
0110010000111111100000001100011
0111010001
01010010111011001001
0101011101000100000110111000
101000111100101000111
10110110111111110111101011001010
1000001001111110000000
11011111011001101011010
10010100000111111000
11101101010011001110101
001010100000
100100010000
1100110010011101001101011110000
001111100111001110010101110
01111101001101111110010000
1110011000111110100101011111000
0000000001000001101
1110000
1010010010000101111101000001
110000
0110000
01
1
11001100010100000110
1100101101111101101110000000
0000101011010000
00101101100111100110100
01101
01101110001110000
000001110100010101110011
11011110110111011110000100010
0011011010011010
0100000101111010110000
1110101011010110011100111
0010110010
0110000111
10000
11000011001100000001110000
1011110111101100000000
00110001110001010
0001010111111001100
1011100111100110111101110
101100110000000100
0011000100100000
0001001010000
011111010011011000010100
1000000
1011
11011000001000
0110110001110000
1100000011011
001
000010000010100
111000
0010110001100001010101100000
11100010110111010001010010000
1010110000
1001010001
000
010011011100000101
10101101001110110010111100010
101100101
00000
001110110000111101110100001011
0110100000
11100001010
1
00110101010101000
011111011000
0010000111110111001101000
0
1010011101010100
0111001000011000101010101110111
1011001000110101000000010001
110001001000000110
01001000100010000111100101110000
001110111001000
00010000011001011110111100
1110011011001111110000
001001001010010100100110
1010000
0010011110111010001101111100100
11011100111
0010011000101001000
110111111010100011001100100000
01011000
11011100011011110000
0100100010010111101000
0101101011
1010110101
01001110
0
00111010101111000
11010011111101000101
111101101010000
10010111001111100000
10011100001111001110111000
101001110000110011100011000
11100111000111110010011101000
000
1101010010101101001110000
111110
11001110111000001111001100000010
01100100101100101100010
000111011000011000
1000
00100001
1101000
1100000111001110000
11100101001000101011101111
0001011100011110
10100100100011101000100001111
0
000100100101010100
0001100011110001011000111
10000000110110011100001101100101
011100000000
01101011100001
100000000
10100011010100111000
10111111001111110110011001
01110011110101011101000
11
001011000011101101001001010
1001000000010000
1
0
001101101110101000000
01
00101101100100100011010011111000
11100111110001010100010000
0101111000
11010
11100111011000001011
110001011000011100010000
0101101011111101100001
01
011000101001100000000
0110
11000111001
001011000101111100000
01010011
000
1001000
10001100010000101011000010111000
111010000110111110100000
101000010001011001000
101010000011000101001011000
111110000010000010
1001000101100101111100
110001101000110111011100000000
00011110010
10011011000
11111000
0011101
100110110
010101000
1000001000110100100101001000
0100001011001011001111100
011
0110000001011100001
01101111000
00
0100100001000
010100010011000000
00010
0000111110001011
01000
00000
111
01000
1111000
1000001011000011
10000011011101101101101000011111
100100011111010101001101000
00
00000100100011101001
001101000001010100000110
01000
00100001111010010101000
11000111001001100100101011011100
101111100010000100000
1011001100101011011000
11111110010000111100101101000
110110100001100000
0011001000110100000111
1000111111010001110001001010
100000011100000100010001000100
10001110011
0100001010000111011
0101111110000111001
111110110000
00101001011
000110100101101001001111010111
01010010000001000110100000
110111001010000
111110110011100100000
11101001100001
01000100100011011010011010100111
01010010
1100111100001
010000
010110111001001000
0101001110111
101011100101111
000100111001111101101000111011
10010001
10111110101111011001101101001000
01000010010011101000
1010110101001111100000000010
01010001000001001101101011000
1110001100100100001110
0
000
10100001001010011100000
00011110111101
011101100011000111000
0011000001000
1011111000
01110
0011010000111110010
10000
10001011000010001101101011111100
1110010000
1100101111011111000
1101111
11011011000
010100010010101000
0110000010010100011
01011100111000
101
101001000
0000101011000001001
011111011001010001000000
001011110100000
01011000011001111110000000
11101101
111101000000110010001000110000
0111010110110001
00010001010011111101100
010111100110
100
01110110111000111
100000010111000000
1011000000100001111100110011
10110100010000011000
110011101111011001100010
0100011000
10010111000000111010101011
1111011010
1011101010000000111000
000
00111011010110111110000
0010
0111001
000
111001000
010111000011001111000
0111111
0110001011010111110011011
011111001000000
10110000
111
100000
10101101100111100
100101110101001111
010111111101010101
000
11000111
111011011101010010010000010
1
01000100001000111111010011000001
1100011100000000010001100
0100101110001110101001001
11010000
010100100001011011001110000
1001001111011001010011001
1110011111
11010001010010110000010011110101
010100000011111100010001
1111100111001000100000
0101000
110100110000000010010
1101110011000110
00111110101100101000
100110000
00111100100000111100001
0
01100000
0110001010010111000
1010111000001000100011011111000
01110100000
0010011
010001110000
10000
00
001011101101101010011
1010101101001100101001000100
10001010011010010011000
0010011110111000
011000111100110101000
1101011001111010111011000010110
1100011100000011101000110100
00110111110
01110001110000000
11111
1000000
0011001100000
1110011001010111100100110001
000
1010110110101011110000
10010010010000
111110010100000000
01101111001010011010111100100011
10100101111110
0010101001100000000110110101
1
00001001011101
11101001111010010010001110000
101110
0001101110000
010001101101100111000
110110110001101000010001
1110001011110010001
11010000
000100001101001010110000
1011001101100000
001001100
11000
110100011010000000000100011000
00100000100000101110110011000
10
0101011100000111010
000101101000
0110001111110100000000
11101000000
0100000
10100111100011001010110101100000
000001000
1000101011010100101111010111
01001001010001000100010100111000
00001110010101000
0100001111001010111000010110
00001110110000100110000
101001000100101001010111011
001010000
11100100001111101000000110110
01001
000011101000
11111101111100011110001
00110011111010110101001
00
1100111011111011010010101010000
0101011111111100111
00110110100000
01000
0110001100010010101010000
0011001001000
1101001011110011111100010100
00011011010000
000
1101110101000
11010000101000
0111000
00
1101011000
11101110101100000
10
001101000101110111000101001000
010010111011000001001011110100
011101011010001100110110
000100101011010110111011110
01011000011011011010010000
11000101010000
0011100100110100111000
0111100
01011001000001010100000
1000110001
0000100011111011011110101000
100011111110011
000111001011101011011010010
000110011010001100001110100000
01100111011
1000011101111110010100010111000
1111010101100001000010001101111
01110100000111111011
0011101101001000000111000
0111110000101100
10010110110
110000
110100000
000010011100111101111000
11000
010
11
11100001001010000
00101
011110001010101000
1000000011
101111
11111000000
10101110011100010001100
01000011000111111000
011011111101
11010011000
01
01001111
01001110101100110000011101110
00011110010111111111011100001
1010001000
00000010100000010111000000
00100000011000
111000
00001001110010100000
1010110010100110001010
0000110010101110000
101101110100000
01111011010001001110111
10100000111101100000
11011110110001010010000
0010100000
00101010000010010110111000
101001000
10110011100111100
1111101110
11010111
0111101000
11
001000001101100110
11111000100001110100010110000
1101111110000010000
1
00
010011000110111100101011000000
0000101111010100011111110111
01011110111001111010101111111000
11110111100110011000
010110000
001101111
1100
10001101000000111000
000
0000
101011101100000
0101000110011011101011101
11001110000000
111010101001010110111100
01110011000001100100011010100000
10010001101000
010110101100100011010111100101
001000011010001111011
00111010110100001000
110101110000000
10010110000011000010011010100
010001010101001110000000
10010010101
000
0010001001110000001110011110011
101
110000000000
1100110101100000
0100100011100111101
11010000011110000110111
11000
00
11010001100111011001
0
1000010000111000110111101
0100000
111010101101101010
00011000
00
00111000
00101000
100110000001100000001011000101
0
01111001010010100010000
00
101011011000
1001011100111100100101001110011
011001010001
10101110100100000
00
00111010111101111011011000
100110101010101011000
0001111011000110010011001000
11
1000010110100101
101
0101111
0110100010001011001101010111
0110101011
00001101011000100100
1100010011011
11001010010
1110100111011001
110101011110011000
1100001000
0101111111000
11101001001000011111101010101111
11
0100011001000010110000
11100111
11111010111111000100011010000
001010
100
001111000110101110101001000
00010010001000000000
01001000
010101000
0101011110111000010010101001000
001011110111
000001111101000
1011
001001010010001010000
11011000101010001001000111
001000110011111011111100010
1011010100
0011011000
101000
010101010110100101111011011
110110000110000101010100
000001110100000010100
0101110000
1000
100010101010001100010110011101
001110011001111001110110001001
001101001110011110011000010110
01001110001010011010101
1110000111001000110111010011100
110011100100011011000
1100101100
101011000010100100010
11000011011000
0010000101100111110110110001
01101101001011111000
010100011
1000010
11000111
0111
10110110010000
111011111000
0100110000001110111110110011000
10001
0110100001000110101100101001000
1101000
0100111
10110000
01010100001110100101010010101000
11011011000
1110010010
110000110111100101101001100000
1111101010110110000
00100001111101000
1110110000
10100001111110100111101001100000
10000101111100101111
0010011110000
1110000010101000
00
0101000110000001000111011
10111011110000011100100001
0
1000
110100000111100011110010010111
01111001010011001001110100000
000
101011010000001011111
110110101001101000
1001001101101110100
11000000100011
0000100
11000100011
0111101011101010100101
1011111000100000110111011110011
10
01
10010101
10010011111010001000
110
010011110
011011
0110110101101111001010
1110010100111010011010100111
10011100111001
01101110000000
0101010000111000101011
111001110001111100010010010
1010
10001001010110010010101100001111
0000111010000011011
001101011100001000
001100010000010000000
111111111000
0000101101110111111001
01100100000110100000
1101000
001000111100011000101111
010100100110
1010001000
0110101100110111010011111100000
00011001101010001
11101011
10110001
0010110
1110111011011011011001000111
100000110000000010010010110
1011000010010001101000
00101101000100011000
101100000100001000
1
11101000011000
010011000
111110111010111000100110000110
00110111010011100111110001010000
1011110101000
1011000101
01101000
101110001111000110000000000001
11000101011101110000
011111010110
11001
1111100
1000
0101111100110100010000
1000111000
1101010101010000
1001110
010101000101000000001010
1000101110011000
100100
01011110010010110000
1010100011110011111101110
0111011101010000
110100010100111010
1011111001
11010100000
01010010111000111110000
111111000
111100100
00010111100110000010110101110000
00
101111111110001101000
11110011111100000
100100100110001011100010111001
00000001110000
00111110011111000111101111101000
1101110010100101001011000010110
00011001000100111110
00110011110001110110
101101101010110000
1010101110100010010101010100
1000100101011001011000100000
00000110010000011110010110000
10000110110111100101100001000
100111101111000110101111101110
011000001100
00010000
001101110101
010111011101000011000
1101100100101001011010001001
111010110101101
111
11001000
11000101000101100100100110
011111000
00011111101110011000
000110110101100001100000
1101000
00011101010111000
1110001000111110010010110101
011011010010101000011101
0111001101010011
1100001110001100100
000110100101001000
01000
0111000001110011100
0010110010011111
11010101001001110010001
01101100111011
000010010
110000110111110010000011
01111110011011110001001110000
00101001101001000
1111000111100111111000
011111110111000001
1001000011000111110000
0
0
1110000
101011010101101000
001110000011101011
00110101000
11000
11110011110110111001100110001
10000111110001000000
0010001010011011000
00010000110001001111110000
1100001101010111001011000110000
101100111101000010000011
00001011010010111100
011
011000
0010101011100000001
1000
10110110101101001
001011010110101000
11
1010000110001110100100001100000
01010
01011110100110001111
0100100000
0010001011110010001011
10101100110100101111101001
1000000000110001010001001000
0000000100100011110101000
001
1111100010110
111110011000011111111
110011100010
11000101100010101000011110010000
110000
1111001011011
0111100101011
1
110011001111101101
0100111101101011011010110010
11
011010
101001010101111111111001000
1001101
1100011111001000
010000111111110011
00001100111110001100000000
00100000
101010110011010010110001000
0011011011011101110000
000001111
0000011101011100001010101
11010
11001001100001000111
0001010000000000
110000101000
000000000010111001111111001000
000011000011100111101000
0010011011111000010111000001
1011111010110000001011100
101011001001000
0010011010111000
000
0101111101110000000
0111
1100100110100000110010001101
010100001001
10100000
1001
000000011
11010101100100001101110000
1100101000100110010010100
11010001101000000
010110100000
000
00011000101011110000111001110010
101100000
11
00010111100010101100000
100100101100000
111
111100011000000
10100011000
101100
011011101010011001000
01100010
100010000100011011010111101
10000111011001000
10001001011110011100000
1111011000010
100010010011101011000
0000001110000101110000
101010011110000
1010110111110
1100010011011001010111011010001
100010111011111
11001110100101101100101
110000
110101011100000
1100110011101000
10000110110010000111101111010000
010000100000011010010101101
1111110010010000000
11010111010010011111010110001
110001001110000111000
00000100010011000
0001111000100001100001111100000
01111000
100101000010101101111001101101
11010011100000101101001010111
011101010111000101
001111011
010111000
00001011010000000
111111011000000011000001011
00001011011110111
0111111011011100
110110001101101110
100110000011000
111011
11010000010011100110011010101000
1001101001111100011001001000
01010001010010101011111101
00101110110
000
01101000
010100011111001111000
110001101010010010111101
0011101000100000000
1010010
10010101110111000
11000100110110011110010100
10001
010101111
11
11010111111000100111111011010
00101
0111001110110001010001110
110110
10001100100111110011110110
10001101101
1100100110110110100110
101001110
110110000
101000
100101100110110100000
10111101
001100110010100111000011101000
10110110010000
11010011111111100000110011
01011111111011
01000110111010011
011001001110
001001000101
110011100101
0101
1101000000010
11101101100001110110
011101000
11111111
11111010111000
0100011000
10100111100001100100010000111
0001011000011011010001101000
101011000
000
11100010011111100101110
00110100110111111000110111000
0111111001000111010000
001000000011001111000
001000101001000111010001000
0011010010000110000
000001110
0011101000
10101110110000000000
11101101100100110110100001
011
110100100101110001101110101
00
1
111000
1100010000011000001000
0010100100101100010
0100101101011000
0011110100010101010000
00000100110000101010110
011110100000
0001100011000100010101
0011010100110110011101000
01000001011010
10
00000
1100001101000100
1101000100
1001001111101000000
101010100100111000110111000
11111100011100100000010000
111110100110111001000
1
0011110001110010010100100011
010101011110110000
1011100000010010000111101111
000011000
111001010001110101
00111010111001101010
0110110101101000
11110100100000000111011000
01000000000101011000011000
111011000101010000111010111000
011100001000001000
1000
011001001000010111101111000
111000
0100000
00
1
0000100110100010100101
0010001000000
101100
10111001110010010011011110110000
0100100000100011010000
11001001101011010011000000111
110100100110011000110
01101000
110011000011110111111110
111110001100000011000
1
110011110000
000
011101100001
000
000
0
00011010101011010111001000
101011011100000111010010000
11111110011111101000110
11101101101
1011100101110110010
0001101101000110011011
1001001
0001011010111001110000
11000111100
1011101111111000
10010101010101110001111010100
010000000
10011111110100101110011001001101
0111101000
111010101111011111011101100000
00011011101010110011010
0
1011000000
011101101
110111
1110101001111111000
00000000000101100110111011011000
00111011110
11111100110011100001111111111100
01110101011010111110000001111001
0001101000100011000111111
01001000
11110011111111100
11011000001011011011010101
10101110010100110000111
001010110100100011100011000
110100011101001111000111000110
01001100011000011001001000000
10110001011010011001111000
1011100011000111000010011101000
100011011000100100000
0110011001011011011001101000
100110010011100101001
1010001010011110011011111000
1000
101000
100011
1000101001100101
000011000111000010011110111011
110000
1001011
1001101010101101001111000
000011101011111111111011000
101
000111101011111000
11101010000110110100101001110000
0101101
00010110
101011000010011101000010
001011
00
00101100111111111001001110010
0011010000100101000100011000000
01
11111010101110100011100001000
0001
1100110010001001111010111000
0010
1110000
11111100000000
000101
1101101010000010100001000
1100110000
0
1110110101001101
011000
101000
1010100001100110110011000000
1
111010100001111100
0011101001001101
0011
10010010111101010111011111000
000
0010010010100011000111
100110111110110100001
001
00011110001110101110000
000
01010101011001000
0101111011011111
001011100010
01000011001100011010110000101
0011010011000
10110110011011101010010
011110000010111010010010011000
0100001001010011101011
1000011000000
00110101111001000
0000
0
010001000
111101100100100101001
10010111101101101000
1000000100000
10101000110111010
010101000100000
00000011100111000110101011010000
101101000011000000101100000
0010
00101100011011111
0011100011
11001011110
111100000001110111
11001110011011000111110
000
101100100010010001001110110
01100010010100111110
110
1110110111100011011111000001
00
011011
1
00000110110101110011011100101
110011111100111
010111101010011100
1011101101100110100110
0111110100011
00
101111000001100010
00001101110001111101100111101
10100000
101100110011010010101
111110111011010101011010110000
0010110111000000
111101111100110000
1011111100101000
10101101001000
11010001000110100010
1100111010101101000
00000
0001110011000110
010001011101011111110100
01101000010
000000101001101000
000010101010000
1110
011101110100011110111101110111
01001010110101110010101110001110
10110001
01010011111110
1110110100
100011001011110001101000100
0000001011000100101
11001000
00
011110011011000101110110000
1011101101101111001001000
00101111001111010
0110101100010101
00
001110011010011100011
001101110001111111010110
1101100001101110001001010100
11
11001111000000
0000111000000
00010101000011010111010
001000
001100010100010111110010001100
010011111010011000
010001000100111110011100110111
00
000101011101010
0110101010000
011
0010110100001000
001101110101
0010010011000
001110111010010000010010101101
0000001100100000001001001110000
0001000111011
000110111101111100011000
01100100011111001101101001001010
101110100000101011100110110000
101100101011000110110100010001
010101100101001100010
11010000101101100110011000100000
0000111101001101001
0000011001001110000
0110110111010101101000
1001101110001001110
00010111000000
0011001000
111100011000001101100100000
000000001111101111000100011011
1111111111011000101100010000
00101101110000011111101
100000
010000
10
1100000
1010110100010
0110000100
00111
0110110101110001001011011100
000
0101010101101001011010001000
000
01011000000000111110000
10101101000110110110010101001
111110101001001110111101000000
101000011000100110001110101101
10100011111100001000
0000000000100011100001001100111
111001001000010101010011111000
0100
0001010001100
100011
0111101001100010100010001001001
0100101011111011110110
10011011000101111010101100
111000
1
00101111011110101100100010000
1111010011011100101111000001
11010000010101110
11101110110000
010110000110010011000
100
0110000
01011011100011101000
000
0110001000010011001000000
011001
0100101111100001000
11110000011000000111111000
011011100101101110100000
10001101110110010111000
00000000000110100010
01000
00000101101111010000000101
11000
000111111000
0
010101011110110011
1100110000011001
01011110
010101001100000000
000111011010111000
100010101011001101110000100
1111000000000
0011110000101111011110
001011101
00010100000111
0011011
0100100000111010000011
100000
10010111100011001111111010101
01010100010001010001010101000
010
101111001100010
11001011000001110101010
11011011011000111001111101101
11001100010000010100
011101111010100000
101010110110011011100111110
01111011010001111000100100
101010011110000101100101100010
000000000
0101011
0011110
1
111101
111001010000101111101000111000
010100100111000
11111010101
10001
01111000111000000
11100101101
1001000100000011101001101100101
101101110100001001110000
1000101000111
01100010110010110001010111111010
00
000000
111011000000001101111000
1111101011001
1
01101110111001100101000
110
0001001101011011001101110001000
11011110101000111111000000
011100101
00111100111
110010
01101111000010100111000
11101110111111001111001000
00
01001101000000
010000
1001000
011100011100101111000
1101101001101101111100001000000
11000111001101100100101100100
1001000
01100011110001010011001011010000
010111
010100000001110100111000
0110010010010011010011000
01100000
010000010011110101101101010011
110
00101010000000000101101011001111
11000000100001100010000
010101011000011100
01000010000
00111010011011100
011010111000
00011101101001010
10110
0101101011010100
0100
01101
01100101000010101001100001000000
0011101011110010101000000110000
00000101011000
00101011011111101000000111001
1100011
00000
10101010100010001000
011001010011111111000
0110000101100
110001000100100111000000000
1111100100011110110100000
0111101001
11101101010100101000
11010011000100010100100111
1101110011110011100000000010000
0010011110100000
0110011
0011000000
1001110001111011111000000
10001101110
0111001111
11001000010011
100001111111101110000010000
11100
110010100100100
0111001000101011100100011100011
10110011110000000110000001100000
0001111101
01011101101100000
1000000
0001101011111
0
11010111000
00000101011111011000
00011001111011101000110
00001010010011100111101011100110
10101101101111011000111000
001110010101001001101110
0100001001011110000100001001001
001111000101101110
00010001101111000111
110000111101111000
100001010
110100011100101111100001100011
00
0000
0011000100010101101111110110
1101000
1
11011001101110111110111
0010011000111
00110100101110000
1111001101011000000010000
0101010000
00
0001001001101011000
0110001010011111000
1111010000010000
00100
000
10001000
1000010111000101101000
1011000
01001011110110010011101000000
11
011010111101001001111010010000
001101010001100000
1110010100000110111100111000
1
11101000110101010100000000
11001100101001110010111100000
000010110011100111111000000
11100111000011110000100111
0011110111100010000000011
000101110010
111110000
000
110000000100111101110010100000
0
0000011110101101000000101100000
001101110011111100100100
1101100100000000101010101101000
0111011010100110010100
0011000000010101001011010111
100001110001101111
01111111101000100110110011
0101000100
111011111000
001000101001110001110101011
0111101110010001110010011111
10001001001101000000
1000100101110111111011111110100
10000010110000
000111100011001000
01111011011001101101001101000
0010100101000
111110001101110001101000
010100000001011
01111100110110
111001100010000000
01000111011110
11010011101001101000100010011000
0100101100110110101100001
0000
000100011011000000000
0100000
1011110101111
00000001000100111011110000
10100010100011
00000110011110101001101011000
001101000
011110111111000
100010100001111101011011000000
00000110111000
10110111101000
0000100010010
0001
1001111100000
10101001111010010001001110001010
010011100011001001
1111010101100
0100011110111000101101110000
01001100011011100110000100
101111
1011101000001100011
0000001110000111110000
01101100
0110101000
00011000
0101110000110010000
0010100000110010011001010000
00001011000
101011110100100
01001010001000
000010100000010100010001101011
101011101111100000000010111
001101000
0
0001010010111010110000010010000
110010
00010010101111001100011010110101
11111110010100011011011111000
001000000110100000100100001010
100110010110010011001
001100111110010110000111000
011000
11001011011000111100010000011000
0111
000000000101101001000100110110
00000100001000
010101001011011001111001000
00111010100100110001110001000
10111100011100001000
0101010101100000010001011001011
1010111001011000
01001110111011000
1000001001000
01011110010101111111
01100000
11011001000101111
1111100001100011
00000111110000
11000
000
11111010100101100110011001010
110010011000
11111010101111000010000
0
00001111011000
011001100110000
0101001111010111010111101011
01100111000
10100000100000
1101010010110111010011011101
111101101011011100110100
1000
10000
1011011000110100000
10101111101101101110110000
10
11101011
00110
111100
10000101010101000010010101010000
110001101001011000
01010
0010101100010101111000
01000
0010101
00110000
000000100000101100100001
11
11010011100101000
1000011110111010010110110110
110000011000101010100000000
0110100000001100111011000001000
11101001110110111111010
11101101001000
00001010011110000
11111011101001000100110000000
11000010000
001001001110011101
100000001111
001010111111011000
100101100000
01110100010
00101001000
11000
0111110011
000001001111
100000011000
1011000
11011000
00111001001100000110
01111011000
01010000
1100100011110111110001110
01100100011
0000011001110111000010111000
011101011100010100
0011100010010010100001
11011111010100010111011000
100000110111000
1001000001000110100010111110
11110110000000101001111110111
100101101
0001000000100011110100011010000
00000000111011010100
1
100111110001100
01001000110011000100000
11000110100010
010111111100010110
011001110000
00101010000110
11101111101101111101000
0000000
1001001100111001001101110000
000110110100100001100000
11
000011111011
1100
0010001000000100001001
1010010010010010010010110010111
0110010010000
00001
0010000100011111001101011
001101100000011001000
001101000100011100001
111001110100010000
00010000
000111110
0100010000110000010101000000
0101010000
01011000011000010010101
0100000
0111110101100001
0000100000
1111110101101000000000000
00010110010000
01101000
001000
000000
110110
0100011110100
100010101010111
000
111000001000011100110000
101101011111
0111000001101001
01010101110100110000
01101011111100100111101101000
1100111000
0111100011101001001000000
01101111001111000011100010000
10
011101100010101001000000000000
00001100000
101001101101110001
1011111001001000
1
010101010000
00
10111001
010000000000100101000
0010000111011110
010001011001000111011000000
10100011101011011101111110
10111100110011101100011101101000
1
000
00001111100101100000011
000011010000110011000010110010
00100110000
11101011010
111101111111000110001010110011
0
1011000011110100110110010
000110110110010011011000111
1111110001101010
01010111001010001100110001001000
100110001110111000001000
1001001010000001001
100110000101
010101111111101110111100001
10111011001111100100011
0000100101001000
0000
101000
00010110
001010010110000
100111001000101010110010000
0100001001011101001000110111110
10011
011100101100111000
1
1100100000
000000
110010010110000101000
100011111110011110000
0100000101010101110
0110011
000101011110111000101010
1110010000111011110100
1111011000001011101
11
0010001101010100001111000
0100000010111100000
001000
0110010100000010110000
1011100010100011000000
01111001001000011000001111000
001110111000
1001001011011000
01100000
11111101100000
10101111011111110110000
010100011010
111010100100010010000
110111000000001100100
0101100010
10010111000
01100101011101000100000
011100000001110101110101
000010110110011111000
01101010110101000000
01011011000111011000000
0111010100000
1111111101011
0001011110001011010
01010010000000110001110010101000
111000
01
110101101111011110
01010000001111000
110110
0111110011011111001100111
000101110110111110011000
001100000
10000100010100110110011001101000
000000000
111110001000011011010011
011
10100011110101000
0111101001100000101000
00100110000100010000
01011011000010000
101111000
11000
01100111
0000100010101011010
101011101010000000101001
1011011110101111001110011101
01010101001110100
00110000100100111101010011111
1000111101110001011101
101110000001100001000
011101110110000111100100101100
1
100000
000
1010101000111010000110001
0001011000111100101101110000111
0000010011110001000
000010001011
00010000011000110110000
00011000101000111011110011100
000011001010100
10110101101110100000010001000
001001101010001111100000
01111011100101111001001000
110001101011
01000010011000
0
0111000010101110011100100000010
0110000110011010000
00101001
001001100111001101001010110
011100000100
111111000110
11001001010000
101000111010000
001
00011110101100011000
11
001000001010111000001100011000
11110000
1011111110
1010111001000011
10101001010101110100000
111100110111100000111011
0011010010111000
10000101101010000110001
0111
0010000110011100010
100011000100001111110000
01110111110111100000100010
01000100000
10111110000010000100011000
00
1101111111001010011
10010101000
11011011001000100010000
001111010111
001111000
11101101011100110101010110
101010000
00
00
0101101001001100001000
1100010101000111001000
000001001000011101100001
001000111010111
10101000110110001000
0111101100110000001010111
01000
100001011000101010001110000
11000
101111
0001011011100001010000110
001100010011100010001001001
111101
110000
100100000010110001100101000
0010000100100001000010
011010110000000000
1000000110111111111011
0010110010000
101100111111000011001
001111011000000
1000011000
11000111100000
1101110000110000
000011000
100
11
100010100100111
011000110111111101
0111011000010111000
11010001110110110010111010000
1111001001000100111110001110000
000100100
000010110000
1000011000110110111110111101
11011010
1111011010000101000
011111000000100111100111001000
1011101000010110000
1110100010100001001111
1101111111010111100100101000
000
01100111011111011000101000001111
110011011
10100111000
0000
110000001110100111001110110
0111001010111111000
01101011001001
1101
01000100101110100000110101110100
10010000001011010000
000011011010000110000111110000
001010010010011100000100011
1010000
00
11111000110000111000111000000100
0011000011
1011111110111000000000
001000
000
1011000100011
000100000101000111101100001111
1100100010011011111111010000
011100001000
0101010001110101100
001
0
11000000
1011111010001111011100111
1001001100100101000101001
0011
11111010110101001000111101001111
1110100101011010101001000
1010000100101000101000111000
001010111101011011000
0111111000011101000000
1010011101
101010
010100101011000110100001
001110110101101001001
001100110001111000100101101000
0000001000011011011001110111000
11110110100110111
000
000
0100011010001001000
10
0
01100000100010100011111001011001
100100111001011100
1000001100010110
10000
011
1010100100101101
1101110100000001110101000
100011001110010110100001000
1001000000101111110000100101000
111100000001001111111111000
0100111101101101000001000
011011110000100000100000
1010111001011110
1000110101101
0011001110001000100101111001000
101101
10110000100010001000110
10110110001100010000001
0011101110111110000
100010101100001000
101111000001001010101110010
010110111000001110000
1011100011010110001101000
10110101110011110111000
101001000111011110111001111101
10001101010100111000010111100000
0
01100
11011100111100100111111100000101
10010011
1100100101100010000101
100010100101000
0111101001100011011100010100
1100011100101001110111
11
0110001011100011110101011000110
111000000101011000
11100111001001000011
110101111110010011100010010
10001000100001001011001000
1110000000001000001100111000
001111100
01010000001100111000100000
00101010001011001000011100111
00
10011011
0100111011010100
1101101111111110000011010000
00000011010001010010100100100000
0010110
111001101001000
11111101101100000001100
0110001101001001111011111101000
11011
11000111000101000
011000110100011011000
00111011
0111001001010000
001100111010111111
1100011110000
10000101
01101110001101110101110101110011
1101011001111111110
01100110100111001010110011001000
011111001001111010
0001101000010
100
0001110010001110001101010011001
00110
001100111000
1100110000000110011101110000
00011
1001010101000111010000
10110000010111011111010
101010100101100000
00011011001011110
000011111100101111101111011010
00
1111111111101100001110010111000
010001100000
00
101001110000010001111000101000
1100
01001101100100000
100111000011101111111001
110111101101110001101011000
11001011
10110110100010100000
11010101000001000
001101001010000
101111110000001010100111001000
1110
00110100
10010110000100001111111000
01
1111111001010000
1101101011011010110001000100111
010011111111110101101011110000
011100110100100111001101001000
110101101011110001
111101110100
00111000
101011111110000011010111011000
11110111101110110100000011110
00101000
00000
11110111101101000
10101000100101111011
0011001000
000
