110011110100000001101011011000
100101100101111101001000
1000110100001
11011100110100011110100101001011
1100110001
00110111111001010111010011010011
000010011000
1110000101000101001000000
1110
11101101101101111100100
000011110000111110000
001010
00001001010110100000100001000
000011000101111110000011
00110010000000011111
1101110001111110100000
00010001110110111110110100100100
01101111
00001000101011011011110101001000
00000
01110
001001101110001
000
001101010111011000110110100000
111110111001110010000
1111010000
1110101101000
00000111101111100
11000
11110001001010
001100111100
1010001011011011
1
11001100000
1000010000
011010000010110111100001
1000010000
010010011110100001100011011100
110101111100011110101011101011
0111100000111000
1000
01000100000111110000101000
00011111001101001011010
0101010010100010001001000000
000010001000
0010001010111101000
100100
1001001000
1100001010100101000
00111101000110
0100100001011111101000000
1010000
1001001
0000001100000110111
01000
011111110010111
1001101
01001100110
1001101011101001100100
1111011101100100001
10000000011110
0011010
10000
0011011010011101110111110000
010111000
0011101101000
101
1
1001010
011110010
10111101000101
0011000
01110101111
0111110000
011101001000110011
10001010
001100001001000110001
001000001100011110100100111
0001001110001011111010101
0000110111000010111
11010011000001000
0
01000011010001100001011100
1001001111101111000
110011000
0
11110010001100000
11011100111
11000011101001100001110101
101111
0111001001110001000100010000
0
0010011110110000011010110101010
0101110101110000000011001010
1111011101000
000100001
001111
010000
0
101
000011010111100101111000001000
10110100110110001
01111010000011
0101
1001001011101010
010011100001110011100110010000
0101101011001011000
10110101111010000
0101001001000
00011000101001000101011000
0100001111010110101011000101
00011010110111110010111
110010111001010001000
0000100100110111000
010100100111000
00111010100010010111100000
1111100111110010000
1110010101101111110001
101000101111111011000
10101000000111111110000
010101011111111100110000
010
1010000
0011110001100000010010110
0010000
11000
00111111001000000011
01110100110111011000
011000
0
01111111110011100010100110
110110100011001110010111011
1100011011100010
011001001101011000000
1000
110100001000
00100
11000010110110001101
00100101011000111001000
000011
01101110010101100100101111
11010000
100100101011000001101110000
1001100010100000001001110000
01111101111000111000011000
0000
0
101110
1000001111
11110001010000
100000011011010100000
1111110101101001111101000
1010001000
100
1101
100000
0111
1000
000111000101011111000
11010010000
0111011001101000
101000100010111111010110
110111
101100111000010001000110110010
00
00100011110100100110010
010010010111100000
011110
00110010101100101010011011000
1000011110100111010101000
101000000
11111100010011000110111
0111101010110011000
000101001011101101110
10110001000001000
00111111001100001111001
0110010100101100001000
00100010010100101000010010
001101110001111111101000000
10100
1001111
01110110111010011011100000
11110010011011100111110000110000
1101101000011100110110
11001101000001011110001001011
0101000
11000110010010110100001000001
0001000110010001100010011
00101011
1111000010011010101100111001010
11001100001
11
000
101000110111000
0001001100001101100011111111000
0000
100000011100011011111000
101111111001
101110000110000001011001
00010010101011111011000
0100010101101011
00001111110101010011100000
1110101000101010100000
1001010101000
0010111100001
100100000
011101111101010000
110011100111111000101010
10101010
1100000100000
110001010110100111000111
1110001101010011011100100011001
1000100
10100010010001101111001011
0100000111100110000
01101001011001110010100011011011
0000
01011110010101000111011010000
010100011011000011011000
000001101111101010001010111000
111001010001000
1
01000110100000000
1100010111000110
0100101100011011101
11010000111001001000111000
1011101100111000001100000100
000011100001111010100000000
1101
000011010100110000
10001101000
000100100000101011111110110
0110000
001011001101110001101110000
101010000010110010100110000
1
10100100110110
11000101011101010100000001000
00
01101110001111110101
01100110011011101110101001100000
1111101101000000
1100010110000011001100
1101100101000
0000
1010111011110100
1101001011
11001
0111000
0000011001100
100111100101
00111011111100011111101
10011001110000110
0101010111101001001000
1000000
000000010111
001110110011000
1111111010111110100001
000
00100000
0000000
110011110000010000
11101110000101011111111010000
11110100111100101111110000
0100011001001011100001101
01011111100000
011000110011
10100100
00011010111000
01000
1110111111100101000000011100
0000000
00011010101010111011111101011
00000111101011000
010110000001010110001000
00110010100011111
1000011010
010011001000
110101010000000
111001000
0110101000100100110010001011000
01100
00000000
0001000
101000
1111101101000
0100011100
0101101000
01000000000
0111100001110010
010010011100
0010100011010011011000
00001011
00010110111011111011111111100
1011111100000
0
110000111101111
011011110100110100
10001101111000
01100000
11011101111011101001111000011000
010110
10100101001011110
1011010110011
001011010110001101000011010
00000
100101011111100101101000
01011110001000
00100010001110
111111000011110101
110
1000111111001000000
11010
100
000
01000110001101011000
0001110101111
011001100001011111001110110
001010000
111110011110011100001001011
00011000001101001110011100010100
01100101011111000
011110100000110100
011011110011001000
0100001101001000
11111101011011000
11110100011110010010110
110101010001010111011010
0100011101001000101011010111011
00001000111001011111001
110000001110101010110100
01100110101
0111001001110100110
010000
0101001100010000
1101010011111110010010100111000
0111100
0110101110011101100011010000
0111100110110000
100100111001000111111000000
10011011111000
100001000
010100001
01110110101111010100010110110101
01111100100111001010101111
1
00100111001011101000
000110000010000
100000000
01010001101000100001100001001
100100011100010000
0101110011110000100
001100011000
1001101010000010101100000
000111011
1100000101
0011011100011110011
111110001100011001001100
10001001111000
0100101000000100
101001000
00001000
110100000111
00100001000110000111
0110001101000
00001001001
101101101001001000000
01110010011101001010000010
110110101
10111101000
1001101010011001001001000000
00011110011
0101100001000
011011110011111011
111100010101111
11101111011100
100000100111010000000111100000
011101000
1001010000
000
1001111100001110000000
00011000001010000
0011110000000100010101110001011
1100111
110000
00000
1011100100001000000
001001100010111100100
1000101100
0010000
10100111011100000
10000000100100
01101110110100101110101
0101110111010111001000
0100100100110011011101011111
11001111
1000
101100000000110010100100001000
00
1110111000110101000110100101000
11011100100111001
01100111111111011110001101
0010
00110011110000
01101010111110101001
110101100011110010111011001010
1101111101000001110000011110010
10001001100100011011001010110111
1111101
100111
110001100010100001000
100010
110
01010010100110101100110111000
00
0010101010000
1010101000
110111101101100101
1000000
111111110000000
01101110110001011111001101000
01000
0
01101001111011000
11101110000110000000
10000011110110
0010110001011100
11001011110011111101100101110
111111001
1101100101100110101001011000
10010001000001011
0000100010000
10110001000001000
000
0101000011001000
1011101111110111100101110110011
10
11001010111000100000
100101010111001100
000001
0001
111110011010001000
00001110011111110000
0101011011101001001010110010
10
010111011010000000
1011010000011110101110
110011100011000
10101110110101101011001101111011
1000001000000000
1100110001000111101010011001010
010011111001000111011010
0101111101000
101010000
00011101001101100000
10101
101111110101110011011011
000101110011000
0100011000110110001
111000000111011100100111111
01
10100010001100001010101011100000
100000111111000
1001110101010110000100111111
0110001011110000
010010111101111
111000000
0011101010011001001000100011
000111011000100101101
0101110010111001010011111000000
10010111000100101110101110100000
110101011111010
1100001001110000110101
111111001100011100010
10111000101000000
0001011011101100010111110011
1111000
00
011111100111111011111110111000
101110010101110000
10110001000010101001001010
10111100000101110
1100011000
10011111111011010101100101000011
101000
00
100011101001100000
01111101001010011011011010000
011000011010000
110001000010110000100000
1010101110111000
101111001001101100101000
1100000111001110100110
0111110000111110010010111000
01011001110111000010000
0
1111010100001
1010001101000
11100111110
00000100010
11101010
11000000
1000110110
10110001111110010001000
1
00101111010000101000101110010
01000
00001010110010010101011110000
0100000111111001001110100000110
1110
01100111000
00001010000100100110100
0000001000
11001000100100000011001110
01000000111110110000001010010111
001001101010100111011101110101
001011000011111110111000
000011
010001001100001000110000
001000
011010110000000000100111111000
1000011
100010000
00111100000011010110011011
10010
000010001
1110010101110100011
01011100100011001000110010110000
00010111001110011111011000
110001011001110000
001110010000
000
101010
0010000
100011000101100000101010001000
101110111110000000100001000
1011101110010010101000001100000
00
001110011000100101
0001
100000100110000
01101100000100001101110
10001110
110011
011100011001101100011100000
00001011110011110000
1001101100011100110100101101011
001000110001011
100000111111001000101
100100011011000001000
000001000
1101000
100001001100101101010011
101010011011000
1000
1001010010000
0000101001111101101010101
01111100111000101101
0
1001010111101111001000
0110001011110101000000000
11101000
11010000011000111101010
001110010100000
00
001110111010000011110011101010
01100101111100000001
111101000
100010111001010001100
01001111101100100
00100110000011111
111001101100000
01100110101
0101000
011111000
11100001111010100000
010111000
01010000110001
11110000110110001001100
1000001110010010001000
10011110100011110101
010000
1001111101010100110010001
0101000111110111111101001000
0111111
01000010000000
111000100001010101110000000000
11001010000
101011101011101010100
1010111000
11110010010000
011000010101000
10000
011011001
00001100111011010110000111000100
110101000
001011101111100101110011100011
101000100100011100111000100
1000000001101010
10000
10111100001
10011100110110010100110110
0000
10000100001110000
110101010100000010000111100000
0111101
11000110111101100000
0
00111110
110011111110110110000
01011110010000
000
110000110101001000100100000
00
11010100
011000
0010110110000101111011000100
0101111011110000000111
011111000010101111001010001001
110111001000
01110001011000
0100010011000001
0011111110101000
001110011101
0010100001111110100
000
10000
11110000
00011
11001111000000
0001010011011101100101010101
00000110000
011000000
11000
001100000
01000001100000
000011101101100000
00000
01110
10000
000000000100101100100111
00111101100101000000010000
1111101101
1010011000
100
101111000
1
11110000111011000101
1101110010000
111100010111001110001011001000
001001
011001111110010100000101001011
1101110000
100111111111
1
1000011100100000110111
1011001011011101001100110
1011
01111110000
00011011
10010000111110101101101000
1101100100000
0100110101001000100000
1100111100110000
0000
0000110111001000
01
01000111110101110101
0001011110000
0111001100000111000
110100000000001010110
111
0100110101011110001100000010000
011010000
10100100110011000001
11100011000111
0001000
1110101101111001100110
101110001000
011110101001010000
00111111100001110
000
1001110111010011001
0010110011010101011011010
00110000010010101011000
0010110001011101011010000
01011110101010010000110110000
10010010101010011101111111011
11100110
0001001101110001010010101000
11010001100101110111010
1100100010100000010000
01100001011101000100110000
000011111
11100100011110001011101011101
001101011
1
010011101011
10010111000
0111111000100100101111001101110
0010011000100010
011111011111100
01110
10101111010101110111011111000
0001001001111111011000
1111101000
1101101101101100100011101
010000001001000
0
11010101111111010001001110
00000010000010001000
11000
01000010010010110000
0011000001
111110000000
110000101001100
1110001
1010110111010000
000011010000011000
0000
000000101101
001011000100000
010010000
1010011111011011111000
0001101010110111001100100110
0101100001000000
011100001010010111100011010000
1100100
100101001010001011000110000
11000100011011
10101000
001100101111110110001100110
1101011001111100
1001011001
011011110010001000
11
1001101010101000100101010000
1
11011000
011010100110001000
111110
111001000111100100101100
0010
110110011101011010
10011100010010010011000
101111001110001000
0111110000
110101110000
000000111110000
1000010
101000
0110101010000011111000000
1101010101001110000111100111011
000111010000000
10011
11111111101010111111111
0101111001001111
0111
111101101010110100100010111
0011000001110101000
110
0110001100011010101000001
00111101111100000100011
1110010010011000
011111001
01011001001011011110010001011
001100001110010001010000000
000101110100100100100001110010
11001001010001111000010000
101011001010110111000
1110000
11001
1111101000
01101011001101010010010110
001111100011000
1110110001100010
001011001111010010101000
000110100111001010111
000100111000
1000110100000101111010
1110010101011011001010000110
001001011110011110000
1110010100000000
0011001001100111000
000
00110011001110111011000
0001000
00
1011110
101110100011101010
111001000100110110000
10000010010011010010111001111000
001011011010010111111111011
01000000100111001000
0001101001110001000
00
001010111101
110100000101010
00
01001010000100000011
00101000
000
011000
000
1011101011101111110111110000000
000011111101110000100001101000
1010000111100010011000
1111010100000001100010010000001
1001001110100001101000
10010100100110100110000000
1010000000
100111001011000
0010010000011011000011110000
0111010101001011001011110001001
10001011000010000
110100111000
11101110000101110100111000001
101011111100
01000
11001000000
0000
100110011011000110100011001000
110011101010
01111101110001000111101
01110110010000
01110100111110110010111101101000
010001100011010111100
101110100100110101101000
0011000
11100110000010000101011010
101101000
11100000011111000110001011100011
0
01011000101010000100011010
111000100100011001
10
10000000001
101111101011
0101100000100000101
101110101010011011100000
110
10110100111110010001001000010000
11110011110111
01111010011110100101010001100101
01011000
1110010111111010000010000000
0010001111000011001011000
111010001
0110
101100011100001000100000
0100101000100101110011
00011
11000010110011100111000100010000
10100011110101101
0011010100111010111101010101000
000011100110
1010000
001011
1111001100110000111010101001
101000110010100
01001011111110000110111101010100
00110010101001000
0011101001111001100111001001
0010011110010110
11011110011110000010111101011
11011101100001111011011000000
01110001111101101000
01100010100010001000100
01100101001010100101110010111110
1001110111011000
001000
0011111110111101000000
111011011111010000
11000
0101001011111
01010111011101000
111110100
00
00
11100111111100010
11010
1100100
11000111111
00011101100000
011100010101001000011010111110
0011011000000011110000100
11001101
01100110110111000
111111
10010000100110110000
110000
11010001000000
01000
1000000
0011111011101101
000111111110111101000000000110
101000
1101001010100101100101001001000
10111001101010101
110110101001000
011110011001111001110101100111
00001010
0100
0011101101011
00110110011000010111111101110000
010001000000001101110010000
10011010110101001000101010000
001010001111001
00
101011011001
1110001000
100111010000
001000110000010110110000
0101000111000000
11101000010111010001000010
11000
11011100111111101000
1010000100000
1
1001001111100011000
00001
01001011011011101001
00000001010
00101010010101110101000
0111010110001
100100
111100101
00011101110111011100000101001000
100010001111000010000
10000101100111001001111110010
0010001000001010111110000
0000010001000111000000
11010011110
0101010100000110000101000
10111101
1000000001110110000110111000
001000001100100111101001110110
01110000
10101000
11011101110010000111110
0101001101101001101100110111
0101110
10100100110100100110111011010000
011101
0101101
1100000001110100111110000
1101011100110110
000000111
1001100110101110001000000
10100110000011001
111011010111000
1101000
010011000110011011
1100101001100000111001100
000
00
01000
10001001010011
0011100101001010
10011011101110100011000110111000
1
1011010001100110110110
1001100110111011110100011000
11001110010000000
110100
10101001001011011010001100101000
0000100101111001101101100011010
100010011000110
11011111111101011010000
1011001
0011010100110001
1111
0100010000010001101001
01111
10101010001110
011111010100010011011000000000
10000
0001111100100100101001111100
1010010101001111101000011001000
1010110000
11100100110
1110001
1110000
11100111011000001011110110101101
100100110001010000
10010111110010110110111000
10001101101
1000101001000
10101101110000001001111100010
100000
001011001000001111000
01011001011101
0000010110001011010011100101000
11001101
000110010011110110000
1110010111001000110001000011011
0000
1110100000010000
10100000001110000
11110101100110101000110000
0110010111000111
0111011010011100000
000101111000000011011100110101
0110011001110110011100000
00011001011111
100011010000
001110001110111100010011101111
101
1111111
1011111111101100011110100100
10111000101011001110001011001
101100110101010001
01010101100011001000100000000
11100100110100000010111001010
00010011010000000000111111100
0000
111
011110111111011101001000110
001001001101110000000000
000010100
11000001100100101100110100000
101011000010111
0010111000
01000101110110010001000
0010111101110000
0100000
01001111110101101110110100011000
100100101101010100
0101111111000011111000
11010
000001101011101000
00011010001001010110110100101000
111101000
111110011100110
011110101000111000110110
01000101111000
101011011100
1100111101001111000
0010101000111111101110110
101110011111101001
0100111000001011001001000000
00111000010101011000
01001100011010100000001001000010
11001011
01000010001010001011001010101
01011100
000
100101111011000
001011010011
1100011100
101000011100000101000
100101101010100100000101011000
001100001000111100101
110001
101000101010100000
00000101001111000000
10101111110111111101000110010
111101100011
0010001001110010011110110001100
010
10011100101011101111001
11000
11100100010111010000101000100000
1
1100100011101111110000100110000
111000110101010011101001011
11101011100
1010000111101
000001010000011
01100
00101111100001100001000110011000
000101100
000100010010010100
10011001000011110111010100000
010111100010000
1011101011111111010
0011000100101110010001010
01011001010111000101000010010010
10010110011001110001
1
0101111111001111000
10100110
1100110100111001110111111100000
10100000
1011100011100100111101110010000
00011000101010000100
000011100000111
001011001010100100010000011001
10010
1101001100000010011000000101000
10000
00101111111011000100111000
111100001
00000000111111000
10
11111000000000
1000011010000010001101011
0100011000100000100
1001011
10000110001011010000111101
0000
01001000001001000
11110000111000110100101000
11
001010000
001100111000000000000111011000
011
1000011100011
1010010101110101101011110111
10011101101110
0011110011101001100000111011
1111001
110000
010001110100101011110110000
1000
1110
1011101100
010100111110011000
0010011000
1111000
001010011000010000
011111000
10101000111100000
01101110101010101000000
000110010111101010011000
1001001010101001001101000
1000011111110111111100100111
11101000001001010
00011101111111101001111111010
00111011101111110000
1001111110101111011100011101000
00100110110010111000
1
1001010011
1000010100011001101000010001
1001001010101
1010000
010100001110111110
00011110111000
010111101001101001101010
000101001011101110111011111000
0
1010001100
010111110101101000
11001100
1000010101010010101000000
1010110111110111001000
1000011101111000
00100000
0000111010
111010101011110110
011110011010001110110010101011
010111101111
1101100010001001001000
111000111001111
0000011110001
00
11100000111
1000011111101110101100000
10100110010111101101
100011001010011010010110001000
11011110100000010011110100011100
100100011
000100101000000000
11000
1001110110
0100110010000
0100000000000
000
00011100101000
000
0110110100011110000
00011000111110011100100000011
10110111111011
00101010010000
10000001110000
111011111010100001011111001
1000
1001011011001111
1011101100110100011110111100011
1110000
0000000110000
101000110101101011100000
0110011100101110101
011011100001110011000000
1111011000100000001
10100101110101001010010010000
1
00
00011
000
1110011100
00000
1001101001010101111011111010000
001100000011110101000
01101110010111000
11
1100001100000001000
1111110000
0001101111011011111
111100101001101010101000
1000
100101001100101101010000
0111011010010101101101000000
00011011110
0000001010110101010100000
10000
100001010000001011101000001000
1100000101111111101010110010011
100010101100100001010101010010
1
1100101011
10010001010111000100100000001000
011001111110000110
011010010010000010010
1011010001000011
1010010110000
1001111000011001010100001
00000001000100111110111000101
000
10001010111110111
11111010011100111100
001101101101000
10000100111100111
11001000
1110101110111110001000011000
101110011100001000110101100000
0000
0001001110000
01001100110010111000100000
101011111110101100
01001110100111100101000
1001011100110011111100011000
1
111111011010001
0010101000
11000
011110100110000010101
111111011110100111010010100000
000
101
00101001000
01110001000110100101101011110
001101111011000001110000010000
0011011
11001110110001001
00
001011110010101111111
0011010011100000
10110100101011100011101011000
100010
11110110000
0001110001011010000100100100000
00001001000001011010011110
100100001111110011000011000000
001011100011101000111010
10110110011001010010011000110
00010
0100100011001010
00110000111101011001000010001000
101010100000001110101101000
1000111010001
110011100000000000010111110000
1010000101
00110010100000
001111010010010000100
0100010100011101111000010011000
10011011101001
00100100110000010101
11000100111000
1100101110000111000
001000000
01100111110000100101000
11000100011
001111000
00111110001100000
100110010001010
10101001000
10101000110010001000000011000
011101001001000
0
0111100110001010110100000
001101010000
000100100100011011111100110
11001011011
1010111100010000000000
01010001110100111101000111011000
01011000100101011111011110
01101011000011110000
1101100110100100000110
0001000
00101000011000101000
111111000011101000001
01
01001100111000000
001110110011010101111010
01000110001000
0011110110011100001
110011011111000100001011110
100010001000
00110011001000010101001001110001
0010000000110011011111101
01011100000
101110011111
011110111011000101101110010010
00
1110111110000010000010111100
0
0010011001110111
00
10110011000111101010001010110000
110111111000110000
001011000011010
0000010
01111
0
001000110110011001110011100000
1010001001101001101100011
101000
101
101001000
111000101000111
10110001100100100110011000
11011110101110001011101011100010
1101000
0000
000101111001111001111110100000
001100001111010101011000
001111110100111110100111110111
01100001000
1000101101
0000111001001111001010
011100111000
0000111001011000
0110000011100100100111000000000
1101001101010110011000001000000
110101110
0010011001010010
1001000011
00100001
01111010101100101101100000
000001001111001110000110011
110101101011
1101000010110110011000
10101011000
011001100011001111
00
010011011000
00011001011110010
000
0010101000
1001110111
1010000
1001110101110010101010
111100101001000011011111001010
01000101000010110001101101110001
1111110000
0
000
00
01001000111011
0111000111110001101110001001110
1010010100000010001011101011000
0100000
01111000100010000101101011010000
1001001110110101011
001001001110111101000100100000
1100011000111101011110111000101
110
0000111101001
10000101001001
0001110011001111001011001110
110111000010011000
01000
010010101101110100011011010000
111100001
111011
00010101000
110100010001100001100000
1001100000110100
111100001001110010100000
010011010000
11100100101100101110100000
0010011101010101000
01110
010100001110100101111000
0011011001100111101000111000
111001000
01111100111111011100100000
010100010110100110110011000
11101011101011110010100
000
111011001010000
011101
10100001011
1111010101000011011
0
1001111011000
000011010111000
100000
111001010111101101101000
11110
11000101011011101000
100110111101010100001110001001
1
10000101100000
00011001000
00100110010111
00
00001101111110101010
110110100110100011
00010000100010
111100001010111010000
1010101110
1000
001110111001100101
10100000111000
1010100101100010111101000
1000
00100100100
11001101111001100001111111010000
10111010111
0100101110100110101
11001010000
110001000010000100000111000
00
11101001
11
00
1
010111001100101011
0011
11000
0111111101000010011000100001111
11
00100110110001100111010010
11001100101110000111
10
1011
11000000
10011100100110101111
0110010101000111000010000000000
1111100001000
11101101101111110010000011000
1101010101101100110011000
11100000100100011
001000011011
01001110101000
1100111011011011000
110110010000
000101011111100001111110100000
10100000
00000
1111000
11
101000111011000
1001000011001
00101101101011010001110100
11010011011100100011
1101100011110001
1000100110100100011111000000
01101110110101011000
000
0100110011101100111110000
001110000
101000101100110011001000
111010011111101000
00111000001010000
0011101111011111001000101011001
100110010
1001010010111100100101011110
0010100101110101000100
000111000111010011101
1111011000011011011010
01
0010000
10010000111100000110101
10100
0101000011001101110110000111000
01
0111010011000
011011010001111100010000001
011000110011100001000
10000011
1111111000
100011
0100
010010000
001100000
1000000
010101001001011100001101
101110000
1101101001001101111000011100000
1010011010000000111111011
101101010000110110000
011101111001000
110110011001
111001101101010
000110111110100
1011001
010001110110000
100100000001000
001000
101011101
010101
010
011110000101110010000
0100011001010000010010111000000
1000110110001
011100111101000
100110110001010111010101
1010
0001000
0000
110110100000111100001111010011
0
10111010001010100110100111
0000011
100011001111110111111001101
001000
10110011000101101011100111010001
11010
0101111101100010000000001000
01001010010001101101
00000
1000111000
10110000
00110010011000101011111
111110100
10011110
1
0100001111111001001
011101001000011
000000
00011101000001
10001100010101001101110
00000010111011000
100000
0110001101111111011111111
0000
01111011001
00001001101101100001000
10010011110100
001110101010111011010100000
11011110010110000
11101011
11000
0000
00011100000010001011010010111010
1001001111111001011111010000
01000100000000001110010110
0001010100001000
1101110010111000110010011011100
011011100111100000
011001000111000
111011
0110001001100110001100011100000
10111000
0000
0001010010110010111
01111001000111
11001100001010010000
00010010101
00010110100101001100000
00111011100101011001001100011
00000100110111010100101000
01111010001000
1111000
01101111100011000
000011101001100100110110000
0000101101010110100011100
010010000000100001110000111
1000001000001001110
0111111101001000000010010011010
1010010000
010000
011101011100111
11001000010011011010100101000000
0010
0110110011010001001
10011000000100011010000000
0
0111001101110000
110000011100101100111000000
0111001101000000
110101100001101101000010110010
00101000100110110011101
1000111
100101010010111
0000
0000010100001010000011
1110001011110
1010001111000110
00000010110000
11111110011
0010111110001101011011011
011110001100000
1111100000000
01111000101110001010110010000
10000111111011101001001010011101
1011001000110010110001111001101
110110110010100000
101001000101000001
101
101100011110000010100000
1110101000
1110110000010000
010000
11001011000
110100
101
1000100110
0010111
00001011110100000
0010100011
010101011101011101110
010011110110
010001011010101000000011100101
110000010011011000011001000
110111101001111000
1001011001101001001000
1010000001000000
11
1111
11
00
101001101000001001101100001111
00110101111000
1100101100001000100111111000
011010001111001100000
0
11101000010001010001001101110
101110011011000000000
1110
10
001101101001011
1110101000
01000010000
000110110010101011110000
0010
01000
01111100000
00000010111
00
11101000111110011101
0110111
10100110011101101000000
100010011110001000
10110111111100101000
01000010001111111000111011111000
001111000
1111001000100001001
0000
011001100101000110
100010100010110110001111100000
11010100000
101101110001
101001000101100011100110
000001110100001110010011100111
10001001001000
001111111011111
000000101010
0101011000000
0001110011011101001000111011000
0100111010011001000111100010001
00
0010001000111110110100000010
11000
1000111101101001111110101010000
101011010111100001100
111110011010101
001100110010101000
1111
0000111001010110111000001
0101000
010100011111110110100000
100101010000100000000
0000100110011000
01110000010101111010000
1110010000110101000
10111011100001001011110
10010010000
1110000110111110111010011000
0000010100
101000
111111011000001
0010111011111101
10011001110
010
00110000
00010100000
0111100101101111001101
1111010011000
0111111010100
00010000100110
10000100001011100110001000110000
11111000000001010000000
111010010000
11010101101000010110111111110000
0111011110000101101010000001
111101111010100110
0000111010100001010101101111
100101101010001001100001101
00110100110000
0100010
000111010000001001000
011100101011
11100011100000010000
0000111100100111011101000001
1000100100111110010
000110
10111110011111010100100000
0
1110101110000101
1010000
1100
011101111010110110011110
100000111111001101100010
11101000000000010111010001000
011100111101101101100110110
01100000101111110000
10101111101000110100000
0010101011000001001000
111100001100000011110
00001001000111001111
1000111010111110011000011110000
1010000000100110110011
0001101111100111111111010111
10
11101110111010000
001100000000100001111101001100
1000001100010000000
1110000001000
1000
001000001000111000
11100100000111000
000100100011001011110101000
11100101110000111001110001110
11101101
01110001000
010000100000
01001000010101111
1011011000
0000011110001001001000
1000110
10101010101010000101001010100
0110100110111100101
0110011100000111111011100
0110100101001011001111111100
000
01111101000011110110011111101000
1100110001000
00000010000100
110001000001110101100010
1000100110000
000011111001010110101010000
10110000
00001100100
1111100101001011010101011110
1111110100100010
1000
110000010110111001
001110
01010101100
0010111100010011010000010
1001010111100100011
010111000000
1010101101111001
00111101001010111100110110100
1011000001100010
01010
1011101
1111110111111111001111000
011010101000001
111110
0100
101100101011010110000010110
10011001101101100101101000
1100100111100100001010110000
00011010011011000101100000
110110010000011010011000100000
0110110110111001100010
1011111001010101101010011010000
11000001010110
0011010101000011111011000
1000001000
10110000000
0000100101001001000110110
100111010011111011010001010000
01110
11100111101100111011001100
0111011000000
0011001001110000
11000111011110010100
11100111110000100101
0010000
100010001000
110
0000100110010000010111011000000
1001111011110100011100
110011110111000
1
10011111110110000000
01010101110111100110010
000
000001000011100100011001000
0010101101010110100100000111000
01011001100101101001001110100111
10101010000
111100000011
10000000000
001
010010101
0000000000
00110110
1101100010001010011000110011
1010110101010011010000
11011110000000001101111000
0000101110000101000011001
1101001110010101010000
011110111011011010011
10001110
1000
110101010110001011000
11100101110000011100
111111101000000110101110001111
111000100101110000
101
110011000101101011111011010000
011000110000110110001111100
01101010101000010
01111000000101110000
1001110010010000
0001111
1001000011100110110110000
000010000
00011010010101111
100110100011010001010110000
0000010101000100101011011010000
11000011100110100000110110000
10100100000
01110
1101000
101110000
11000001000
111110110000101101101110100
011010010101001000
10011
1100111101110010000
001101111110001101110100100000
0100100010111010111110010100111
010001101101111011110011
00
101000011110011111111000111
1111111100001001001101010
1001000111
11000
1100110101001001110111010100101
01010000101
1011110111
01101110011001100110
001011011010100011
10110100111001011
01010000111000111000
00101000
11001110
0100011000
000
11111110001100100111000
1
11101
01101011000
110
1011110111010
1101001000
01100001011101110100000010001
0000010000111000100010
00100001001100
1100010000000
01111100000
000100101101000011101001111000
111110110110101011000
011010100000001010010110000
001001100011000
1010000111
1010101
0100111111100110000010100010111
01010101011110010
000101110000110011
010110011010110000100000
10101110100010000
011111010111001001111111100000
011010001000
1100001110
10100111010101010101000000000
11111010
1110101000101100011000101000
10110011011101001001000
0100110110010010110000
11001101000000011101111110101101
1
0000000100000
10000101000
010110010001110110101010111
1
0101101
00110110100001
0
0100001000
1011100101100001001111010100
01010110110
00101110000
0000
0010110
00001011000110
01000111011010000100111101
10100111011101000
0001111010010010001011
01111
0000101110
111001110010110001010000
010100100110010001101010011101
011110000001001101010001010010
01001111010100111100110110000
111100000100000100111011000
10010000
0001000101111000101100111
000110000111
111000
000
0111000101111010000110000
000000111011000
0011011111101000010
0101000
1011010010110010010000000
01011100111100000001011001000
1010
11010
111110000
10010111000
000011101111
1000101111111000
0111110100110010010000010011000
001011110101
100111111011010010
00010010001000011
000100101100101001011
100100101010110001100
00000
000110011101011111110100
101111011010110001000
011110000101000
0100110101001110111111100100
010101100001010010
1000000
1111100111101111100111
000101100110000
011000110001101011
00
1010010001010101100000101000
00001010110111001010101100000
11110001011010011000000
1000010100111110
000
00
1011111101
01111110
00
10111101100100000
11100011101011010001101011100110
00010110110100111
0000010111110101110001001000
00011110000000
00001111101000011000
101111000000101010111001110100
0010010001001101011001111
10000000000011111001000
0001101
0010000
00101111011001010100011
0010000001011111011000
00100111100110010111000
0001
011001110110000
0100000
1100010100000
1001001000111010
011001111110111010000000111011
11
0111000
11010101110011000100101
0001001
10100011000
1011100101010
1100110000101111000100100000
10101010000010000011000
0101100111000111100
1111010
0111000
0001000011101100001011101000
00110
011111010100010011001100000
011101111100100010101000
10001100011001000011110100000
00110100100010101000000
110001001110101011101000
001010111010100111000
0001011010001100000
01101110000110110011001
11100100010101000
10001001100
00111100
1001001001000101111100001
0110011000
00111110010010001001000
11000
110000
011011
1101000
101001101001000
000
1110001000101000
1
00101100101110111101101111
101001
1
1100
001111
101101100
1100010011000
011010000000
1011100000011111010111
110011001111000
100000
01110010110110100000
111000110010101111000
1000111111
000101000
0000001110001010011010111000111
0100010001111100
1110000
000000100111111
10000
1010101
1010
110110111100000000000
00
00
110101111101001010101001000
1010010011110
00011000111
00000110010100000000110101111001
10100011111101
1001100001111101111000
11010000
11
1101010000
111100
01000110
1111100010101110110
011111101001001
011011011001011001000000010000
101100101111001110111110
0000
001011111000101110000
0100110101000001000011000
1011100000101
000111011111111
0011000101000001101001111
0001010101101011000
010
101000
0001010111101100100000
1101
1001010000010110111111110001001
011100000100101110111100
1110101110011011110000100
01110010101110000101101
1100000010000
01000111111110011001111011
101000110101111
0100010011111010110000
111011001101000
001
000101110010011111000
0011000
0100011110
1111000110001001011011111000000
10110110000100110000111111110
000110
0100100100110101110
1010001011101001010111
100110011000110010111011110100
0011011101010010001
110
1100000000100101110010111010010
00100111
101000101111110000
0001110100101000000
10000111000
01010000
0110100101000111000110000
000
01000
0110100011
1
10010
100100111110000000
10010111010100010000110010
1111000001001111110010000
0
1010011101110101100
000101000001100010111111
0111101011001000
10110000111110110111010000
0010111011000
11101011101000001010001011000000
0010000
01101011010110000010000
1111001000010000110111010000
011000110101101001110000
00
1100
11110
0101
00011101111111001001101110
1011100010101011011101111
0101011001001111011000
1011010100101110011111011111
11001010001000
01000001100001000001100011001000
011000111
11101011001001001101100000111
001110110011101
00110
1101001100101000
1110000111011100010011100101000
11000001101011
0010000110110111100011000000
00111110110111001000111100110001
11100010010100111010
10011000
010
00
0100111001000
01100010011000110010000000
00011001110
01100100001000101001111101010000
10111110001101001000
01110000
010010101011000
10000
1110101100110011011
0000
111110100
00000101110001110110100100110
0001111001100111010101010011100
0
111010001000110010100001001
00110110011001110000001000
011111
1101101000
0
0000
0001100001001100011001010101000
00000101100000000010110000
011101010100010001011101
1
0001010011011000
0
00001000010100001110000110000
111000
111011100000011011100111
100010100100110100001
01100010000
0000011000
0100100101
000101011000111000101000
110101011000011100
1001110111001
01000
00
01000101010000
101011001100001011110000111110
01000111100001100000011100
10100
01101011100010101001
101010001101100000
10100000
10010011000
110110111010110101
11
100000010101011110110110011
10101110101100011000
1111110100011101010100
0110010110001110110
01101101100110011111001111011010
10101111001010101000
1100001101001010001100011000
01
001000100001100
011001111000
0110001001000011101011001100000
1000000000
1000
1001000001100110001000011001000
11011111100100011101110000
000111011011100110101000110000
101100011000
1000010010101101010
0001
001000011110001000011001110
000111100000
000011110000100
11010000001010010110110000011
10000100111001110110011
10100110
0000000
10101100110111011101100110011101
010111100001001111
11110000111111
100000100100110001101010110
11
011010000
1111100011010010
0111011111101101
110111110011001010
01000
11100001011
000111011101101
1111001001101101011110010111000
1101111
01101011011000010000
01001110000001000011100011010010
1001100010000010000
110101001111011001110001101
0010000110110000001001000
10000010111000000101001
1111010111100111100
10111010010000100
0111010000001101011
1110110100
00001010010100110010100001000
10010000100101001000
0000111111011100100000
000100001011111110101110110111
110001001001000
001011111000011
111101110001011
0001011011010100101010000
1000000
001011111001010000
111001111010111000011100010000
00111110011100
11
0
00110000100111010000101001001011
111010001011
0111011
0000
1
10100110000
10
0100010000110
00111100000110011100100100000011
0001001
101000
0111010011100001110001000
1110100110011100111
1110111000100100000111001000
110010000000
011011011
10110001010111100000
1000000
0011001010111101101000000
0110011011011100000
01000100100101100010010111
1110101011010000110000001000
1110100011100110001000011000
01000110001001100111000
1000000
1010010
11111101001100001
00010110100110011000011011100001
01
011011011101101010
0
11011100110100111011000
00110000
010100010010110010000
011001010110110011
010001101011
101111001011010
11010110100110011001000
0110111001110000
11000011011011
1100101100010001100001101010
011010110111100010
011001100101001011011001010101
11111001111111010001100000
0110001110010011
0111100101111
0010110
00010001101011111101
00011001010100011
1011101
10000010100010100000
110110000
11010
0001100100011011111111111100000
101110
1101000110100001101111111000000
011011001000100011000010011
1000
00
000110111001001001101111000
0110000011011101110110000
00111111100011
00111001
0011001101000001010010111000
11101
1110
001110011001000
010000000
10111101111001101010110010111000
011001100010010001100110011000
010101010000010010100111110000
10001010
01100
111011000100011100110001000
00001110110101111110010000001000
10
01100101110100011010
0000011110111111000
100
01011001000
0010111111011100110011110
01111001000
01100101000101011001011000110
010100011100010000
011001100000000010
110010101010
00010100001100000011
1010110101111101111011
0111111110110
10011110110110000011010111011000
0000
111111101111000100100
01101001001100110111101
1010101100
1100100000011101011000001001110
01110000000
11000000001110001111100110101000
01
11011110001010
01111011110001110
1
11001111101001101001111111000
0111111000010100101010100
000
1100100010000110000
0110001010110100010101110
01010000100010000111101011110000
1000
101001010110001000
1
0010101100
0000
11101100101110000010111
1010011101010100110000
100111010111100111
001000101101011001111001101000
00010100000
100000
00100011110000
01000110110001000100
111110000001100000110101010111
011011001101011000001000
0110010010100101001
000111
1010101
00
110001110011010110011001011
000
01011000
10000
000110010000
010100111010111100
10000100111000
011110
1001011011010
100000110011100010111000
1111
011110101011101111010001000
1000
10
001100100000
10111001011100000001000001110010
11011010011100
11101001101110011010
00110010111000100110111100
00000111110000000
0010010110010101101000
101100100111001100101101010000
111001
110001
00011001111010110
00001111000011010010101101
101110010101001
11
0111001011100110101011
0
011000111101010101011111000
000
11110011001110111101101001100000
010000000
10101001101010011000
01110000001001101100011000
0111010100
11011010110100000001111101110011
100101111001110101000111000000
1101111100000110111111011001100
0011110010
110110011000011000011010110000
111000100000
01001111010000
00
011101
1111101100010111010
00101010101010010111011
00100010000000
100110101000000011101000110
010011101101100110000
111000111000010000100100
00
1111010010000001000001110100011
10111110000110100000
011100000001010110
1001000001
111111101101010000
010101010001
1010001001010010001100111110001
01101000010100110001111
1010000001100011000
110110011001001101110111000
00111001100010100100011110
1101000
100110010101100100100010011
0101110011110011000
10001011000
1000111011101010000000100110
110010100000110111101
11000011000
10100000110010100101000
01100110000010011
11111001110101111111000
00010000
0
011000110111000
01100010001011000111
11100011111101001101011
01010
01001101100110010101000111000
0
10110111111001000111000011000
1
0010100010011000
11011
0010010000001101111
000010100100100010000
01
011000010100010000
00
011100011111100000
1110001100001000
00
10010010011111111000
100100100101110000101000
11
011000011011110011010
01000001111001000
1100
000000
01
01111001110100110000
01100010101010000101011
01
1
001100011110110011
11100100100101110000
01111111001111110101011111
11010001010100101101010
00011100001000111100101101111001
0010100100000001111110111010
0110101000
100110101010001100
01101101101100000
01110
0110001
0110000010000
00101100000001101101101100000000
000
101000111000110101011
1111011101001011011000100101
100111101011110010001110000000
010000010
1101000010110111001000010
10001000
0000010110101001
0010111111001111011000010100
011101011101000
01
1001011001111011000111101011110
10111110110
10011010111
1101010101
00100001000
0
11100000
010111101011001011000100
001100001111110010000
001011100001100000110
10111000100000010100111111101
100110000100010000
0
010110000101110000110
0100100110110000111110
10101101100110101101101000011111
01001001110100011
1101
1101110000
01110010011011110001000001101000
01110100110111001001010100111000
001101001110010011101100101000
110100101011
11101001000
0
0111000101001110101
110001110010101111001111111000
000
00
011111010010010011000
00
111000
11010110111011000000
0111000
001100101001011111111101111000
110111111110000
101000
1110011111010
00011000
0100111000110010111001100101001
0001101101100010
100101110100011
00010111
1101001111101011000
000
1001100
10011111010
00000111001101000000
000001100111001110
011010010000101101
10110
1110000
101010110101000110111111111111
10001011011101
011111101000101001111001000
101111110111110110000
11110011010000
010011100101001011110011111
10010100011000100010001000
000000101000
0010000011111
1001010011101010011
000
000010110
10010111011000
11000100010110000
10001001111110111011100111011
00100000
11110100011010101
10101
101110000010101010101
110010001111011001001
0101010110
110100011100110001
00000
11000000
010111000
01011010000010100
100101
110000000000
10011100111111111011110000110101
010101101100110001100100111110
100011
0
11000010101011011100111000
111010111101010
0110001001001011101011000000
100111101000011001000
010000101100010101000101110
00
10101001001001101010110000
0100100001110101011000
00010000100000111000110000000
00101
00011001000
011101
01001101001101111101000
1110011011100000110101101
1
1001111110111101
000101100111110000101000
0
000
010101101101111111001000
00111110101101111000
00
1
0011110010100010110111111
00011001100100111
0100111000001101111110101110101
0000
01101110111110101111000110001101
010000100111000101110
11101100
11011110011110001000
0011110011
111110100001100111100011100000
000000000001000000011000
00000110001011001011000
0111100010111001010010000
1
11101
0111010011011101000
0000000110001011101100011
11100110000010110100001100001
010110010001000011011101000
000
000010001010101101011111000
00111000
000001001001001100000001110000
11111010100010000001001000
011011001101
0110110
1101101000010000
00100100011000010111011110100000
0010
100
000011011111000101101001
1110001
01111100010010000
0000010000
011001101101
11010000
10111111000
00010001101
00010100011110000
0111001011010111000001110
101101010011000001000001101000
0100011111000101000
1101000000
0100000000
01111110011011110
100001011000010110
010111
101100000
011001011010001110000
01000100000001000010011
01111111000
010100011010111110000
1101111000
0100110011011100001
01001010100100000001000110001000
0010101001001000
001010011000
0000000
000111100101101010111100001
0101100101
000
11110100000
10000100010100010011000110
011000
000110100000010
1111110010010110100000
1000000
111010
1
01010000
010010000110011000011011111000
01000000
101111001
0011011001001000011000
00010110010110010000
01110111
111000111010001001100111011
10010101101111010111100101011000
0001111000000
10
000100100001001100
111111111000
11100010111111010000
010100
0110101010000101111100011111
011010001111110111111001011
110010111001100111000000011
00111011000011100001010001010000
010111001011010001100001
11001100010
11011010100011010110110
010011101000100001110010000
111010100110011001001010110
010010100100010010100
0101000001101101100011010000
11010110111100110
1101010011110000011100110
11
0100
0111000
11
0001
00010111110010010011
00111101000
00111001100
1110010011111
101000
001
001100011010101001001110101010
1110000010
1111011010110101101000110
00111000110100001010
110001111010010
01011011100111100010111010000
00010010000011111111001001
0100011010000010000010000011000
1000101100110011011
001010101111111110010110
0111111010100000101100000
000000010111000
001100011110111011110
000
1011111001
00
100010100001010100111111010000
00010100010110010010000
1111101010101110001001
0100011011100001010100001
101
1110111000
11001000
001000100101010110001001
011011101100100000
00
01001111110101010100110000000
000
1010010010111001000111
0101010100101110101
001000101110111001001100100111
0010010001000011111111011001000
000
01010100100111001000101001000
00001010111111001111111100010
0010010001000001
101000
10111100100
110101100000
0101000110001000000
00110001
110101111100
0011
10000001000
000011010
1101011010000110011100100001110
110010100001011000
1000
1000010000000
1101001101000000000
0000
011111100000000100000
110110110
000100001101
011010101010110001
0101000
1000101
10001111000
111000
00100111000
11011111010001101000
0100010011111011011100000
00101101101111
100001
110000011001
000111110001100110000
01101111010111010
10101111100101010010111001111000
1101101101010001000
100110011100
100111010010011110
11010000001
000000010011100101011000
1000000101000110110101
10101010011011110110011001010111
1011011100010001011110111101001
111010101
1010010100100011011010
01000
0000100011000000
1010011000010
0111011101010110000101111000
00011000111000
011101011001001101000
1111100011110100
10101101011101101110
011101011000000000011100110010
0101011111001110011010100000
0011010111101101001000
1101010
101011011111011100000
00000
1000001101101001101100010000
11101111000
010011010100110100111111
1000100101010000
10000
001001110000
0111011001011001000110001010
000
00111110100000
0
00010100100101
000000001101001111001101
100101101101011000000
000010011100011010110
1101011100011
011010010010010101101111010111
011000111110100000011101000
00101111
100111011101010110010000
1000100100000010110100
0111001
10001101101100010110
1101
00100100100000
101100101
11101
1100000010
000000001
1001010101000000000
1000001111111100101000
111110101000111011100
10001100110000
0011101110001110100101111111000
000
0110
110111
00111101100101000001000
11011011100011011000
011000000100000010111110000
0001111000
0110101000
0000001010011001111100001001000
00011011010100
1010001010011
1010011000100010001011000
1100000100011011000100000101
001010000
101101100101
111000000111001110000
100000000100100110011100
10111110101100000100100000
110110
1011100010000111110010010
110010010010000
101011111010000000000
10110000001000
11010000000001
111011110010011110000
11000
1001
00000111101111111001111
1101111100110100
00
100011000111111000010000001
11000000010111110000111101
11111100101001000110011000
010011011101000000
01101100011101001010111111110010
11110110011110001100
01000011100000110100101000
00110111101000
1011110011000
011100110110
010101110001110011110100
01011000
00001101100011100001010
01000111000001111
0001100000
10110111
100100100
000011110
000111010010010011011010000
111010000000101011
000101001101101010010000
0111010110111001010100
001000
10011111
001001101110110111000
1
010011000
101000000
01011101000
100011101110
000000
0001
0000100100010000110
01011110010101000011
01
00000
111111011001100111111010110000
110100000000
00011
10010011110111011000010101111000
100
1100011010101000
00010010011100010000000
000110
10100110000
101010110011
00
111100110011
01
00111000
01000
100111111000
1010101111000010000
1001000
100101000101110111
10100011100010000
100
110000111110110000111110000
00101001100100111
1100001000111110000
00
00
110110110000
0110000010011010000011
1011110
010010000
0110010010110101111000011010
11000
11000110001001111001101100011000
0001010110000
1111001011111001110000
110100100
101000100000
0
0101010011110010110110100110000
00011111011010
111001000111111011000
1100001101010100110100011001
10101
1110000
11000111101
1101001
001000011000010010000
0100110010101111
101011111001000010100111111001
01010111
01011
0110001000111110000
01101
1111110110
100010011
00101011000
00000110001000011000110111110000
00
1010011
00110101010110000
1000
1101100001110001010100101000
1000
0011000
10
0
1100000
101111110101110110001
10100001101011011000101000
100000
11111001011011100000
0010110011
00101001011111001101110000110111
111011
011111110110010
0011000111101010001
111001001100000000
010110100111000
0000111010110
0110010101
0001010101011101110100111110011
1011101001110001000
100111010111100110
111000100011
10111101010111010000
010110110100101000
1000110001
01111011101001111011101
00000000
011000111001110001000001011
01101111111001001
1100000010
111100
110
001100100011110111110001100
11010010010101100101100100101
1011101011
00
10111101001000101011010000
011111100000010010
0
01001000000000101010010101
00000
110110001001010001110000
1111001001111000011
110111001111000010110010000
010000001010
0111101010001011110011
011001010001000101111010010000
100000110101
0111000
1110110
00001010011000
001000101100010000
0011100
110100100000000011111
0000000110101111111000010011011
1000111101001010010
1101110110111100110
0100011
01010011001
0000101010011001011110100110111
1011101101011010110101010100011
010101010010000
001011110101110110000
00100100101110
00111001
011011101010000001010000
10111110100100001111
01011001001011010
011100000
00
0001111110100110110001010101111
10000101
10110001101010000
111
10110001000
11110110000000
1011101000
0011111001011001100000
1011111100111101000
01000001000010110010001000111
010000101010000
1
1101000
00011011001011101000110010000000
01111101001001110011111101100010
1110110000010001111010001000
01011011111011
11011011011001110011001111
00
11100001110101001001
1101001100000
111011010010110
1011001000
0101000
10000101111011111000
0110011010011000011001
1000001010100010
1100
11100000
1011111100111111011001
1111100100111110100110100
0111101110110101
1101110111011110000
0000110001110111
10001000
011001000101110011
00111010001001001111110100110000
110010001000
0111001000010001001000
001010
1000011110010100
0001011100111010010101001000100
000111000100000100001101101000
1011101101100000
00101000000110100001
100011001100010110
0100
01011101
011110001110010011101100001
010110101010011000010
10000000
111100010
10100100000001001
001100101
001
110000
1010111101111111001000
10001100001111100000000
1000000111101000111101011100000
1111001110111010100101001000001
1111000
1010011001111110
0000
011
0010010110010001110001000
11101000000
010010
010001011100111111010001100111
100010000110001100000
10000000010010111
0011
00000010000000110110001010110100
110100110100000
111011111111011000000
0011
111111
11010111010
100101001010001011110101100010
0111001000100100001011000
100100000
1000111010001001001100111111011
10110000
0001110100010111000101110
00111
011100111100001010000
0001111110101
010100110000001
1010010011010010111110001000
001100110011011101010
001
010011001101011001111010011010
1100000100101111001010000010
10000001101100000
100001100010110000
0110001111001100101101000
11
01011001011100100010
1010111011
001101
010101000
00000000110000110101000
001010101
0000010110011001101111
1100
0110000111100010011000000
10110100011010011000110010
011100
0
1111001000
001000
1100001001100110
00001010010001100100100111000
00011010100110110010
1101111110111110
10100010001000010111000001000
0111000100011110101
01101010000
0
00101
11110001110100001000100
0100010
0011011011111001000
11010001101100001001111010
100010011001011010
0000
101000111
1101010101010101101011111
1101001111000
101
001101010011011001011000
1000
1101100
0001111101101000
10110010010000110001000001111000
000110111000
10010110010001010000
01110100111010010110
1111000111000100001010000110
011
01101110001000000
01010110011010101011101
0001000101101
011111011
00011111010111000101010000
100111110000111001000
101100101111101101101000000
1101001000
1011111
100
00001110010000100111100000
00000010110010011110000
011011010110011000
100000000
11111001010000
10
100001100001000000111
111001100010011
0000
010110
000
10111100100101100000100111100010
1011000
1111011111100111010100101
1010011000110011101101000
101
0011001110011001000000
1000000100001000011000
00
010000111
000010111011101000000000
00010001110000110001111
0010111100111111001100010110000
111010100011010100101
01000000001011010100
01000000011100
01101000
10101100111101110011001010010011
110011101001001100110011011001
0
0100001101100001010000111000
1100011110000001110
011011111
001000
0000011011110001100011000
1001
1110010001000
010111001001011001
0111000
1110011000
1101010100100010110010100011001
110000101100001000000
01010101101000110000000011111000
001000
00111000
000
1010011010011011000111010011
00010011000
1000110010011101111001
00000
1
100101111110010001010
0111010000
10011100
0100010111110110
0111100111000000111001110010110
10001111010000111011010111111100
1101111000101100001110
01000000
0111010100001
0111010010010011100001111
11001
101100011101000
100110110011110011
1011111010000
11100111100001110001001010
00
11111111111010101000010111010
00
0000000110110
000010100101110010000100100
11
0111001101110010001101101111000
0000
1010000101100000010101101001
10110110110100101000
11100010010100101001
10000111111111010101100010011001
111011001000
10110111100111001110011110
001001001110100101
101110000101000110111110
00000101001100
100000110101111100011010111
1011011000
0101100111
1010001101111100
0110101110
01110111000011010110
01010011101101110110
0001001111101110000111000111
01110100010110000110111000
01111101101001111
0000
010110100010111011100
00011100110111110010000000101
111100
111100001111011011100001100111
10110110011100001101000110
111101010011101001000
0010010111101001011111101110000
10001111111101101000
111000100010010110001011111
1001101001001000100110000
001001110111101000000
1001000
101001001101000000000000
11110101100111
11001101110001110010111101100011
1
11011111000110001001110000
001011101001111110111001011111
0010100010110110101001000
010110101011100011
01110000100010101000
0100010101000001011011001000
11110101111101
000
110000111001000101111010011000
010000
1
0111001011001011010
01011110000
00100011010110110
01000110001001001011101
100011010001111100100011
01010101010110101000110010
1111110000
11110000001
1101010001001011111000011110
011111011010100000111100001
001011
001101001
0110110011110100010011110
100111001010001010110000
0100
10101100101000
0001
00000
111000011
1100001
01001110111000101100001010
101011011101
10011011000
10000111001001001100110000011
110
010001101111
110011101000100100110100100
10011110110110011011101111011
100011000101010
01001111110011001100111
111110000011000110
011101110011001101
110000
100111100110001010110001010
110001100
00
11
00001011110001100111001011
11000
10010101
01111110111110101110000000
00100100101000
111100001000100
1
1000111111011000
0110101010101100111110110111
0000101
00101000
010001001110000011110
101010011001111001000
00111101
001001000
10111000101100000000
00111001000100
01110001101111000
010010101101
000010101010100111
110001110100001000
0110000100111101100011000
001001101110100001010000100000
11100110011001101101110110111000
1011000
1
00110111001101011
1110111001010011011101
1100111110111110000001111000001
11110111010110000101010001101110
1011010111001001000010000100
1101111010111110010010110011
100101100101001111101001
000
1110000101010010000
0001000000110011101010010110000
100
010101
1110000
0110001111100010000
1111001111000
0001110010100100111101000
0000010
11100101100110100001100011
00110001011
010001011
01111001
00011101100111000
010001
1110110100001
0011010001110000010011110
00101101000100001101100000
00101010011101111000110101001
010110000
111110100001011101111111011101
11011001110000101000000
101011000001110000100101
10111110001000110111110001010
010010010011000
10110000011010010001101000
10010011011100110000011010
0010100001000001100000
1
100001110110100000
110110
1101
1111001111110001110111111101000
1101100010000
001010101101011110000
0000011101000110101011011
10111000001100001111100111111
010010010011001110010
1011111
10110
10111101010100111111000101
111
0110101110000
1111111000011
11011001
0110101100110000
11101010
110001011011111000
01000
00100110010111011111000
00011
000011001000
0100100111110110011110010
10000
0111111001
1011000101111110110001110111
001000100010000010101011110
111101111111001011100011101000
0110011110001000111110000
11000000110101111000
0001110010001111110011100100
0001101010101000
1001110001100000
11010101011011
00001101000111001111100000
1111011000010010000
000
0001110010010000000
1010110101100101111001
001011
010100111111010101000
100101111000011001000011101
1111001111011
00100010101001010001110111100000
11111001001010101010
00010000
01000001010101101011000
00110010000110
1110100111100100011001
001101010100000
0111111
1010010111111001101110001
111000001001101111
11001011100111000
0000001111000
001110
11110110101001001000110100011111
0011000101111000
1011000000
1110011001010010100001001001110
11000111000100001110110
11101011
10010100011100110111000
000101010000001110000111
1110
00000010001100001110100010
1000111100101
111101101101110011000100011110
00010000
010110000100
0101000010001000
10101
0001110000
11110100001
10110110011101000000110111100000
00000001
11000100111
1010011100101000011010000
0
01110001111
11010101000
11
01100011011011001000000
0010100101010101
1010100111100110
01000001110000
11111100000010110000
0110010110011010100
00010101111101111111100
11011
01101010111000
10010001000010101001010100001111
0011101001000
0001000
01000000010011000
100000001000
00000010000111011111010000
00101
00011
1110
10010001100110110100000000
01110100100101
100100000101111111000
0110111000
0001000000100010011110101
001110110101000
010010000
100000
01001000000001001000
110100100011011111
0111010101000110
110100001110010
100011110010100101100
100001001011000111100000
10111110
011001010100001110
001110101100111111101101000
000
11000011111000100001111000
1100000110101000011000
0101100000011110010000
010000110000000001100110111011
10000
1000011111011011
101000001
011110111101110110000
11010
00101101100001010010
0100101101101
01100111110010101110000
1010
000000001110110110011010000
0101101100
00100110100
01111101011111100110110
11001100110000000100011100010
111001010000
11
1110101100110111111010000
11010100110010001000
0001001011101001111000
0
1100000
0101101110111101100000
011010001111011100010000
1011101101000100
01100101000101101001000100000
110000000000001101000
0010000000011011101100010
00010110111000110011101111110
01101010011101000
11101000
011
0010011010000000001111001
010001011000010000
00000
101011101111000000
0001000
010100011111000000000
1010100010101010100100101101000
1110110001
1011101001100
1111
11001110010101000011000010100100
0101101000010010
11000101101001011001100111100011
111
1001100011101000101010000
111110110111100000111100001000
00000000010100
1100110111011
10100000110111001110111
000001101011
001001101100
0110100000
10000
0
01001110100101100110
01000101100
010010101000101101011000
11101110110111001110101
01111101000
0100011110011
111000
0
000000
10010010101101000000001010010
101110010011101011110
11111101110011110011001010001000
01011100101110100110111
0010111000101100101010000
00101001000
11110001000000001100000
100010000101
10101110111101111111101101011000
01000011010111000
1001100110111101000111000101011
01011101010100
1110101110101101000
000111111010001001100100000
11101001101
100011000001101110101011
10000110101110110000000
1010100010001001111100001
0101101100001111011001010110010
001010110010001
0
101000
100001011101010100000
000011011000111000
1100100100000000
00110011100010001000
100011100010111100010100000
01011101
1010011110011000
0000
11101000110011101
1001110101100000
11101101101100000
010101000
1101100010
0000
101111110110101101111000000
100001001000
100011000111110000100
10
10010101000010110000
100000000010010010
110
111110110011100100001010011
00000
1
1000
10111100110000
0000
01000111
0011000001110101110100101000
11101110010011010111000
100001000110000
001111000
11101
1
1000
11011111111001110000100
0011110111001111101001011100000
1110100110010000100010011011000
00000
111100101111
011110110010111
11101000
100000
0111010101000111100101101011000
011110101001011111101001100000
010111000
1111000000
011110010100101011011
10000111011110
1011011101110
10001
100100011100000110101
1011110001100110100111
0111000101010011001010
11100110010
010100100011111110000
00111101010000
100001
011001101110000011100011000
101110000
010111
01111000
0010110001100100101111110001000
00
1110000101000
10111100111110010101011100011
001011010100
100100110
01
00000
1100110000100000001011101000
11010000010101110010001111
00010000110011000
1
1010010000001000
000110010101001101
0001001000
1000011010000001001101101000000
100110
10100111111111110000
00
111110010101111101100001001011
010001010110111010100101
11000
011000000
000000010
1
010110
1100010101001110011101000
0111010100111000
0101101101100011110000
00011011000000
01100111101010010101101010100100
1110100001
1101000
11110000101000101011001011110
1011010101011111101110000000
0010011011001
000100000001001001101101011
0001000111000
0110101001001111110000010100
000001010110110000111
01110000100000000
00001100110000010010001000
001101100110000
000
10111000
011101001110011111000
01110011110001001001001010100
10
000
00011101100000000
1110000110111001110110110000
1100011000010
011011110100111011
00111000000
1110001
00110011110001000001
010001110101010010011000
000001111000000111110000110000
10011000000100010110101111001000
00101010001010000111010100
0100100110010010000100111000
011111101010111010000000
01000010111111101101100000
1100111111100001101010111000
111100001100000000
1010011101100101001100000010
0010000101100100010
0000011101001110000
100010000010001100011
0110000111
1100011011000101000000101011010
11000110111010101001101000100010
010100011010100000
000
010101
101101000110000
0010101001011101110000
1010100000
10011011010001000011111100110
01001101100111100101101001000000
0011111101110000111101
0001000110010010111111000
01100100111011100000001010000
0100
100110000100100000
001100010111010001111011011000
101000111
0010100110010000000000
111
111011000011001
110011000100010000
1001111110000
10110111011000101111000
011100001001001110001111001000
110011100100001111000010000
1110001000010111010001011
011011
001000011101000
0010010011011000
000011110101
0000
00010110010000
01100111000110110001101000
0011
10011011110010000
110000000000110110100011000010
011
01000111
00001011010111000000
0
0001011010
001110101111000
110011001100011
111
1110110
0000011011000110101100011
000110111001111100100101100101
000
101001011011011111001111100110
10000010111101100
0100001001110011110011
1001100010111001100000
0101100
1011111011111110010100011
10111101001000010000
0000100011
100001011000
00000
0000100
11000011110000111000
01000101101110000
00100010111000
11100010010100100001
101001000
10010111101000011010000
00000
101101
000100010001
010111100100111011
00110
101110010000111111111011001100
0111010110111010011
1000010100110110000
10111000000
00
1
0111111001010000001111
00010011001110
0101000000
00110
0
1011100010110101100011110010
001111101000111111111111000
11101
10101100000
1011110101101000000000000
101010101000100110000111000
1100011010110011010101011010
00000111101110100110110000
01101000
00111110001101111110011000000
10110010110000
1111011
0110110010
0
110010
11101111011000110000
10001010010101000110100
101100110011000
11111
0111101001111001110111111000
1000011110101011
00100101100
10001011110110000011000100
1000000
001111
01100010000
0
11101100010111110000
100110111000
011010101000101100010000
10011111001001010000010100011011
000
0000010000101000
01101011101
011010010011100010010000
01011000101011101000
1000100100100
1001101
1110011101000
10000001011011100010011001100101
11011011111101000
1100011100111001101111110
00010101000100
10011111110000100111100101000
000111001011101111000111
000111010010101001110000
1001101010100000
01000011001000000
010110111000110100100000
0
01101000101001011100000011011
0110110001110000000010
000010100100110000010
010110110000
10100001101010
000
0001111100100000001110000
0010110111000
01000101110101010100
010110111001111001
000010000
0
1011111001010001111110001011001
1001010011001110011001100001110
00
110000111001100101011011101111
101001010111111100111000110
1001101100110110001011000
100
1110111001110001001111010110000
1
11010010101
0111101011110101001011000
000110101101110000001000000
1111101000010000101000
100110110001111101101111100010
010010010001
010000111000101110
1011011010100111101000110100000
101010000
1
10100
0100101100
0
011111101111101110011010
1010011101111111111111001
10100100101101110010010101001001
00111101000110110000000
0110101010110110
0000111111
111011100000011001000
001111111111011101
0011011011101111101100011000000
101
0
100100000000
01010110110000
1010000000000
011110111110001000
0101100011010100001101000
010101010100101010110110
100110110100
0
101000001000011
1111111
01000
11110
00
000
001111110000
100100011011101011011010
111001010000001000110000
0100111000111111000111110
00000000
101010110000
10110111011011110100010011000
1101110101100011011000
000111111111000000
1110111101110000
101011000
01000010011010001
011010101100100010000
110101
001100000000111001
101110000
101001000001111011001
00100010110101010001111000011001
0010101000
11101011000110
11111001110000
0001000000
0100110110001111011111100000000
110110100110000001011000
01001
01000010000
0100111
10
101000
010001001011011
1101000
0000000111011100110111110000
000010111111100011010000
1010
000
00
0001000000110001011010111001100
1111111
0101001001111001011000
1011101110000110001000000111
011101011101000011010010000
0111001101
0
00011
01011010000101101001
10001111001001
001111100001111000100010111000
0101101100000
1
0001111100110000111011100001001
1101110011110100001000
00000100010000100011100001001000
01101001010000
010000
110111110000
010110
1000
1011101110
0110000
11100010011101101
100101000010010111111101011000
1000
0
000100100111011110010000
0
000
1000
011001010001000
111101100010001110
011101001100001001101001111
101000
00101000000111001000
10100011000011111011100000010011
10100111110100100101
0001
0101101101000110101110010110110
10000000011100100000001001001
0110110001110000
11011011011000
1
0100111000000101101101
01101001000001101000
1100000000111
0000011000
1111100000
111100101001100000
0000101110
1000001000101000
100111001011110000
010100011000
100100011101100
100010111010110110100000
1110010001000
00000000000011010100110000101
11010100001111110011100001
1010100010110101000
1011001001
1000100010100000
011101011001010
01110111010100111000010101
0100011101111000
10111101000
1011011011100010100000011110101
01010001010110101101100010010
110010000001011110010100011000
01011000001011111010000111
0111110
01110000101000000
01101100100100111111001101101
010100111010111
1101110
11011000001100000
001111111
01111001111111100110111101
0000000110101
100101001100011100111010000
000
001000010010000100000100000000
001010011010110000
010110000111110001100111100000
00001111101000000010000
00000011010011000111000000
1
111001111101
0110100010011111001011111
100001010111100001
00000000001101110000111010111
000111101001010000110111001
1001110010110101000001010
1100100010111011
00001101100000
00001110111
10001000100100110000011101000
01
0010011011000001101
1010000110000100000
0000000000100010000000
111010010110011100000
0000101100001111010010100000
1010000
011011111100100000
100001001110100011011100001
1010100001000
01000000
101001010101110000
011110110001110111101000
0111001100001110001101110010
1100
01001000001
11011000011
000
010010011
101110111010010
0110110101100001011111110001
0000101000100101101000011000011
000
110001010111011001101000
000
1000
01110100000
001011
01010
010110111100100100000
10101111010010010110011110000
001101100001111001000101101010
001100
01100101010000011000100
00001111
1111110001011001001100000000000
01011001
11101
11110010
0111000110111101110111111100101
101111111010000111
0010101111100011111110
11001001010100110001110011
0010
0101010100101001000
110111011
1001000101010000
01111
10110111
110001010101010011
1001011
11101101110
1111100000011010010101110000
000
110100111010100010111100000011
01111101110110010001101011000
100111010011000101110
1100111011010000000
0000
0101110001000
1010
0001010010001001000
101010
110100101110010111000111010100
010111010110100001010001011111
1011010000
11100010001111000
1010000010100101010
01000101
01110111111010111000101000
100011101101000000101110
10011100111111001010111110110110
1111000
000010
10101101000010001111000110101101
100000110100000000
10000000
000100010111001001111110101000
10011010100000111001000010
1101110100100111010111010011000
11101101110
10000011011110110001100101
10101001111110000
1101011101101010000111
00100001110111001111111001001101
111011101100010101
00011011001
000
010100110011100100001
10110001001010100111101000
1111000111111110110100011000
100010100100111001010111110
000
1011110011101100000010001000
1
010000
110001111000
00000
00101000
1111111100101000100010
11101111001101000
00110111001110011011000001
101000100100001010010
00101011001
01101110011100000
11010011100
11101100010011111111100111001000
01111111110011101101001000
01100111110111010111101001
101101000011000011011
001010111010010010000000
0101101110
011110011011111010100010
01011100111101100011100
01111110110111100011100000
1010001110101
1110100101001110000000
11100100001011011101111010001000
01000
00011101000000011000
000110001111
101000001100110111101110
0000000100111111001
0001110100100000
111
01000101000010010110110101011011
011111
001101101011110010101011
0011011000
000
0000001110100001111001110010
01000111000011
0110011101
11111010111010101010
01000011
11
01101001001011000
11110101100101010001111100111
0000101001110001110111
11000110001001000
11011011000
101110111000011111111001111
1100110110100000
000100111100000001000011000
1100111101
0111110111110000
0100000010101000
100000110000
1000
0101000101010101001011
001111100100111100000
1110111010100000
00001100111111110100011001
000000000
0111110111000000
101000101010110000000000110110
01011101100010001100000
1111011011000
000001101101000100110010110100
111011100010001111010011
11000
10011110010111010001000
0000
000001111001011101010000
011011111001
101101
001000110001100100000100110001
11110001100110111011111001100
100111001111
11000
10011010
00011000010000
1110101010111001110010000
100000011111000011011
0001
100001101110001011101
1101011000
100000000100100
0000111011010010110101111010000
000010
0
1000110100001001010011
1010101011001
0
1101110011111110110110000
1001011000100101101000011
1000001001010010100110100
1111111110001100111100001010110
011
00100
1001011010100
00110011101000100000
1011010111100000
0011110101011111011101
00110001010000010100111000000
01100111111110110010
011101001101110000
101001110001000
010001011101111111000
1100110110111110
0111000101011110101001001111001
01001001000000101
1111110000000001111100111111110
011001000
110011
01001010100000
1100001000100000
110111101111011000
00110101000
111100000
01010110100001010
001110010111010001011000
111010000110100111000110100
1011101001000
00
010010100000011111000001100
000
01100000001
0101001111111010100001001110
11011000011000
000000000
01000101110111000111000
00000011011010010011011010001
0111111111110100011100
010001010101001100100
0001111111110000010000
010111000000
1110001000100110000
01110111000000111000011110
000
0101001
0111101000
011
110000101100010101100101111
110100000001101000
01010011111111011001111100100
11011100101100111001010101101000
10100111000
0010000100110010110010000
011010101001111111001101
10010001
0100001100010011010000
0110001000
1001101111000011011000
101011001
1111110101010110100010010010111
1000101100010001000
1
01100000100110010001111000000
010110000100111111010000
10100111010110
0100100010111110101
001101000011
1010100000110011111011011011
0111
1100000111000101011111101111011
10101111100011011001111
1000001110010000001
01001001011000101011100110000
101111100111000
011010100001111101
011000101101
1011100010010001111
1100100110000010110
001010011001100001011010111000
00000
01010001010000
01101001
11
110111001
110110000001110000000111100001
1100010111101010010001000
1
0111
0110011011110011100000100000
100
0001101000110000001101000111
00010010101100101001011110000
0011000
0001011110110000
110111000
1010000000000001
101110011111010101001110100
0
00010111011000010010000
1010001010100111000011100111
0011
1011111110000000101110
10100100111001110111010
1
00001111011010010110
1010111010101101101010101000
00100100000
0000101100111000111100000
100010011111010011110101001010
000
1010010111001010100011100100
0111001010001100001
11101111
111000000100110100011
1110100
110100100
00011110111010110000
011111110000000011000011
01110100100101010011001
0111110100100011010
0110011101
000
110110011011001001100100
10111101111000
1
00101110000
100110010100011000100110000
000
01001000110111001110010010000
101010000101001100000011000000
0101
010010011000
1010011011001001000
0111101101010100001110
001011
01111001001000
1010
00100110010000111100101101010000
111001000
010110000
10100100111011100110011010011000
1101110111110111
001000
01000100000000101101010011000
00000001001100
110001001000
101110100011000001111111001
101100000110101010101011110111
110111110110100000100010101011
1101001000011110
110101100011000100001011111111
101101011000001011000100
011
01000001011
0000
11001011000010010000
00001001
11110111110111100110111001000
00
011010010
1000110110001100
10010101110001111100101111000
0110011100101111000001
0111000100
01010011110101110010001010011
10101011111100110
10001101000
01000
0011101100011011111
111010010111001000
000100
111101000101101111000
10000001000
11001
010101111
000
010101001100111101000
001011101101111011000
0110011001010111010111001010
00011001100110100000100010
111110101110010000011000000
0101001011111000000111101110
1
1000011100011000111110011000111
1101101
0011101001
0100110101
10011000
110000
111100110110110101000010111000
0011101
0110001001100111
010011001010101111
001
010001101100011
010011100000
010000011001111
101000
1111011111110010000
110000111010110011011101000
0000101001111001000111000011
100100110101011110011000
0101001001011101100110110
11000011101010110100010001010110
100001010000
1000000010001111101010000
00010100111100010110
11001001100
01110000111011011111000
000110
110101011101111011111100011101
000011000
10100111110001
10000101010001011010001000
0110100100010100011001100101
1001
011
11110010111111000
00011110011100011001110110001
1110010001000100110
000
01111100001000101100010110
010001110100001110001000
1100100000
011000
000011111110011
001010000110101101111
1100110000000001101100
00101110011011010000
10101001000
001011100101100100000
10000101
1110010010000000
1110100101000110011010111
110011011000110010000
11111000011100
1010100011000
01001010011010001101
1001010011000110010000011000
1101101111
010110110011101000010011
110011001101
011100
01101101110110101110
100001101111010
1000101100111100110111000
11010
01111100011111010111111000001
1001
011001110000111001000
111000
1001000101010101010
10101000011011011
00
01010000
00011011110
011001110010010101101001111110
1000110001000011101
000010101011101010
11000
00001100101001000011
01000100101111000100001101101
100001000010100000010101101001
10010100111000
100011010100001000011000
00
110010011
1100000
0
10111100110100101101100010110000
00111110
101110001101000
100000000
110100000111101001100000001
00
00011101000
10010100
111100100011111000
010100011110000000111
11101
01110
11010101
0
11000000011111100000
00
1000000110110111010010101001000
1101010011000010000110011
01101011111101010011011
1100110001010100011011110101010
10
00
01010101101
010000000
10011000
001
0111100001000111111010010001000
11010000111010000
100100111110
11000
000
011110011100
010000010000101100000000101
11100101001110010000110100000
010111011011000
000
01110110100010010011111001001101
11100010
0010111010
10111010
1001110000000000111111000
00000101101000
110010010110100110010011000
0000000011111110000
000101001000000
11001001000110000011110000
01011011111001011111
011000
1101110011011110100110011101
10011011000001101111000
011001010011011111
00111010011101001100110010011011
00110100001001000
10111
000010111001000
0010111000011000
101000000
010011011011000000
11100110
011110001101010
1
1011011110101000000001000
0100000
00001111011011100110101
000000000
000110101010100101100001001100
10101010101111
11111100011100
0110110001000
111100010000
1110011001010101010110011
0110000
000000
1
001111000001011010111
10101100000
101110111000100001110111100
1101110011111100100001111000
1101010100110100111101011111
01000
010111111000000100
00011100111001111100000111010
100000011
0100000010010101
10000000000
01111100110000101
100011011
1
101
011001100110011
10011110000011010010011
00001010010100011110001010101010
01010110000010110111110010100
00101001
11100111011010111110100011010
0110011000111001001000
111100010110011100011000000
000
0
1011100000110001100111
011101100000111000
10000101000
0100010011001100100100101000
10110101010001
1100000
1000110110111000010101110001000
110011011010010
00000010100000
00011000110111001101100011000
1110010
1
11101100000001010000
110110000111000
0110101
011011010101
00010011
001111001100111110110000
0101110011110001111111111110100
0000011011100010111
1010011011100010001
11100001011111100000
001001101010100
0111001111010111110010100101
11000000111011111
11110000000
0111001001110111
001011110100111101111001100
001011110100100001110
11000
1111001010000110010101110101101
110000
1
000110100101101101000
00000111111000000110000000
00011
10000011110
01110100111
10100000
00110010001110111111111000000
10101
11101110011001000
10001111000011101000
0000101000
010000001111001110100011
10011101001110
110001000001110101110010001000
11101001001010110001110100000
100010010110011110011
010000111110001100010010110000
1111100111001000000
0011100010000011000
011011001101001101111100011
11010000001110011111000000100101
11010111011010000
11001000
0011011111011110111100000
00010101001000000000111000111
0101010
0110100100010000
00101101011100000
0110111
10001
10010100101011
01110010000101110110100111
11000
1100000001100
1011111111001000001010000
011111010101010011000001000
10110000111010110011110100001000
11100001110011000
11011101100000010010
1000
000111
1001010011111000101000
01001110010
01001110110100001000
10100101111001
10010001111110101101011
0110000100001010100010111111
1
1
110000010101011010000101110000
00001100001100000
10010101110101111010000100011
110111011101
0
000
000
01
001100000110000010110
11
1100001001111001
1
0000010110111111011010100000
011101001110001111000
11001010101001001111000101110
01011001010001010010000110011
10101111101101001100110010000
11100011
011111100001000011101000
110101101000000
110001110
00
10001110011000
01010101110001110110010110
110100101111000100101000000
000111111010001010101
0000
1111001010
00
101000
00101000111111000000011111100
100010011001001010101
1011001000
11010000
0011101001110001100110
1111001101011000
1
10001111001100010000
001101101110000
1010
11110000111111111010001
1011101010
011100001010
0001101101010101110011000
1010110111001100001110101010111
000101010110001000
0101101101100101001111000
111010110010000110
111001010010011000
0100100000011010110011001001
00
0000100101010111100010011000
011100011110011100111011101000
1111001010
00
11011000
0111010000
00011110101111010101100
0011011101
011101110101100111010000
011000
1000011000
000010100011110010011000
0100101000010110
10110100011100
110011110000000
110110
10
0000110000111111100010100000
10001011101010000
10110001110100000
111011010101000110100100000
000001011000
101110101000101010110011
1010000
00100110101100100001
00011011000111011000000011100011
0000110010011000010111
1010100
0000
111
00
010100000
1111001010001110
000010101100011010000110101101
100011000000001010100000
00011100010101101001000
1011001000000111110
000
10000
1010111110001000
0
000111100010100001110101110001
1000110000
10011100
000011000
1000
0101011011001110
00100
00001011001111011100110000111
001101101011001110011001100011
0010110010111110110000101000000
101101111
001001100111010110110
10100001000010111
100001111111000
110101
111101000001000
010
00001001111000
10100110
1011111100010001111110111011000
011110110001101000100101000
000
111011001001100000
00101100001000000
10001111
100110111000100010010000
01000000110111
111110001010000010110000
01010111
1111111010000111110011101111000
01110001101100000011010100010000
10010
1111111000010000
100110000
10110101001000
101001100111010000000101011
01001111111100100011001
100101110100101001011010111
010110101101110010000
00111001110111111000111000
01110
110010000011101001010
10000000
00111111110001000
01011110111010000
1000
110
101001
0111001011110000010000
0001000000001
00000011100110001011000000
101011011100101010000110
00
1
01011010011000010111110011
1
1011100110000
01001000100000001110001100101
0
1110011011000100100101111000
11110110
10010110
110000101000
000111000001000
1000100101011
101011001110010000
00111111001010110000000000000
0011011100101000
0010010111110111110011000010000
1011010100100010100000
0
0011010011010101101010111111
000111110011110101110
01010111100101111110001000
11100001000101011010011
0010101000010110100101111110000
111
0010110110110011111101
10001011011
0000111011000100010001110111
0000
10001000001001001101010000
111001100110110000000011000000
0101
111000
01000111001000110001110110011010
10101001011101001010111101
0011010100011101101000
1001111001110010111
110100000100
110010111011011100111
111011010
011100
011011011011
0000
1010111111111101010
0111
1001100110101100111000110011000
01000011100100001
10100001100
0001011110110111100000
11110
1100010011110000
11010000100110111011000
110000
1100111101110000110110010000
10110000
1010000010100000000
100000111010111111101100010000
0101100101111000101000
1010
01001111010101001110110000100000
101010100101100100010101101
001010101011010001111011100101
0101010001000001110111
0111100001110100011
11110000000111111011111
01011110110011010010111
00100010101100110001100001101
0
1010011001011000
00110010010000100010111
001001110010100000111100
1111011011010011101001000000
1011110010111010111100011010
01011100
111110110111110100
1001100001
0101001011001110000
11011000
1111011001000101001101001
101101000
00111010100111111110
10110001101000000100010011
001
00101
110010011110
110011001000010010000000
1011101001000111101101000
0100000
001011011011000
00
111001
000001111
0
1
101001100111110110110
111110101001011000100000000
101000110101011001
001110000101001101011011010010
101011001100100111011001111
10111000010000
101000010000011
01010000001
00000
0001100110010101100111001110
111000001000011100010110010010
0100101110100100000110110000000
0111111100
110000000111011111100010110111
11101
1011111000010010101000000
100110000100110101101100111101
1100111100100110000
010100111101111001100101011
11010001111000
011001100010010110101001111101
011100000010111
0111001100101
010111100000
01101001100000011100
100011
110000
001100101111011
0101111010111110010111110010
10
1111111000110000
0100100110110011
1011100101111
1100011000
0101110010101
01100110000110
1101111000111000
0000010101111001000
0011101000101001000000000
0110111111001111101010001010
1
0010000000101
01011000011001001011110111
1111101011101111110101011
0100
10
11011110101100001001000110101
10011
000101001010110100000
0011001000011100100
000101000101011011001
10001011010011101000
101010
0
00001011110000101010000
11111101000101101011101111001
110010010110111000101101110000
1001100110001101001000
0010101110111101
10000
1010100110000
110111101110
101111110000101111100
1110001100101101010000
100111101010000000
00
0000
11010110100110101011001110000
0111001010101001000
10100110001001000101010001111101
11011110110101101111111000
1000111100110000010
10101000110111011011111111011101
000100101111111000
101010101000001010000
1000000111101101001100
11011010000
0000001101110000
0110000
1100
010111000
1
010010
10100011110000100010101000
01110101011111100011011010001000
0110110000
10
100110000101110100000
00001011010101110000
110
11110
1100110110000111110101100000
00101110111001111110000
000100101011110101011001001000
11011111000001101110000001010000
0
011000110111000000110010101000
11111100110000
110
01110111100100101000001111
0000111100110110101000
0
101111110100110010001011100
0110001000
11
11101110000
1110010111010111000
10110100110110110011000100000
11011110111011100010100110
11010101110111011100
110000
011100100100000111
0101101100
000101001010101011111011110111
11101011000000
01100011011111110100101111111000
0001
011
10
1000000011101100000
11001101010100010011100010
10110010111101111
010001000
000010101101011
001011001000
0111001001110011010101110101001
1101110100
001101100011000
1010011000
00111101000
110010110010111000100101011
110001101
10100010111110000
1101010001111000
010010000000
10100100100
0111010000011110000
010000100000
001110110101110000100000100000
00001001010000001110110000101
00010111010110101110000011
1
1101010011101101101100111111000
010000000001011100
1001111001101000
01111101100010000011111000001011
011100000000110110111
0100100111
01010111011
0001010
100101011111111100001001111
11011
101011000000
0000
11011010101101010000
101010011000000
0110000011001001000110001000111
1010
10100101011
0000
100100001000
001110110011111
1010011111001011000
1000
0110000
1000
010000
001011010000001000100000
1001101110000
110110011111000
011010110
01101011001111001111000
1110000010111101000
1100011100000011010000
1100011001011
0110110000100111101000
111011001110110100000
000
10001111011011011101111011111000
0000001010
10000010
111100011110110100
101010001110000
0111100010000
10001001
1111111110100111110
1
10011100001
0111101111001000
111
0101000011001000000
011110110001001
00011010111010011000111
0
00001110000
10101010110111100101
0111101101010011000100110
101001001
10010100101010
0010000000110111101
1000001110000110001001
01000000000100100111100011000
00010101100101010010111
0101100010000111010000011100000
10111011011111
0100001110011000011010101
011010111111011100101
001100011101101111100110
10100111011000111111001010000100
1000
11111000
01011000001001010110100000
0001010101011110010000111011000
110111000
10011010010110011101101011000001
1000001011101
10010000100
010010011100000000
1000110000100001000011
0110010001100000111000110000
01001000
01001100111001100011111011000
10011111110001110011011000110000
1001011010011000
000001000100000011000100111
110001110001100011001101100000
110110111
01100000111001100000
10101000001000100100000
10000110111110101101000
1000111110001111100100000100
101011000000101010110000
0001011100001101111100101001
0111011001100000000
0100001111010111100000001010110
11010010000
00100001000
1010101101000111010101
001
0000110010111010001101110101000
0000001010000
1101100011001001001110000
1110110101110111010001101
10
11001001000111111101010000
011101110010
0101001010000000101000011010000
00111011
00010101000
000
11000010101000
0010101011011
1010010001001101100001000
1111001001000
0000100000001000001000
10011111010010
1101000001111000
010011000
10111011000001000101011110100111
1100010000
1100010011100110001011
100001101010000
110010
111010110110000101111110
0101001001001101101
110011010
0111100000011001001000
1111110001011011110101111010111
0010100
0000000
100011101010000
0001101000000
00000100110011111
1110010010000111011000000100000
011011000111
00000
000001011010010110
1001011000
1111101101010
101101
11000011000000
1
00001110001000110100
1110110010011000
01101100000100000001000
10101010001000111010000
110010100011100110111000
01110111000001010
101101011110101001011101101000
00000010001000111001111111000
0010110010101111000010
110011000000100110000010100
0111000
000001110000
0011000111010000
110110000101000
11010110100101010110
0100101100000011000
0
010101100111010110001
1000000
10000000
1010000
1011
010100011010101000
11
1110000010111010100100000
1010000
001101001101101
110011101010000110100001101000
11001100000001111000
010010101110001010001110
11110111000101011111011000
11
1101100101111000100100101000
0101000110100001000000100110
01011000
111111101001
010000
101000011101001111011110001000
11111001010010000
1010110010101110110010101
00110011100011001010101000
1111010001001000111010010011100
0101111001
1110000
11000
01101000
10010001001011100100111
101110011001111100111010011100
101010100011110010000011011000
110000
00111001010010100011000
01100011111000
010000100011001011101111001000
0010101001110010000010000
0001010000
00
011110111110000110110000
100000
01000010101110001
01101101010101000110010
0111000111111110110101010010
10110010100010101101001100
111010001011000000001111011000
0001
10100010001100001001110101000010
1010101001010100111001110010000
010100010000
1100001000100001000100011
01110001110110000101000100000
0111001101001110100101
00000
01000
0010
101001010
10000100000
001000000
111010010000
010101001001000111001001000
111101100111001100
00010010110010000111111010
1011100111001100111000100
0001111101011111100110000
110100011110011
1110110111111101000
1010110000
1111010
1010100001010110011000
1110000
111001111100100011000011001010
110011010000
101110010100010010100
0000100100001101010001001
00111110111000
000000100011100010011000
10100001001011001011011101000000
011101001011011110100000001001
1
10111000101100111010110000
011111001011111
00010011101
0011100000010111
0110111110101
1110010000010010100101001000
0010111001011111000111110
011110010100000
110
000111100011111110000000110101
101110000110010
0001000100111
11000010100000101010
100001111011110111100000
10111011100110100100110110
01011000110110
0010110000111001011010000
1001100000111101010001010101
011101100000110
10101000110010101
001
00001101110110011
01110011010001001
0001001110100001000
010000
01110000001010
010
10101100010111001111001111001000
11011101000010011
11101111010000
010001000101001100000000
10001110001010010110000
1111010010
1000001001001110010010111
01001110010001001101001000
101111111000111100000
100100100110101010100011
110110
00100111011000101111001111
10110110
0110010000000110100001000
0011101011000
0111010100110100011111000
00010101111011000
011000011100010001110000000
011010
1010111000110000011011110011111
0111010101110101101011000
1000000
100000000000
1101
0110110100000
00011001111110101001100001000
1
11011100110101011
01100011101011010000
1110110011001001101011110
111110
000000
0000
100101101000111000
01000
1011000010000
00110000
011001001111011110000
1110101110001111000000101010000
00110111001011001011001
110010011
0111101000000011010111101000
11111111011000110111000111
1001011100
01100100110100010
111
000
1011
010010000100110000001100101001
1101000001011101101000101000
0
100000101010000000000101000
10101101111000
101100010010
111010010111111011
0011111111101111001011011010
1110
0110011111100011110010000110
010111101011000
10110011
0111101111111111110001000
101101001
00101110010000
000
100100110010010100110110001
0000011111111001000101110101010
11010110110010
1101011010010110001
1101101111011110110101010000
0010001
1111111011
00
0
0110000110111001000101001000
11000
11
0000101100101000
0011010110100111111011000
001101001000001110001010110000
111101001011001011
100101001111001001100000
0110111000010011100000
001110110111111110111001
100000010
0001101000111
010111100100100100001000
01100100000001100011001001100100
1010100111000101100110
10101101111001001111
100011000111110000
10111111101110
1
01001111010000000
00110000101001101011011001100000
111101101101100000
00001111100111111000
001100010111000001011000
0100010000001101101000
0010011010011001100
1101011
11101100000111011
0101010111000110001000
1100000001
11010101010011110011000
00001000000011010010110
000000000
111101100
0101011
1100001010000100
1001010001110
0001110100101100
1000
0111110110101000011001000
00
00110011000111110010011
00111110011000000
001111111110
11001001010001101011010100100000
111110011011100010100000010000
11
000101111101001000
1011110100
000101101100111111010001
001000100001111011001000
1111101
110011100000000
100101001011000111000111110010
011000000
1101000010000010100000
1000000011111010000101110
10000010100011100111000
1010111101001100010100001000000
011111010110111000
101111000
11101
100101100101111100111111110
1010110011011010011000011011
1010010001001100000
011110
10001010110111111010001101010011
0000111000000
0
110010100110110111000000111110
0101100001
0110100001111110101110000
110001100010101000
0000100010010100101000000
1011010100101
001
0011011001011100
110110111001111100101100101
1001
11111011110011100001001001100
10110010100010000
11001001000001000
010001110001000
011111110111000
1011111010100001101111001000
00011110000011001111111000
01100100000011100100001010000
11100100110
11
111001111000000000110110011
101010011110110000010010
1
0101001000010111010000
0000110110001111000
00111100000
100111101011
000
000
111110100100001
1110101010010000111
0001000010010000
011111110010
0110100001010101011110001
1101000100010100001000
0111010010101100000110100011101
010110
000
1110010010000111011001
010111011011100001100
101011001101101000000
00001000111010011110000000
111000110111110100
101001111001100010111101000110
11010101001000
0001
0111011101101010111110110001000
0
0111111101000
1101011101000000100101011010000
10101000
0010110011
0101111110
110111000111001111111111
1000111010110110101
0001101110001100011111111
10101101100010001010001100010
01100110101100001011
00011111101000
000000110010010110001101000
01111001110010010100101001001
0011001001001
1000001000100010000001
11101010010101001000000
00110100111101000111011101010000
111000111100011101001110000
1000011101100010101001000
0110010000
010111111
0
10101010100110111001000101
100100101001010010001101010011
1101001101000
1110100110111010001000010
11
10001010000
01001010111001100110001110001110
101110
01011010001111000
01010111100001010100101111
1010000
0010001110001111111010000
1100101010
01011110111111101101
11001110111010011111
1
01000011100101100111100000
10000
000
1100100111101111000010000111001
1111110101111
0110110010011101
100110100010100000010
100101111010010001101111
1001110000
10011100110000
010100011
10010001000
01000011001101
0
11000100110101010100011000
101001000110001010010100011100
010001110110000111110111001
00000101100110000111000110011011
0110000110001101111011000
111011011101101010111000
00
0000010011011000010010101011
110010000011010010101000000
001
00001001011010100100111010000000
11100011001111111110011101
000111101110
00010001001110000
100
0000011010001111010110011000001
011010001000101101000000000
00010111000000111110000
1100001001001001001101
10010010111001101000
11001101001101011000010000010000
0110111011000000011001
100011100011110000
1001100010000
1100110011010100000
010001000111100101000
01101001010011
001100000011000
0110110000001110000000000
1011
000111010000
101111
1011111000000
0101100111
10101001001
1110101011010101000
0000000
110001100100
1100110111111111110110010010101
110000
111101110011011011001010000
1101000110110
11000
11100111011001001010100010000
011101000
1101001111110101
000100001001011110
00111111101001011001010001000
110011111
01101011101
1100010000
01101000111101000011
001010111
0000101011101100101
0100111110000
101101111110000110111111010
100101
110010011110001001111000010000
100001101100011011010011110
011011111100111110110000111000
010111111000111110111110110000
10100001000
10101010100101110000010101000000
001110110111011111
010000
1011100011110
0011110010000001111100000
000000110110001010001100
00001001100010110
1011000
01011011010100
00101111101000001011100011
1
100100011111000
00100010011000010010110010
10001111100100000
11010100111000110
000110101111110
10011001110000
001101011000
110100000000100000100101110000
11010010011001110010001000111000
0001010
0011010011011111010011
10100100110011111010111010000
01010111000010001
01010010110011010000010111101010
101111000100100001110001010000
01101111010010011110000001000000
000111100011101110011
1
1110110010100110000011101101
0101101100010001101000010111011
11110111010110010110011
11111001111111001100100100
0011100000111101111001111010000
0111110001101000010
00111001011000
000000100101110111010
00111011000100101101100010101010
110100001111111100
01
01000100011
0101001011011110100010000
00000
001100010000111111101110000
100001111111100010011000
110101000100011100001111000
001010110101000
011
000010101111111111111010011011
0
10110000011000010010010110
11111111
1111001011
111000010011000
110010001000
01111011101101111010101000
0010010010111000
101010000
0111001100000
0001111111010000
1111
11011011000111100110111
10101001011101110110000010011001
101101110100101010110
11111011110111111011000
00001111010110011011101
01100111110100000
0111010001111100100100001010000
01001001000011100000
00
00110100101010110
001100
110101010011011000
100000110101000
101011001111000101000011111011
1000010010000101
010
1100000
00010011001
101110011000111111001100000
1011010010010
1100110110110
11110111111010110000111111
111111111
00000
10000010010001111110011
0101010010000
00
00000110100011101111100010000100
1110010000000
000000000
0010000011111000
10000
00000010001001101110001001010000
1110001101101000
000101
101000001010010001100000
10111010110011
00110111
1100010110101101011111010
0111100011100
01010010100110110011
000
1111001100000100101010101011101
10101000010010
01000
0100110001101010000
11000
1001010111110
000111
0100010000
00110
1100000010001000
1000000110000001000101001111
111001011000
011000101
10110111011100000
100111010111101101101111001101
0100
1100100000000
000011
10100100000
11110000001010010000
1110000000
1111001001011110101111011000
0010000000110100000
1110011111001110000
11010101100010100101011000
01110110100110001000
110100010101110011100001000000
1000
10111111101111100000111011000
0001000011100
110101011001100111001010101000
110010010001000
1000111010011
1011110110011001010000110001
1110111001011100000101000
0101101101101001101100000
010000
0011010001101010010100
011010000000
001000111000010000110000
10001101100111000001111100011
11101111101001011110010010101
110110111000101110001100000
010011100000
000000
1000010101100011010110011001
110
00
1011010110000101101100111001000
011101000111
00010000
111011010111001
01001011000001101110010001000000
00000
111100010001
0100001101001010111001010110
11011111101100101000011101
00101
010001110101110010
1011
10101011101101001
00001000110010110100000
010001100011010011
0000
10111000111101011110000
10001010111010110101100000
011000
01011111101111010000
00000010
000110101111001100110010000
101000000100000111101000100111
0111001000
010101010011111000001111
101001000001
00011000101110001010011010000
100001111101
111001
000110000010010001011
110010000
111111100000110111100
00
10010110110
10001101
1110001101110011110001100100110
01110111100001010111
11010010100111
11110000011001011011010110100100
00000000
11100001001000
0111
01110010010110010000000111000110
001101
00
011000
10011
1000110000
10101100000000
101110011001111000000101011000
100111101101000
1000011100110111001111000
0111100
11110101110
00000111010100000
100010100100000000
101110001
011001011000010010
1000011000101
1
10110110000101001110100000
111111111000
1001100101010
010111101000111111100000
10010000110001101111000111
111011111
00000
1010010111111100001
11000000100111101101110100010000
1111011010110101
1
1010011000111101111011100
00100010100001010110000
011011011000
011010
1111110110100000110000
1101001100
10101000110000111101100
1111111100010010011110111110000
001001000
01
011011011100111000
010110000
01101111000010010110111101100000
000101100001010111101000
1001000
100000101000100010000011
01110010111010011001111000
0000111011100111110001000
0110000010111011111000
1111110101000010000
01001111000
1111
1110111100000000
01
000101000110111111100
101011000110011110000110000
101000110011101011110111101100
101110000
001000011110000
1001101
10000110101011110010000
100011110000111110000
11101101101101100110001000
00101010111100110
0101100100001100010000110000
1001111
1000000
001000
1100011101101101000
011000011
010
1001111110
0111111010001001111011001011000
0001001010110000
000101101000111111000
00
1010110111001111010000
101100000
111001010000011100000001
010
1010010100010100101110111010
11001001000
10011000001000111001010
001011010011100001101100010000
0110001010100010100111100000
011101001111000110010000
10110110100001000000
00001000
0111010011101000
100100011111010010110000001011
000
0101111100110110001100101
100000000
1101100000
01011001110100000111000
010011011111101101110011111000
0110001101110
111
01011001001001111101010100000000
1010000010000010000
10
01010101011110
01001000100101011
0101000110000000001011101
1100111110110111001110110000000
1110001110
101111010001000
1010011011110100110000000
1011111000111010100110111
100100101001100011110
100000000
100001010010101100101
010100011101111
01001100001
01100011111110000
00010110101101001000101000
001011110
111010101101100
10101101001011101011000
1
001101110
00
0001001110110011101000
10110000001111101100101000110011
001111100
10000011010011001111011010000
0011111100001011
100011010100111011110001000
000001000
00110001001101010001010011101001
1101000
1100011100100111101110000
1010110101001000110011101001000
1100111011101
1001011
111100000
111001011000
1
00100111000100110
1100100010001111100110111000
110111010111111010000
001100111110010101100100111011
100101000111010111110
1111011000
100011011001010101000
1100111111000000
0001100101000000100101011000
01101111111000001010001
00111100110100001001000
001001010100001011010000
110100001011000110000
001
110011111010100100
10101001110000
101000011000110000000000100
10000001110001110
01011111010
10
0
01010100110111110111
010110100101001
000
11000
0011010000
001100111111000110000101011000
11000110001011000011011000
10001101
000111011100011110111110110
00000
110010011011
1101101
010110000100000101110001
0111011100001100110000
0011111100101100000111010000
1
111
111011111111101100110101101000
11110
01110
0110110010100100010000
1100110110010
000
011011101000
00110110001001000010101010100000
00010111100101011110100101
01100010010010
11100011110110000
0010001111001011110
0101100101100111
11100100111011011001110011000
1
1
01010000000110100010100
0100011000
11
11110101010011110010000
101010110111111111101010111
01010011101010
011100111010110
01000001011000
1010111001110101011011110
01
1001111010111010001110100111
0110110000010100000001000
101000
00100001101101001010011011011000
0000
00011101110101010010011111001
001110011100010101000
010000
011110010000101000
1101110001110111000000010001
0011101101100000
00000110011110101110011
101100010101111
11101010101000
0101010110010100010001011000
101111100000
0101111111101011111010000
1011000
01000
1000100011100101010
11011010101111111100000110100001
011
010
10000000011000
11101
01010001000101000
0001111011110000000
0000
1101000110101
11000100010001
111000
000111100111000100
0011
11010110111000100111000000110001
110000011100
0000110000
111001000011100010101
00110010101010001000011110011
001000
010100111000001111100010000
11000000
00101000110101001000010100100
00011001111100011001
11001111010100110000
1
0100001
011111011010110110
100010111010000
00
0000
011
10010110000011011
0111101
0
010001000000
10011111011000000
1111100101100
1000011110000000111000
1110100010011000
010011000100010000001100000000
100110101010
10000100000110
010001111101101000
01000010111
1001100001111001000000111110111
00010001010100101000100011
0010111100000
111011110101101100000101000
000010111100000
100000
00100110101000000
000110010111000000
000011010011110100111101000
01100001001000010010110000100101
0001
1110010110100
101100011
10101001101001101
1
0110000101001000
11101100100
10000
1010000101101010000
00101000
010010101111100010001
1100000110010001011110110001001
1000
101000001100000000111001101
00001011010011000111
1111000
00111010100001100111010111101100
01
0000110110111110010011010101000
0000011111010010111111100
00000100011011001011111000
1000000010101110000
000100001000101100000010000
1000111110100
001110100001000011010100011
01110101000001
010111110101001111001
001
00
1011010000000101011111
0011000
0101010000
11110110111000000000
010100
11000
01000101000111
0010111111100011111111
1100101110001
10
1000100010011111000000
0
1
0
0110101010000
0001010100011000000011010100011
010000101000011001
11001010010110111110000
000
101
0101100111000001110
111
00111011110111
1111000111
111111000101011000000100110
1
0100100111001000001100011011000
011111010000
10110000111000010010001
1100010011000011000001
1000110100011001100001011100010
1101100111010
101010111110000
000101
10000101100100000
00010000010111001110100000001000
00000
0
00010111011101111000
0100001101000110110001010001
10100111000111101000010010000
10000
1101110
0111000001010100010001000
001011110001111001111011
000000
01011101010100
1111010000
10000101011111111000010010011011
000111101011101001111011000
10000110101001101010010111000
0010010110110100101000111001
00101100111101110010110100100000
111011101100010000
10010011100101100101001
10000100110
0001
0011111100010010001001101
00
1110011111111111100011000111000
00
0
0110111010011001101010
00000000
0011011100010110101000
101011101110010111110101001
11011001101111101110000
10110000
1110001100
1000100010000
0010100
011100011001000101000
000001100
1010100011101110
0000100000100100011110011
111001101001101000
1100010000110001011000
10011100101001000100111010100
10000
0110011000100101000
1100100110101011010111011
00110110011100
1101100000100010111010100101000
1111000
0100000001000111
111
0001001001001000011010011
1000101010100100001000
10001101111011101110100
11010111111101010101110001000
1010100000000101100101000
0101001111100101101100101001000
1110110111
000110010010111111000
11110101110000101000
0110011011011001100001001100000
010111010001100011010100
0111
011110001001001
01010100110001000000
000001011011010100100000
10000000
11111100101101000
101000010111011110000100001
010100110111011011110110010110
0100101011000001110001001000
00
0100011000
1000110111011011001
10001010101100100101000110001010
111001001111111100010101100101
00100100010011111010100000
11010000
0000
111101010000
000101011001111010010101010000
110001000
11111010
00011000100000
10001010001010
111011001000100000010011010
0
0001110100010110011110111110011
111001100101010
100110011110100
0100111100001011000
1110110101100100111000
001001
00011000
0111101011100010
10001101100111001000010
11
0000101110000
100101100111111111110111010011
0010
0100011000011000
0000
1000001101110110111010100010
001111011100101010001000
1111000000001000000
01110111110000101100101
0101101110011010011111011110
110011010001000
101001110111100000001000
00010011111001101000
111010010
0100111110111100000010001111
100011101000000101000
010100
0111010010011000100010111110000
11000001000001100100100
00111001110010011000110111011000
11001001101011111001111001
101010000000
000000
1000101000000000100001
01100000111011110
11111
1010011001000010011011000
101000000
00000010111010010
00100010101100011101110100100
10100101011101000
1111011101110
0000
00011001101011110011100110
001001000
111101111100000100101111
011111000101000
10100011000
0111001000101010001000011010000
1000011100101011010011010
0111011110011000011011
0011001100101111001001
111
00111110001000
0000000
0000111111111011100010
00
101011100001000
110010110100000
11000
01000000
0
10011
0101110110010001000
000010000110010110100011
0011100101010100110100001000
10110100100110001
01110000
11010001111000000001000
0010100
00000100100100001101001011010
00111010101000101
00101100100100001111000
01011111000111000
1010010010000
1111111101101111101110000
0001
11
100110101000000
1001010010001111011101111000
00111100111000
10101000
111011
10000
1100000111101100
0101111000
011
1011100010000
110011011011101
1100010101010010000110101
001110101010
1
01
0010100001000000000
10
110110111110000010000010011010
0110101001101111
10000
00110111000101100
0100101101
011010100101111010111001000
00110000000111000
0111101111000
00
11110010011100100000111000
00100000101011
0101110000010010010110110
00000111111010010000100
0111111100110000
0110011111
0010010010000101
0011001100101111111011
00111
01100000000111101000
010101111
10100110110011101000
100011010001010101110000
01100010010110010010010101011000
0101110000011001000
1011111011
1010110
010011
1011100001000
0111101100110011011111
000
000101000
000101001001000100010011
110110111101001100
11000100100101000100
100001011
1110000100101100000100
01011011001001010
0111011100100111101
00
00000011101000
001100110101100100101010101000
000
101110001000
111111110011101000111000
0001001
10000111000100000
01000000011010101011101
010110010001010
1
11000100111010101111000000
1101001000000000010100001011111
00111001001100001011100000100000
0010010
0010000111110010010110000
0010110000100
1001010100
10101011011001110101000
1111101
10000111010111111
000001000100
10011011000101011101101110
101110110011011011
11101100100100001000101000000101
101110111101110000000
11010101000
0
000
01110100100000111000
010100100000
001110000001110100101011010000
011101101000001101100
110100111010101
00011001111
1110011
000
1110001010111100
111110101
1101000
11
011011100101110101000111101000
01101001
01000000111001010001000000001000
01001000
11001000
1100000111111001110101010111000
11000010001000
1101100010000111010010
10000100010
11111001100101000
1101111000
01111101010001011101001011000
1010000
101001001101101100
111100000
11101110010011010111111010
01001001111111
11100111111100111101011
1100001000000010000
100110101
1111101011101111010010101101000
0
01011011100101000
0011010110111001
101010010011010010100101
00101001000111011010110000000
110000001000
10001110000110000010000
10011000001101111
0111011010010101111010010100000
111011000001011
10000100000
0000011110100010010101011110000
000110101110001101001001011
0011001000011000101
0011101000
01000
10101011111
000
0100010110000
001000
010111110111100010111101
000
1000010111001110
100010100110100011110101001100
0101101101101110011000
0111010110011110100
0101100010110101110001000
1001010000010001000
01010
110000001001110
01100110001000
00111010010110000
0110100000100001001010000
100110111000100000111
0110010111111000011111000
1110011000011001000100000
10010111010111001100011001110
100000000011101101010100010010
0
111100
00
10000000
1111101111000100111101000
0100
111
000
0100100000010101010010100
0111010011010001110101000111000
011111111010000
111101101000011001011000
111010
00100100101001010
11000010011011101100101010000
01001000
0110111
0101101100000000001011101110000
100010101000110010111111
110101110000
11010000
01010101011110010100
01101010010
11010111110
11010000000000
001101011010001100000
00111110000
11111101100101010010
11101010001101000000
101101001100000100
11110111011000101
001000
011110001011010000111000
10000
11
000101101111110100111001000
0010100001100101
01110110001000101000
0010010000010101011000100100000
10010101100100100010100111111000
000111101001100110000100101010
111110000110001010010000
00000110011010101001
011101000011000011
0110101001101000101100000010
101011001010010001100101011
1111100011101110101100101100000
11010101111000000
111110
111010011101001000111000010
00010011110111100
001
011110010011011001111110000
10100000011011110010101100101000
000
10100000111101001
1
10111
111001110000
0010000100001001010111111001000
111110011110011110111
00111011110010001101101111010
01000110101000110011110101011001
0001001110000
10101111100110110010101000
1011110100111111011111010
0111010010111011011
10111111001001010100010
10001010000
1000110011001111010000000
1110100000
001001
01111110010010
0101111000
10001010
01111111101101
110101000001000100010100100100
11111010000110001110110100000011
010011010000
1011101101111111110000000
10100011010
110001111110110100001000
1110010101110000
01000
000
1
1001100011001011010111100001000
010001101011010
01
000010111010
011101111000
011010111100001000
0101011011
101100101101000
001100111100010110111000
0
011001110110010001101101011000
11
011100100110001010100
001000
01101110010001000111010000
1111110111001011000
100011001110000000
110101010011000
1000
0111100000100010111100010000000
11100111
10001001010101000001101111011100
100000
01110001000101100101110000000
1011111110110000011000101010011
11011001011000
010110110010101010001101000
11010011110010010110000
100100001001100101
110010000010111010011110111
11101011011111100001
101101110010011
00010
011000010000000
1001111000111001011000
01100011000010001011010110
1010001101001010111010001000
01101000111011
1101111010111
11011101001000
1000111100101110101011
000110010000010
011110001100111101000
1101101110000
00000101001100000
10110000110110100100100001111
11110110011010001100000
000
1111111100111101111000111
1000001001101110110
10000101110110000111110100000101
0101100
0101011011011110010001000
0101010001110111111100110
11
0111110011
0101111101110110001100110
111111010010001110111000
00010000001
000100010001010110110110000
1110110001000001011
10011010101001100
0011001000
00
11101100100101100111000001111111
011111110111001000
11010001000001010110101
11010010000000
0011101111000101000
1000111000000001000000100011000
11101110111011000
00001001100100010000001000
000010101111010010000
110111101011000
100110
001000001100011001001101000
000
1100110011111
01
01011011001011010110110111111
101100010101000000011101001
000000
0001100111100111010000
01011101100100010100000
111000011011100110011101111101
01110000011101010000
0011110110010011010010011
110000
1011110001110
01011101011011010011010111001001
011011010111101001101110111000
10110001
0111111110011011100110
00101111101000
01111110000
1
100111000
0100010011001000011101110000011
00000110110000100011010111000
0101110100011100100111111010
11001000
100011001110000000
11101101011011101010
101000100111111111110000
0011100000
1001001001111110010000101
1111111000110110010010
111000001110001010000
01111001010000
0100
011110100110
111110000
1001
0
100101011001101110000011000
0111011011001
01001100001111000
1000101011010011010111010000111
10000011001000010000101010000
0
1100110011111110011100111001010
0011100
11
000110
0111100011001101001101010000
00
11110101000000010110001011011000
11001100100110
110000000
000101
111111000
11000
010010000110010100100010000
1100
000111001111000
011010001101011001010000101000
010010110000
1010011011101000111000
10101111010100001010000100
1111010
11100110001101
01101000000
00
001010001111
011010110000
000000000100110000000
1100101
11000
11100011010
0001101001001000
000
01000
011101011110010
00011110100000111001110000
11110110111111000010001111011000
0000110011010011011
100000110101001010000
000
1011011
0101111011100111011001111111100
010
000011000101
00000101010011000
0
1010010000
0001111001000001010001010
101001111
0001001100011101110111000110
100111
110001100010000111110110
0001110100110111011
1011000
01111110000100101101000111011000
00
11011110010100111010011000100101
0011001111010000001001101101000
111101
0000
1010010100100001
1110000
00101001010000110001
011111010110000
1110001100000111000000
11000110011011110010111000
10100010101100
11010100101111100001001000
01101000
11101100110011100001101011000001
101001011
01100011001001101111011111010
000
10000
001000
0000001101111110110
111101010110010
111011111111110010010010000
011100100011110111111000
00011010100011111000
1110
1000
010000010111001
01101110101011010001000
1011010000001
100111110000110
0011111011110100011
00000001000010011000
000
11000000011001110000
00010000
101001010011011010001011
00111000011
01011101101100010000
1110111010001110
01110
111011011
000001000100000000
0110011000001101
1000000
00010010100110110110101110011010
1001001000001110000100111000010
1110011110000100101010001010000
100000
0110100101010100000
00
0010111001110111010000
0010001100000001000101110000
011111100101011110010
0011110001
01101011111
00000010000
000000110100
011101101001011000100
10110000
0101110011100101100000
0001001101001100000101000
01100111011010000011110000
1110001011010001
1110000
0001111100100011100000110100101
000001110111011011001010
010110110111001
101
00011010
11011101001011000
110011000000000110000
1110111110110000100100101
00011000100111010111000
0
1101100
111000
000101100101
00111001101101011110010
1001111011101000
011000
110100000100101001000
0
001010010
00011100
00
00111011101100010100
00
0
001001110100011111000
00
1100
11101111101000
0101101010100100100
0100010000
101100110101011001110000100000
001001000010111001111000
0110
00110111111011010001100010
1001001110110
10
1111100111000
0000
110100010000
0111
1110111111101011
1001000100001
10011000010010110000011000101
10111000100100001000
11000011
001001111110100
00100000101
11110010010010000000
000110100000
011001110001000001100110001
001001011001010101011000000
010011001010000
10001
000110011
0010111110110010
1000
110100100011111010000
1100100011000010
10011001100010
010110110001000100110
0000110011110100000001
1001100000100111001
01010001011011010000
010111101010001101001110011001
1101100010
1101001110111001100111101000
11000
110110110000
00110001101111110011000000
1010110
010000
1001001000
0
1110111100100100001111011100100
100101100011111
110010111011001111010100
00101110000
111101010100101000010001111
11111110100111011000
110110001001011001000
1011101101000101011
110111000001010111100000
100000
001
00
110111000000
0100111111001111111000
00111000001001010000
00100000000
10100101110000
111101101110010011100
11000110100101
1111101100001101101000
110000
1111100
1011100110010000
10110001111001100011010000
00010000110001100010100110000
1110111100
1110001011110011001011000
0110001111110111110000
1001100
1000
1000100001011101100101011000111
101001000
0000
0110011000
11010010000
111000111110010001000
0110000
001010111101101
11011101101110000
00101110001101101011000010001000
1
01000101010111100110011101
1010000
100111100111000
0
1011011111000
1001110100000
100110111100000
1100011110110111
11110001100111110001
10010011000010000110100000
111001011111011000
000101011010000000
11010010101011
1110
001011
1
01110100111001010010110000
10000001010011001001110000000
110101010100111111000
1
111001101101011
000
1010011100111111001100101101010
00000110011101100010
0111000111110
0100110000
0000111
100101100001110111101
0110111111011110010110000110
1101010011001010011000
01011100011000000
01011101101100011111
01111011000000110000110000
01
1101011000
00100000111110100
1011000
1100111111010001101110111100000
000100111010101110111010011000
011001010101011011101010
011000001001100001000
000011011101001001001000100000
000011011001010100110001110000
11000111110100
000
0011010001111011011111010101
01010000011000100100101101
0011000
0110010011111010101010
10100011010001001000111
011111011000
0011011100101100010000000
11110100010111011010000
000010010101101010100011
011011
0111110111011
11101100011001110010010001
0110011000
1
000100010011101100001
11011101110111010010111000
110111011011010010111010
11010011000010011001001010
10011011111111100110110
110100000010110000
01
01011
000100010010000000010001000
1110011010001010101000
11000100100010100111001100000
0011000010011110101000000000111
1011000011111111011110000
111000
100000001010101000001100001000
0101000001110101110111001
0011011111011111000010
0110100000000001101
1100001000111011111000
0111101111
0111001010000100010011111
0111000100110111000101001100
101010100010110101011
1010101011100011110100110
10100000100000011
0111000
1011100100011000
001101110000011000
111001100010100000
00101011001000111001001000
10
101000
010
10110000
0011011100011010000011010
1001100000010100
1101110
0111010001110010101110001
1100100
000001010110000
110100001110101100
010010011111100010100
0100000
10110011101111010111100011111
11000110100110100110
1000
1111000000011001010
1
100001100011011000010000
0000001010011011010001
00011110111001
011001
100001011100100010011101010
01011010110111100000011111
1000001000
01101011101100011111010011000
11101101101010110111000
101010111
0111100001111110010
111011000010011000
110000010001111000000000
10001001010011110001000
110001000100000010000111110101
10000110100100101100100110000
10000
00111
100000110010010
10100001
0111000
1001011011110110110000
0
010001011010011111100100
101011010001010110010
01100111101100101000
1111001000
10101110
0000
0001000011010000
0001000111101110000
00
0011111110010001101001
1001000011001000
01011111110101111111
01111110000
0000
000111011000111001111010001100
1011101001010001010000
01100110100110100110110010101000
10000111101010000110
0010100000
001000010111100101111010000
10000010001001101000
101111111110
110000000110000010001001010000
000101001000011111110110000
100111100010110101000
00
1010011111011011110000
11001100011010001
010111111110000
00111000
00101010011000101000
11100111011101001001001
000100011100011101010001
1110100100001111110
001100000
1010111011110110110011011
0011111101010
101001000110001110110000
1101011000
01001000100101000
10100111101000000
00000
0110101001011001000
111101001110111110001000001
00001000101101000101000110000
10110101011011010110101110100
01001101001001001001001011
10
011110000010011110000
000
11100011101111110000
1100110010011101010000001000
111000110011111001010000010000
0001100010000
00111010000
0110101010000111110
0
100100011100000
1000
1111000
001
011010
110010011110110101000
01010101111001101010000111010000
01010101011101001
0100001000111
111011011100100
00001100100101011001
11111000011101110000
101111
110101101111110001111000110000
0111111001011111101110000
11101111100101
010011111111011011110
10000111101
0001000
1011
101000100110010110
111011011
1110111101111010001000000000011
0
10001001111010110011101000100100
010000
10101100000001001000100000
1111000010011110110111101001
010010010000
001001011101
0000011000001000
00100110000011101011001100111000
11011111100000
10110110110001000
11110000101101010011111011011110
0100000111100101
11011011010010011011
00010000100010001001011010000
1001010101110000000010
11010101
010100000011011011101100000000
00010001110111110111000
0100000
1110000010111
1101011001000011
10111011000
10010000111010111
100101111110101011110010001000
0000101001111000100100110
01111101100
00000
0111000011100010010000
00000
00
01
0000000100111000100001001110
000
0010110010111100000000010000000
11001000010101111100111001101000
1111
111100010111000001001010000
111
001101100110100010111000
0000010111111000000000000
10010000001101010011011
001110100010001011010101110110
01111011100011110001110000110010
000010
0011100001111111101110110
1111111100100010000
11010000
11110111110110101011011010
10110001101000110101
1000
11100110100000011
0111111101001111
11101000
1111010001111100010100
10
1000
111001011100100110000
100101100000010001000
011111011
0110011000111001111
10101001100000000010101000
001001100101000
1001010110
100011110000111110001101001101
1000
10100000000101101101111000
01111100101111010
011010100111000010000000
0010100000110011100010101000101
0111011101
0001001001011110101011011010011
11011101011000010010000010000
10111011110111000
1100101011110010111010100000000
00011000100100001000
11101101
100001000
1110000010001011111100001000
0010010000001100010000011100011
01000000
00100000
0101101110110000
011
11101
10000001111101100011110
1010111101011001
11011
101000010
11010000010111001000
00111010011000000110110000
101000101000
10101000
00110001101010
0111111101101100111101010000
0011000100000111011110011
00011
0101110101010000
0
101110001
1010101000111100000000
0110111010000
0001001000
111011011010100111010101
10001100
00110
1010110000010001100
010110001101001111001110001111
1011010111111001111000011101110
1111000101001000
1000
10111110111000000001000010011011
10010111000100100011100001
1111100000111001111
11101100001110011
11110010
111010100010000
0011100001000010011010101101
10101100101001
100101000101100000
10101111101111110000011011001
000
00111011100111001
101000110101011000001000
010000
111100000000
11111111110110100111101111
010011100100001110100000
111110110000
0
00000
011011
111000000
110011101001100001110111
101110101000
1
110000000011001101101000
00101101
11100010001001001000
01110101001011111000111001
1000
00100011110111000
101000
10110
001000011011000000010000
0100010111101
111000110
10111001011100
1100100101000
111010101011001000
1110000101000
1001110100010
1100000111001101011000
10101000101010100001000
00000100111011010101101001011000
0000000010011
0001111110010
111000011000010111
10101011110100110000
001101111000
01000
0101000
001001101111011101
0011
1
11111001111001
0010011011111
10110110010100110110100
1011100000
1000
101001000100000001
100111101100110110111001010110
10100101000001101000
0001111111101010000
00100101100001100110100101
0010010010010000111111100010101
01110010101100
01100000101111011000
000100001011100111100000
1011011000100111010
00000
1110111
1000100111100111100001011
011100000010
0010111001111001001001011011
000
1001111010011010001001010001000
01000
111100000110100
1011000
1010000010000
111000
111010011010000000011010
1101101000
1101000001011110000000
1110110
0010
011000000110101111000
11011011101111100110
1000100010101101011101
1101011000
1110110001111000111010110
00111
1100011110001110011011001001100
10000111111001
011010001001110100001100110000
1111101110011001101001001111
100100100001101
000000000100011101011001111100
000010
000011001100001110001101110
011000011000000001000
1111000010000110101111111111000
001110000010010000
001000110110101000001
0000010110101001000
010110010101001100
1
1010001111011101011
111000
110100110110100111010110010
11000010010111010011110011010
0111000111010111100110010110000
00010011110000111000
0000000111011001100101000
110
011001
1010
110110001010001000101011000000
010111101010011110010001100
110011001110001111100110000
0110000011001110111000100011000
111011111000100000
0111011000101110101010111000
011101000100010
1111
101111010001111100000
01101010010000
011000110001001
00
0100
0000111000010110010000101000
1010100100001000
00111110000111010111110010010
1100001101100011000
00000001000
111110001001001100110011
10111110001001000
0011111001110101110
010001100000
10100100100001
0100110000
0100010010110100111000
0110010010011001000
10111001000000111010110001000
1000
1000
00001000
10000
00101100001
100101000010101011110101
11001011000
111101001001000
011000010100111000
00001011101110100011001111
010001
01
0010
0000001010110101001000100011
001110000101110010100101000
01001000000011010010000110101011
010000101010011100010
1000
01100111101000110011000000
0110110010000010110100
1000001011111101001011110
110110010010100101000
11
01110000
0100111000
000011001010011110
101
0
0110100101001001110101100111000
0110100111000000010010111100000
0100101110100001111
0111111011010010011110000001110
11101000111110000100100111
11
1001110110010110110001000
01001111100010100010001001
01000110000100000
10100110111100110101
10000100010000101100110110010001
010000010001010110111001110000
011000001111010001001110001011
011110000011011001111101000
010111101000110000001111010000
1100100010101110110001100011111
10000
100110000
001101101000101101000001000
0101000111101001110000100
000111
1011000
01011010111111
01
110011000
101011001110101010110000
00001100001000011101000
00010100010110
100101111001000110000
1001
1111001111110001101000111101000
0101101100011001011110
1110001000
10
111
110101101011001010
110101111000001111010000
1
0101011100011011101000
01000
0100001011100101111011000
10000010001100011111000110000
00111100011100010011000000000
00010001000
01000100010100101001111110110011
001111
0010110
010110101001001000
001101000000
110110111110100010010000000
100001000000010001000111010000
001001111110011000110
1000000110011100000
0111111001001100110001001110000
00001
1000101101101110010001100110
1010000
001100000111101000001110010001
011101000101011000101110
010110110111010000010100001
1010
11000110000101010000000
0100011010110010000000000001000
0000
110000000001000111001101111011
000110010000001010101010000
101111000100110001
1110100010011
011100000100101101101000
000100011110101011
0101011011000
0111
10000
1000010011001110000
111000000011001100110000
0010011010110000000
1110001010111010
0100100000001101000
01
010
1110110001010110011001
10100100010011000010100010100
01000101000
1000110010111000
01010000101000
10011011011110000
1000011100
00001
11000011011
000101010111100000
11011111011001000
0
11010101110001010011111101
000
101111000011
01101111100110011010
000010000100000010101110
001000110100000111101000
111001110100001
10101100000000010111111010001111
0001110111000
010101100011100001101011001
10011110010
1111010
11000001000000010100100
000
01010001000
11111110100110010110101011000101
011000010111100000
1010011000
010101010111010001000
1110111110101100101101111100100
111001000
1101101101000000
1010010011
01110110011
1
10000
010
010111110100000
10111111
1110100111011001000
1100000
1101
01101001010100101
0
1010001100110000010100000000110
00
101110001110011101011001110
11110111110001100111000
1001100101111000
1000
00011010000100011010
10011100000101001001011000100
101000000011000
0111111010000101100
001000100110000010000
0101001
1100101100010110000010101
011010110000110100101
1111001001
110101101101000
1011111000000
1001100000
0000
00
0100110001011110010100101
0010010011000000110100110
0001011010001100
00010000011100010111010000
110100000
0100001101100011000
01011000
0010101100000
1110111
001000
0001011
10001000
001110111111110111100111
110011101000000110
10000111111011000
00
00000100001011001111110
0111111110111001
001011001000011110000
10100101111101011000000000
1110111110000110001000010111
0111100
00111
110011000100000101000000
01000
1010001
101
000001011001011100101101000
1011110111101000000001010001000
000100100100
100100110011001111000
11100010011001010001111000110101
01100111011011111110111011
1111010110000011111111111000
01100
1
000110010000101000010010
10100100100100100010000
0011110001100100000001
000010110101100
1100
01101
01010001010110000101110100000
10101010011001110111111
101100110
011111111111010110010111101000
10111100010
10100011110101011111111
01110010011011111001
10000000111001001101010
001001110010001001000
011000001111001000
1110000011100000
0000
101101110000111100
01001
011010
1000
011001110011100100010110
100010000
00000
011011001000111
11010111
11010110100010110110111
00100100000100110001000
10000
1101000110000
0110011110
1100001110110111100
0011101100111110011000000
010110010101001001011010
0001111111000100010000000
0111000101110100001101100100100
001100101010010000100
01110101
0011000101100111001001000011000
110101011011100000000100111
0000100110010111000000111
10
1011010100010111110110
00011111100101
010
0111010000000
10110011000
11100010010000
11000000
110001010100101
0010011001110001000
011
00010100111000
010
0100011101001010111111011
110101011000101010000000
10000111110110011101011111
11101100011100010111010110
000101000
110000010100
010100111111000011111000
1111010110000011010
010011001010000
0001010101001101100011000
0010101001110000111011011011000
01010010000
10011110000101110101001001010000
111010000010111011011000
1111010011
10010100001111000000101
101101001101
0100101111110
0000
11111010110100011111010000
11101000101
10110010010101010101100000001000
000000
0000101100011010000100001101000
0
110001111100100101111110011
000000011110001
011000101101101001001111110001
01111000011110011000
0001
01110100010110000111011111100
11010010101101000011100
0110011000
10
0000101
01010011101001101101100010110011
11011001000001111110
00000010000000011011100100
10010111111000111000111010
000110101111
0100011010100000111
0010000000110110101000
111010010000100001001001111
111101101110000
1010101000110011
11101011
00101100001000
0100010010000100110000100010010
1010
000000000011010000
11111000
11011010000011111110000
011101011100101100001000
11110100011010000
110011001110000011000100000000
10000001011001110001
110001001101000100000
0110010000010110
111001110101110001010110101000
1011011000000001000111110001000
1010000100100001000
11001000
001
00001011011001000
110011000011010000
10001001000
00111011101110110111110000
101100110110110001
111010011100111100110011111101
1101001001101011001110101000
00000001011010
10100101011100000011101101000
001000
00111101110010100010000
001011110110110000110
1011101010101110000
00110111101001111101100111110
0010111100100011111101001
100100110011101110
10000000010000
1111001101011001001001011000
01000001000001001000
111101010100011000100100101111
11000111011101111101010011
0100
11110000110110001000
10011010010110110100110101111000
00111101000000010010111000
0100101100
0101011000
010100
1011010111111011101110
01000010100011100100110001010000
1110011110011100
01010100100000101010100010
01101110111010011001100001000
1010101100001100011001
10100
1110110
10111000001101000
1011101010110101001110110
01000001101100101001101010011100
0111110000011100
000000000
0010000101000101010101111110
100011001011110000100
101
111001000
01001100110000
10
10001101110110110100
001001001100000010000111010100
11000110010111010010001000
11000110101001
1010000101010111010011
00
110110000100110111000001
11000101100011011101000010000
11111101
0111110111100011110011111101000
1001011100100101110011011
1100111011000
0101000111
100001111010000
01
0101
11011100101011100010101110000
101101111001110011101000
001100
1111010110111000111110001010110
0011100100
0011000110010111010001000
1101111000000100110
001001111010000000
0001010111000001100100000
100110011110
110000100000
1001000000000000
1110101000
100000101011011000
0100011010011000110000
110010010110001
11000100001001000111000
10011000110100011111
10110110000111
000100001000
11011111111000111000111110110001
101111001111000
0111
0000000
0111011000010000
111010010100011101000
10001100011101011100000111000
1100011000111000100001
10011110000100011001000011110000
010111111000101001
00101111101011010
1111111001001000
10111
001110100101000000111101000
10100111001001110010101111
000001
0001111100101000000000
110101
00001110101100110
1000101100001111000100000
110000111111111100110
10010111
0100101101000011111000000
101110000100000000101111010000
11000001111001000110110000
1
01010110010110
11001011
10110100011111000000010
010000110110000111000
0111101101001000
1100111111
01101001001101001
01010100011000111000
00101011
000
011100100000100111111010001100
010011011100010001100000
011111101011011111011000
0010000010111111110100100000100
00
0011101111111110000000
1110111001010111101011001000
101000
0
1011101000010001110
000000
00
01001101001000100110101001001
0000010
10100100000001000000110111001
01100010010111
0010000101110000
10111000
10111110100101011110011110001110
001010101110111010011010
10000000
101101111101000
1101001111101011110010101011
01011101111001111
011000110110000
110111000010000101110101000
00011110101000
1011011
11
0000
100001010
000
00011000110010010000
10010011100100110000111011
011110
01100001100010001111101
0000001111
1101101011110011011011000
1010010000
011011101011010100011
11111010010
010001011111110111101011111000
11
1010110001
10001010001100110000000111000
110000001111100111001000000
101010
01101111000
0000
110000000
1010011111100
000100110011
1100011000
1110001001
11110111011110101000100000111000
001000
0101000100101110011100
1
000
001000001000001001
11101
101100101101110000111110100111
11000010000000101111101101000101
01011001010
1100001
01100110100100000010011000000
0111111100
1011100000000111000
1
1001100110111000
0101111101010101
10101101000100111000101001110001
1000110101
1111000
011110101010010111110100000
0100110100111011101011
11001111101000010001001
01011111101100011110101001011011
000011111000000
1010001111000
101011
10100001000
01001
001100111010110110
11101010101110110101000111000
011000010110110110010101100
11000111100110011011
1100100100000
110000000001000111101010111000
111001111001101111001000
101100000011
0010011000101
10001000111110011110011000
111101110
0100001000000001010
1101000101011110
0010001000111000000
101110010010000000
0110000
00000001000
010100101011
00011011
1110101001101011111100110
1000000011001110001011111000010
111
00011110011000
01000011010000101100110011011000
1011011
01110000011111000100010010110
10011000
0001
0011101011000011100010
1011001001000
0001111
0110110001110111011000011100011
10110100000011111000
01000110100011000
0011111101110
011011111000011010010110
111001101101
11111011001100011101000000000
10110010101111101100000111000000
00011100011110110
1011000110010001011000
10110
00
110001000001000
001100111010001000
111011
01000110000
11000100000010001010010111001011
001010001001100011110101000
10100110011001010010000
0111011001000001100000101101110
111011101100
01011011111010111000
00001111000110101111000
001000100
00100
001000
010110000111001111011100110000
01011001
0
0011110011101101110000010111010
1000
01101110010000
1
0
000000000011110001011
101000
01
00100100110
000000
0110010010010101010000
01010110000010110111110
001111100100
0010010000000001011011001110
0001100100111011000
1001100110010000000
0101011001010110000
00011100111101000001011111001
0010011000011
0111000
000101010110
10001011010111010001001
101010
0011111010101000
0
0000011000000000101000
0100010001010
000100010000000101
00
1
00111011111000
10100001
11110100101011011000101
001
011111010001
011000001001100110001001000
0100101101
011101010110010010101000101111
101000010
01110000
01001100101110001
001010
01111100010111010111
11010001011101110
000101010111000110011010
110001101101010001001110111000
01010000
1001100001000
1000110000010
100
100
11111011011001000110110000000
10111001000100110
0111001100010101010101101
11
001011101000110010011101000
001000000001011000001000
0010110110001100001111101110
11010110
1010011000100
1110001101111001110100000110
00000010010110011110
0000000
111011111000
1
100001101011101110101
0011101001011111000010
1000100110000
10011011011010101010011000
011110100110001100000000
11010110110000
111
0110101000111110
111011110111000111100111100000
111111100000
001011010011001100000110010000
1101
0000
100000000101010
1001111110100
00
0011001101110
111
00011111101000
011001111111110100100111001
0100110
00111110010111000
0000
000
0101010
0
00100001011000
010111100000110
10010011101010011000010000
111001101111000
001100001
100110100100010111000
0100001000
000
10000
001000000
10
11110000111010100000001010001000
01111110011000100111000
0011111101111000
11100000101110001101011000
10010011000111110101011011101000
001001011000
0101111110001101000
001
1110111000011101100010100000
01001001010001000
0011100110101011000000000
0101100000101001101001101000
1000000
01001111111000011101000
0100001011011101000000000111
101011101101
0111101111000010100101001
0100101011111100110010000001
1111001110101111001110
101010000001011000100011010000
11100011010110010011001001111111
11110100000000
10101101110111101111011011101011
0
1110
0001000
0011000101000
100000110010110011011100
0011110001010110110
110110000
000010011111111101000
1110011110111111110111001011100
1
000000
11010001
0101100111001101
001
001100011011010111000
10111
00
00111100110000010000
0010011111111100000
1011001011111001001000
1111101101011101
100001100110000100
01100100000110111101110100000
00
010011001110010
1
0000
01
111010110010001100
1111101101001011010111011011011
1001000001000000
000010111000010101000
0100110000000
100100010010101100101
0110011010001101
1000000
001101101110000111110100
111100101100110001001110
000010111000111101001100110
111100111001111110011000101
110010
000
111101
00111010011000011010
10100001011111010100101101000
010010001111110
0011000
00100010010010010001
010101010001101001111001100
000
0111111100011110110
11
10100
11011101000
100101100111001000000
01001100101011011110110100001101
110101111100011101101001100010
1110010110101010010010101000001
110000010010001000001000110
0000000011111000
0001
1011000010000
01000001010100000110011000
1
11001011100110001011000
01111000000001101010
11101101010100001101001
110010111010101101100010111101
1101110100101
101100010101101011110001000000
1010001011101
0000
111100111110111001011110001
111110010101000001000101
1110000000011000
1
01011011110000011011000111010010
000011011
11
1111
1010110010000
111
010101010011101011010111000
0000000
00111010111011010100000101000
10011011001
10001100011111000
00011001001100110011000000
000100111101010010001011
1000
10010101001011011101100
01011001000
0011111110111010101111
00101010111011111011
11001011000000000100000111
001000011101
0110011010100100101111000
100111010101000
010001100010100111101000
10100100010000111010000
11010000000011111101010101001
01110110110000000010
01011011100100010110010110000001
001011100001100001010001010111
00100110001000011110100011
1
00000101111
1010001
101111001010111011110000111010
000111100000001111011010101101
0001000000
011010000100001000010011100010
1
000100010110000
0000000101101100100110110000
110011101111011000101010001
1000101001001
001101
011111001000
00100000000001111
1011010110011000010011000101011
0100000
1100011101010100011010
1000110010001010001111011000
0001011110110000
11000101110111
11110000100011000
1111100101011010000
000010001000
001100011001111000
01100011000010111010011001
00101
11010110111001101101101111110
101000010001010000010000100
0010110011001011010110000101001
101
011010100000
000010110100000010100100
1
1100001100000100111110110100
111001010000
1000011000110110111011001001000
1010100000010000110010001011
0001101110100111010000010
011110100
1111110011111100101
10100000000
01010010010
01011101111000
1101
11010101011011110
111111011000101010110000011000
0100101101111011010010000
1001100001
0001011001
11010001010000011100001110
1000100000111101000
1010000100100010110000111000
0110011111111100
1011000
1000111010
0010101000000
1001101010101001111101111001000
101
0110000110000
00010010000010000101000100000
00010
01010010000
100010110101
1111000010110101000000
10101011111100100100111001101011
101011110100
11010001100000000101010101
0
0001110111111101001
00001100111101
101010111100111000000000000
1100110000001111000
001010110010000110101000
101111000
0101011110100
000
000110101011101111101
101101110111111011001001101000
0000101010100011110010011011011
1110101110011101
0100000000110001111111001
0011011101101000
0111011001010010
00011111111110000100101000
11000
11010001010011101
0000
000100100001000111110
1000110010000
1111110101111001001
1101101100101001001111
0111011010110011001000101000
10100111101100011000100001000011
0101110101111
000
0111100001100000111101110
010111011001101011101
01010110010010111100011001110
000111010001111001000
1011111101011001
1110000
10111010011111001000
00
010010111000
010001100110111110
1111011101100100111111100000
11001000
1111101110100
1
0000
00000110000001000110010
0001001010110101000100000
111101
0111101011101110011101101000
0000011101010
0111110101110000
10001001110100101111111
100110001010
1010110011000101001
001101010101110111011010010000
01000100101110001111010110
00101000
11111101000110001010001001000
000110
010111001101111110011001101001
01010000
10
0
0
010001101010111000
1111111
011011001110110
00011101011111100001110000
01000
10001001000
100
0100011110111110100000
010111111100010010101101001
00010010010111000
00011110111000
00000011011
1100101110011001000010
110100011100100101000
1000111101011110010111
000
0010011001111100101011001000
0000011001110100110100000100010
010110000100000
1011001111011111100101000
00010110100000010111
0010110100010000
10101000001011111010
1111100001110011001
0100010100101111
1110010010100000
0000100101000000
0100000010101100001111101000000
01110011111110110110
10100
001111110111011001
10010001100111
000000
0110101101011000
010111110110101
100001101101110110011011011
11111000010001010101
11
0000
00001000101111000010000111
01000
00
0010101111111
10001000011101010101000
001001100110111110
0101000111000
10010000
00010101101111000110100
101000001111000
1011101110001
11000
1011011011000000010
10101011
0011001011
0
11001000110011101000
00010000
11011101110000
111110000
0110000001011101100001011000
10011011011101000
0100001001001100010000
0
010000000011011111
0010000
001
01100100001
110101101110000011000100
1100001000100011001
1100001011
0100110010100000
000101110001011010000101000
11101000011
00101000000001
10111101111101110110011101000
110111111110110
101100000101111
000000000000
111000101010000
000
1100011001111001011100100000
0
0110111000
00111000101
10010010110000
1101110011011010010
1011111
011110101011011110100010010011
0001100011010011111110
100001000011000111101011000
00
110100000110010011
01100000001001000011
10110001101100110010111110101010
1110100111110010101011000
1
0011010100010100001101000
11
0111010111000000
01100001110011
000
1111011001000
000000011111110100101000010
1100011000
01100110110011100010
00011110111
10
00000
010011010000
100110110111100100000
00
011001000
010101
0100001000100000
10110101100100101111001000
000010000000
01111100111010001001001110111000
01001010001000
01010
010110001111100
00
11110110011011101101
0101110
001011000
100001100110101011000
11100110010010000
000
010100011011010010100000000
11010100001011011
0001101110000101
11101
10101111001100111101111110100111
010110001010
101010100011101
01000
11110110100011100011010000
1100000
00000110101110000
1100000100101
00110111001111000
1001001100110000
111010000100011100111
000
01111111101111101111000
11100001111010000110000
1001110
010101101001010111001000010000
0
01
1100110010010111011000
11111110101100001
01110000010010010000
11111100101010101000
10011100011000000110010101000
101
01011001011010100111100000000000
11111001111100110
010010101000
1011111011101000
1010100011000001100111011
0
000110011110011111001101110001
00
01011111000000001000
1101010000
00000000
00011101
00
011000
001000
0100100011001001100
0000001011011
0000001000110
01011010101101111100011110
1000100110100010001000
0010100101110101000
0101110100000
10101010101011000
0110001101000
001110
0101000100100100000100
1011100010110010100111011000
11100111001110000010111111000
01101110111010100011000100
0000110011000100100000
01001000100
01
011010100111001011001010111
100
111100100011010000101100
110010100100110010000
1000000011111100
0011011010110101100010010
01111101000100000
111001111110111
0
100111010000110100011
1101001011001010001111101000
00011100100100101000110101111
11000
000
10
000011000
01011000100
11101000110111011000
100110010100100010
011000011011000000
00
010010000
010101011001011101010000000
1010010101001011000
00101
101110111000
011100011110101100000
0000000100101111100000010000
0110101101010001110111000
0000
10000100110
11
1000
011010101
100001011100000
01110010111
11010010101101101
01010000110001111000000001011110
010111
00011100000
00
11100001111010010111001010110000
00
0000100
101010001011101000
1
1000
10011111011100000
110100010110
10011001
0000101011001111100111100111111
1001001111
11110010010101110000
101001110111100110001
00110000011011001000
110001100001000
11101
11100011100111
00111011010110011111110001000
1000100100001110000000101001
0101010001111011010100110100101
1011010001101110010110001010
01
101100101001000100
0101110011001010110010
0100111010000100001001001101101
111001110110101000
1011000
0110110110100110000
01110101000011
1011100100001000100010000
01111000
001000
1011110110101111000011
1
10000
1011110111011110010010110000111
1110011101010110010110001110
0
00101001101111001110010101
011000000000110010010110110000
1101111111110110101101100000000
011000100001011011110000
0010111101101000000110101111000
11101110011000010110110010111110
10011111001111011
001
0100100101
1001010000
0010011111110111011010000
001000110001011000100
010111010111111001010111
0000011000001100100010100110000
0000010
01010010010011010000011
01101111100010100111110000
010001101010101011001100000000
0101001
101001010011010
0100000101
10010100101111
11000000010110000101000
00100111001011100011111001111011
1111101000111
000
1
110000000001111001111111
10101110011010100110001
111110111011011
000
10000111101101011111010100001
000
100101001001000
111
1
101111010111111011000
0001011010100110010000
101000000111000001111
100101101100011101
1101010101001100000010000
11111100000100111010011110
11110010010011001011100110001000
1010101000001111010000
011110110101011100101000
11100001001110000100011
0
10001100001
11100001000
11100
01010010100011100101111
00110
000
110111011000000
01001011100100010011110000
101000110110110001100
0101000
111011011
000000101101101001111
0001010110
111001000101101
0
000111010001101110001
011000110001001100100000
10
010101100010101010011000
00111111001000
00011011100111010000110
111010101000011000000011000
000010100000000101101101
01000110000110000111110000101000
000001011011000110010001000001
00010001011111000011001001
10101001110000011110101100000
0011111100011100000
011101
101110010001010100000
111001110000011000100010100111
0111001010010101001110011000
111111000101111000
1111010000011100000
01000111
1011010111000111101111
1110110110110000000100100011
111001110001001111111010110110
101010110000
101000101001000
011100010010011010010101110
11001000101001100101000101101100
000100011100001011
00000110101001011100101111000000
00011101111011001111111011
110010
0000110011
01011101101011000001111
010010011010011101011100000
1
00010101010100
10101
000000
10111011110101011101111010001
110100111101111110000011
101010100110111
01110111001110
10000
110010110100000111100
000
10011001011110001101111000
0
1111000
110111001000
00010111110010100001011
1011010
10100101101010000000101001
1101011010110010010110001000
000001000100000
1001001100010011111010
0111010011001
100010110111100010100
010011000001111011000
10010100110000011
1100010100110010111010101110
10110101010100000111100
10101101100000001010000000110
0111001111
0100000000110101
10010111001111011000
10011101000001010010010110
0100001000110001100100001000
1
0101001110001011000001
0111101000100011001110110101
11100011100100111000
101001111001100000110000
000
1011110001011000001
1
11111000000100111001001
1
011100001011101010000
1110000111010101001101101
10100100100010001110000
1010100001000
000
01011101000
0000101011110011010
0001001100110110000101100011111
11100000010100
00100000000010100011101110
11111001111100
0110000101000
0110101111000
101011000111111111000000
00101110111000
001100010101
00000010000111
10000001001100000100100010000010
1011011000100011001110000
01110111011111000
11110110000111011100110000
00
0100000101101011000000
11011010
101111000110001101110
00101111110111000
001111000001101100000000
10101110101010111101111100010
0
0010100110110000
11010110010000
0011000101010
000
110001001011011100110101101010
11001
11010010000110111
1100111101010
1011011001001
001
101100010101
00100100100100110110
1101000
1101100000
011101010000100010110001011
000
00000000
001000111
0000100100000010100000
0000
10001000111000
111001011110001000110110000
0100010011110110101
0000001100100100010010011001101
000
10101000
101010111000
1001111000000
00111010000010000001110000110
00
011000110000110101111100000
000100000
001010100100100
11010001100011001000101010001100
0100000000
11101000001000110101001
01110011100000110110
111101000100001000010
000001101110111010010011001
00011001011
00
11100101011011101101000
0000110011010001
00
01101
0000011100001011000001100010000
1
011110101101010000
11101011011001010101
100100111
11100010000100101001000
0000100010001001011110001
001011111011000101101010111000
011010100000011011100001101011
1000
00
0001101110111101010
0100111111010010000
0001001000100110001000
01
000011101011011101111101011
0011010
0100111110011110010
01111
010101000101111001010000
11100101
001101111000110100
1101000101001000
1111110111111101111
01000000010100000
0110100011111000010011110110000
011000
00000110110000001111011000
0000000110110101100110011101011
0010001111000
000111010001011111100000
01110110101
1
000101100011
10100011111011010001
10
00000
000101000
010000
1101110011100001
00010101110101000
001000001010001000
01011100
0000
00111111001111110
101110010101100000001011100000
10110001100000
010011101110001110010000
01010
011000010000000
011110001100000111100101
01001111111100111010010001000
010101001011001101000
010100
11010101
00110011010100
00110000110100101000
1010010110101000000
0001000111111001000101100
1
10001111001000
10101
0000000111110110011001100011000
00010110001100000000
10010100000100000
01111
010111
001110
001111110110001110
0111000000101011011100010000
10100010111000
10010101011110110010100011
1110000
001010010110001111010011000
01000011000011010001
0101110000001100111110010000
00001011001011111101101111000
0110001000110111000100
1001011110001110110001100000
10101
10101110010110110101000
0010001101100100000111000
10011111
01000000
1011001011010001001111
000101110100111011
1101111111000
10101010100100100001010
0101110010000011000011110001000
111001110111110011000
1010110011
00110
0101
00011110100000
10000
0000101001110
0100000000110111
0101010010000101100110000
1100010
10010101011000110
0001001
011000010100010010011001
1000
01101101000
010000
001101111111000
01100111110001111110111010
000111011101111011101111
100
0011010111100000001010001
1111011111101000
001
00110000110101001111
011000001101001010101100
01010000011110011110101
1100100011111011110010111101010
011111000
1100110001010000110110111010010
1110111000001010110100000100
1111110000111001101010101000
0111100000
10010
00010
0
11010010011100011011110000
10001100010010001011000
00
0101100101010101
1000101111011010110011110000
0110111010001111110100001100000
11010000100000101101100101010
1001101100111111000001111000
01000
001000100001100001001000
110001011010110100000010000
001001000000101100001000
000001001000100101001110000
01110011
1001001111111111000001101
000010100101001000
01100001011110000
0100110111100100001100110001000
110111001001100100101001011000
11111111001000101100101
1111101011010011001011110
110010011100010010101110011000
11011110110000
01000
100010110111110001000000
101111110010101111111111011
00
0011000110010111011011101
0000010000
1101101011101100001110110000011
0111001101111
1
10000
000
11010001011010011010011001
1
0011100111100000
1100
0010000011010000010011110100000
110001011
1001101001110111011110000
000010000010110000000000
001010011110010100111101
0111101000111110
100111101111010001111000
010000
010010110100011010111010110
1101110011111000010011011100000
01001000011100001001111101111
01100111001101000
10100000100000110111000101111
1001101100001111100011101000
0000000000001000
101000000011110
110000001000111010001010000
001111111000111001101010
011100011100011011
0111000000
11
11100010111000
111111111000100011
01110101110011011111
000
001101000
01
11000
0000111010001101011100001000000
1
000010111000100101000110
1011010011001000011110111000
1110010101000
1001011000
101011001100111100
100011011000110100
001001000110001000111000
101010100101111111010
111010101111001100000110010100
01101101110001010010011100000
011100011111000111000010111
11111
100
10100001111101
01101011101001000
10101000
00010001110011011100011
11010001100010101001111001100000
010111110111100001010111110
000100111010
00110111110000100110011010000
11010
00
0010001101000
11101100110011011110010110
110111000001101000000011101011
11111010001000100111
100000001100101010011000
100100100001000
111100110111100111110010000
1010111110110000000110010
001
100110010001010011001
1111000000
1100111010011010101
10000111101011
0101010000100010000000110101011
01
1010011
01110011110100000
00100111
00101000
111101010010001001000
101
0000100101000111000010011
11000011110011000
101010000000011000010011110111
11101010101
00011000010000
1100110001110100101001111
0
10000
01000110000011101
01110000
00100100010010110100100111
001010
11001110110011111000101
0110100110001000100110001000
1000001110110001101101100110000
0011101010100111111000
000010000011000010010000
11110111001011001000
1001001101001
011101011101110110111001101
1010101000111010011111000011001
000111011001101101101111101010
101011110
10001100101001
11001111001111001111010111111
001000010000
1110000
1111010100011111000
101111010011000010011
110001111101001100000000001011
0101
101001001110011111011110011
01001000011111000
0000000110000001001100010101000
01000011010111000111
1110000
0101110010111000111111000000000
0001
1110
00010000111000
1000001010110111010110101000
100000110100011110101001000
000000
0
01010101001110111011100000
01
0000110000101000
1
0010110
10
0110011111011000
110101100000110100000
001010100001000000
1000
01000111100000
001000110110110100000001000001
11010101110000000000111
0001111100001111
001
01110000
11001000110110000
00101111110000011110001101000110
0111111110101111010
110101101101010110100100100000
1
101111000
1000011111001
11101111110001
1111111001000110
010010010110111010000
01110111000011011
01011
110001100111001110000101000
1100111111111000001010000
11100
1000000101111101
010111
0100010100110100
10011110100001001010110110
10100000
10101001000
00100101100011000010000
10100011001
111001111111100001
1110111101010000111101011101
00001011111111101011000
111100101101111110110110
11010
111001100010001010000011100
00
101111010101
010111010010010110100100
10101001011110111011111000
01001011101000111100000010010
1110001101011110011000
01001100001110
00111011001011011111
11001000011111
100000010100101001101
100010000001111
01000010011011001111110010000
000111110010001000100011
01100000
0000110011001000000100001
111010011000
00011010101000
00011010011110100000
10110001100000
10011110111001101001010110
001001011011
10011111101011
1
1011111110
1100010110011110000
00010011
0001011111110110000
000000110011110010111011110
011011101110000
111
1101100010000
10011011101000110101110110100000
10010100101010110001000111000
1011111000100111
0011111111
001
111010111000110010001
010000000101011
00111011000101100000101110
0000
0011010101010001010
1111010010110000111100101
00011011100001010110001110
111011000
111000101100110101100000000
11101110110110111011010011000
11000110000111110101101100110
11101110101111000
0011010101110010100000111111000
111010001110010111100010100
0110011010101100100010
11001010111000000
0001
0001010010001110011110010000
011100000010000000
0101100010001110010111000010000
0001111101
10000010000
01000110011100100011001000011
000110000
01111111000110011000
00110010111111
01110000
11100000110101000111
110011000101001000
111011000010101011000000
101100111000
111010
01
001100010000011100111000
10101011000001011111111111010111
110101100101
0
01110111010010000010100
0001101101000
0100010110100101101010100110000
100000000
010010001100100010001100000
1010011100010010
101000001111111111010100110100
00
10000010101111110001000101011
010010000
00101100101110
1011000110000
10101010110001110110111
000010100010111000
01111110111111001110001001
10000000111
1
11110
1111011111
00000
1010101000
1111000
011101011110001011001000
10100110000
001100100100000
111010001110010111011000001010
11110110110000001001010001000
11101101011001000000001010000
1110001011000
1000
1100101111000
111000101
01111
10010011110011
10
0000100100001110101110110
00
100011100100111000
000
1000010
0111010111010011111110111111
0111101010110100100111
011100100
010010010100010101
00
10101101100001000011
01101000
011011
11011110101011101101
01100011100010110
11110001110010100010100011001101
111001000000100101111011000
111111011001101000001011
111111101100111100
111101011
10001101111000100001
001010101100011001110011000000
1111001111000001
100010011
0111010001
010010101101
1000001110000000
1111101
10011100110001110111010
00011101000
1110100001001011000001
10100110000010011000000
10001101
0110111001110001010101
01110000
0000
000100010
000100100110
00011000
001101110011100101100111000000
010110000
01100011100010110110010
1001101110011010000100001000110
100010
10100001001010001010
01010100111111000
11100000111000
000010010110010001011000
0100000
111
00
001010010
01100111110101001010011101100
1100001101110000
1000
01010000100111110110110000
0110110011011000010000
11100011100010010001110
0111011010101110000
11
011101101011
1001110000101011111110100
0100101010100110110010000
001100011010111010011000
100001000011
1110111101010001000100100000
011000110000
11001000010011010000
1101111001101010111100111000
0110101101000111111110000
1000
0000110011
000101000001000
01100100101111110101001100
01010101100100010111101101
100110010001
110110
0100100101110000001011010111001
1111000
01111011100000
0111111011
1001111110000110100001
100101100110011001011110000
000101
11001
01010000110111100000101011000
101000010010
11100011111000000000001001
00010101100001000010100101000
10010010111001001111101100111
100011100010000
11010101011001000
111001011000000
00110101111101001010111111000
0110000
01010001
110010000101000
0010010011001101110000
0111000
00001010000111000001101
110001011001010
011001010000
011101
11101
1101011001010
011000100110110000
00101100101000100010010110111000
0110100100001001011111110101000
0110000010011100110000000
010010110100001011100001100
111
01110000110
00010010000
1100010000
110110000
01100000
00111010
01000
1111111000110011100001000110
1010000001100
011001101110111010011000000
10011
1
00110100011000111101001
1100100011000
001010000001010001100000000
1111110011101111010011011
0101000111100000
111111001110000100110101
1001000110011011100100111000
011110000101011
00101000100111000
01000010100100000000100001110000
1110101
00101011011100110010000000
01000
010110010011
1111010111111111011110110000
100110111100100010011
01100111110000100001010110011110
11011010001111010000
1100001000000100011
11011011000001111010010
0111101010111010101110000
000101110
1100111001010011000
10001100111111000111001000
111011001010000000
000000
00111010
110110011000
1100000
1001001001011111011110001000
1100101001000000
10010110000011100110111111000
001101101111000101100000
0
10110110100100000011010
010110011
11100001000
0
10010000110001000
0001000
10011000
1001010110
0111101110011
10000011110111101
000101111101000110001011101
00101010001011001
0
101100000110110111100100000
100101101
00110110001011011
00
111001010101101111110011100000
00000101100000010110000
110010111000011000000
00100101000
00
011011
11101110111111000111111010001001
0101111
0000001111110101010000000
1111110001100
00111110110011101
000
1111011011001111010001100000
110100110000011000101000100000
101011000110110000101111
110000101001000
111001011010
011010011000
0011001000000100110111111110
00001000011111001101000000
01000
1110011000000011110001100001101
1
1111110010010010111010101000
00011110111111111111001000110
000101011011010010000
11011000010000110101010000
01110000111111011110110000
111111010100010111010011
011000
010110001100010000
0011010000000110000111001111
00101100010001000
0011010110001101000000000
0011
010001100001010110101111000000
010100010110010110111
0011010
10001110111101000100
000000
1111000
0010001001010000011001001000
0010001100010000100100011
1011101101000001001001
11110010110
1100110
10110101000100001010010000
100011010111111
11110000110010000
10010011001111110010110111010
00000111110000110011
01000
1101101001111110101
11101011100001001000001001010
00001011
0001101010110010000001000
1100111010111111110110
001000110
001101100101000
110000111000000111100101101
101010000
0
0110010011111001010010000
11111111001101110101100000
00011
1
011000101001111
00000
001110000010100100000
0111101101100111101010110
010111100101111011100
10111110011010000101110
00101001000111111011111
100101010110011001110
11101010
11
0101111010011
011011110000
00000100001101111111111
0100110000
11100
11001001011000011111
111111011010111100111010011110
01
1110110001010001
0110110010111
1111000
0000101000
101110101110101000011000
0010111
01101011
01
110000
010010110100101001001011101000
01011
100101010011110111100000110
1011110000
10010111011000
100101
01010110111
010101
000110001001001000000
10100100011000111101000
110011100000
1010110
01100001000000000010101000
01000111001110011111001111111
00000
11010101100100111100111000000
00
1
000010111100000010011011000
01000001000
0001000111001110
00000010100101010100001110100000
00100111010000000110000000000
1001100110010101110010
11111001010
1011
11101000
010001001010111101000111000
0101101011011100000
00001111000
1010111110000110010101111011101
101000111001111000111000
00010110111
00110100010000000
100001100100000001001
1000000110111011011110011000
010101001010000
00111001110101000000
10001011110111
0111111000
000011100
0111111011011000
0101010011011010010010000
101011110
10011110100011101010111111010
000100011010001011011110100
000100100100000
0111000
00011110000100101000
0011010
01110011010010100001010
11000100100010111111000
01101111010000011001
0
0
0000101101110001111110111001000
1010000011001001000
1011001011111101
00100000
11100100011110
000111110110011110000111
0000
000
101011000010100101
0110110010100100101001000
10011111110010001010
0101001101101111000100
1011010010110000111100
0100100101100110100111110
01000110001010101000010
0000100010100000
011000
10111000110101010011101
011011101001001111100111111000
1110101110
110000011100110
011111010001001110000
00100110010110
1110000000001110011000010010
0101100011000101
000110001001110010001001001110
100
00001101101101100000
11101110110
0
00
0
1110100000
001101111000
101100000
1101000
010100010110000
10100000011000
000
00110111011100101111110000
11100111110100100110
1101111101000000001000001
01100001000101001110111110011
10101011110000110100001100
01111000
001011101100001101001001001000
10001111000010101010110
000110011001101011100110100011
0111010
10010111001101001
1000001101010101111000000010000
1110000101001000000110100111001
1000
11110110101
1
111111
1111001
00100001111000
0100010101000
00100111010
00100101000111001011101000
0001110110000111010
1011011111111100000
1111011010001110
011001100010010111101110001
100000
0110010110110000
0000110111001100110000
000001110110101110010110
001000110011001001010011011000
10001
00101100010001000011001011000
1110011111000011011101101
1111001011
1011010000000
11100
00110100
10100101011
1111001101001100
111111101001110101000
0
110011000010111000
0001100001011101001
11111101000001101
101000011000111010100101100000
10001000
100000101000010111
1110001110
000
11101000001111010100001010
111010001010001000110100001100
1
00011111000
111001100001100100000100011111
01110001101000
11010000
110111
11110111111010011010101110000
111111000111011011001011000
1001010110000100000
0001010011
10011011000110101000
0111011111101100001001000111
11110000110100101000000
00001110100100001001100011
000001100000111000110111
01011000010111111001111100
10011101011110001011111000
010011100000000010000011
0101001101100100
0110011000101011101
0
0111001001001011
1000000101010100110
0111100
0011010100100010010110100100
1101
0010110111001011
00
011111000000
000110100
101011101011001
011111101101
10110011001001100011
0101101110010100
00100111000
1101101000110011
0111011110100101000111000
1111011000110100001
0011011
10000
00011010010110000011000
000
00101001111000011001000001101
01000001100011111110100101000
00111110000
11001010010100000111011
00
001011000
11111100111010001111100
0100011011100001100
1011
0
1010000
001000011101011111100
101101000111
00101100000100101100000
0001110001110000001001000
00001111011011111110011110000
11011010110100010
1000
111
1011011011110001100000000
10000000000
0101100000
110011110100111100000
0011101101000000
100101100010100100110101000
010010000011011000
1000
1010000100101000
00111010000001111001000
101001010001101010110100011
01110111
0100001101010111111000101011
110000
100
010101011111111000110110000
0100001010011011000
1000001100111
000
1110101110110101000
0000010010001000
0
0110000
01101010001010101111111001
01010010011001001100001110000110
000
00000
11111110111000110000
1110010100001010011110000000
00110
1
101001111000010110101010000
11100011001111000011111111000
01101101010010010100001001
10110100110111111101100
011101110001100100000
01010101101100000000
000110101001011101101100100
001000
1101100
01001000101000000111
011
00000001000
111001100001011101111101
11010011101001110011000001010
0001100000000001100
00
011011
0101110011011001001000011010000
111011100010100
010001100010110110111001
001101101011101100010011100
0110001010000
11101110111110000
001111011100100010011110000
011010010101001000
001100000
101101111000001000
1
0000001101100001101
0000101111
011001010001101110111010101100
01100101011111
0101001100011100010011101011
1000
1001010001000
0000000100010000111100101001
0100010101000
10000011011111010010000000001000
0010101111001110001100110101
010001000
0101100000100000
1010110001111110100000
00110000
11011001010001101101
1111100100000100000
10000011010
1100001000010111
1001010
001000000101100
011000
0011111110111011001010101000
0000001010010010110000
00001011101110100111100
1011111101
11110
1110110111101011
1
0100
010000100000101100000010010000
0010111010110100000
10000
1
011011
01010100011111101011111
11010100000
10000100010101011100
1010101110000000
11011011110
000
11111000100111000011100001000
0111000
10011101101101101000000
1100100100010110001001101
010100011000
0001011000011101111011111
1000101110100010110111111000
011101111001000
00010011
01000111010000110101101010000
01011100011000000
01110111011000101011000
111110000010
00010011110100110000101100000
01111
0101110101101
0011010001110100000
1011010000
11001100000010001100
010101010000
1000
0000111001101100110101000001000
100010010010101
11111100001010111010000110
0100111
0010110100
0101101111010000
1001110111111100110010110100000
111001101110000
1111111101000000011000010001
100011001111000000
111
000111010
1
000011111011110011011
00
11101000100
010111000001110010100000
10
001110101111000101010
1111001110
00011100101001110100011001100000
01111001100001000
01011011101110101000000100
1100000
010001011101010011100100000
011000110010000
100
01110000110010110001010101000
11101101101110000010011011110
11110111000
000001111010010
011000100100101101101
1100111101000001010011110000
11011100000000
01010110000011011100001000000
0011101001010100100011
00
0000010001001110010000
110110100110011000001
0010011001010
1011000010000
1111000011001010111
00011000010
0
1011001000110000001
0101
011011
11010011011000
00011100001001011010001
100000010010011111011101
11100001110000010111010010
11010011110000011100111001101111
01011111101011011100011010011
0101000110011010000000
011101000011111011010111
011001010000
110101000001001
0100110101010011110001101100110
00010010001000000
001011110100011001001001001000
00011000010101010010001010011000
000110101111011
00100
1010101101111101010011010
10000
01110111110100000000
0101011100
10101110001111010110000
001
1101011001100110010
1000001
0101010111000
000110010101111000000
11110001100100000100111110
00011001010011100000111001000
10001010111111
1010000101000010011011011001
0010111101010110000111111
100111010100110001011000
1011011000110011100000
110
01001111000
00
111000100110110011001000
011111011111100000
1111011100110111111
000110101110111001010110000
00001110101101000000
01111100111100011101000011
1010001
0000011110001
1111001001000
1110101011
1011011011101110101011001101
1101011010010010000111000
11010010110001010001100100011110
0010010001010101001110001010
10100101110010000
1000010101010011111100010000100
000101001111100110111000000
11011111110100110
00000011001110
11110110011010100100000
0100110001000110001011111
1010100111101
1011101
11001100010010000
11
000000010011001001111110
10000110101100000010
11010110100001110011000
0000000
001000101001111001000
0000000000011010110110
10000011011111011
110011000001111001011011
100101001111110111
101000
11111010111100000011111100100
011111001110011000
