43932983208542261301482057130831
8236056169
117
54158454341709
61351
58046624082261488368
3079595709210704093551382941
5257953874
5962732715039882699
61143251213807553420942267
1597109550530712953
0030931253968073
231
3086969482516917
951449068900202750355
637
83611967
475465495276441
878287452215363
92726739573366006309
4889274274
555665771444204858
2910483719021535964304553852
01
09
0014679445065681
546655055050044212629815
56316984254485507647315574
07662800561912760364837695
9869244351930806
28062
4410165921892679792
508630645836
1847388471242319380
549
01
2815625459435041281993076597438
4697226261092172012952683690912
0748389128472497050371431
184127698271
536854329223428402337237
8474871046
24941
77539619722157654672637
76436236819
827627474165722928174
412486454858076934931
458546350532542519956254
00105684181102117943608978439473
7959140542489
61811341003307753754
6
876364
886920027751683746746832063479
6348244841368372872746858345
137117708206613573007389680
101736972839
91650965732520738431445
51522800592275809
428
77713457226965285433774807669
37
168787845858360
6279386995729
986586097834962397386
940111330034135771194862282087
6697579840
96439342927
33009216035
99884796311249154542037
0871286671335846738
80384414519002
0604214071286259685601827279
899975331823811570082787054163
95923091969945773488
146060
070797
02990626401347423680695401289644
469
1800288
58030012
15401207544147901760081452143
9259
27838670113683644093471487984671
90046113845
78190656383625189769379204989247
6117454164
868321611
8403492964632
71894751
22814394736153342193016686
877412433243293947804674
4079367517952295040527680
25333717038866664
634
13779039498152624355319626
568038889653877983372348969836
3056713726038
301310798046227783
90272824354
006
78141898766153183158004656314122
041651340616090
4627979825112996871781434215
23898815867627
60092802878960632215038605616506
50660976312790890579
813579347518965061
49288077201506762125440
3070207166588747
92413
19792709948151511371668258
0701305657679639067336788
125012907438525777062
8814480
8892576
5239767040024
91604945802035446893540657
934052393032734183568687904
171863148360632322
912785400
60
435527212157455377903094087829
31369876
380324
91061309053339946729802509
0600089920472
30083793172572276
619259901225305236
595311861684686122657718
6711
938497484471125352992
997610600991050
7
606
3452
8138315719565581
1
899
578487620590
50709338407224366
3474
86
2721304
68981740390182
728152678280
4
3046
7270
774579861726243695497524950
9
16199
322907493838100566
36848107906667922972602
10539783565527724337
151146173423469784333
838734
05381665280729
236965058245274461432607022
030005849037466834989724317
8699298271152745483253392397
7723922189089
242465411271616026430904
26526867269395410848676994195384
60835870371738907490100877
488452462431571868068477825
6254924086867357963758964
30
5072
4774273749479664564688
47
24
7983872
1508615390
6996842688802396954198328271
8
41286025089989
52
377640314979
90292
351843
57769079361689549931713145606417
57948435148650381
5409284379475
5291
135619846695135732979568572
406422598279422455944781033
0902188817473246434368715068
240080454577615298045700
53097874196842675
0442651039
91068818474
724616
1972999651604067437853
5138721361581543970307230473165
67250249705
550461400200498146898584
50738986217796778687342649
4283522158356612103838476522931
996137921106136
26202638167569
5214460615066940203295450
4634950197339389327088
555
3718835031517035514
322548982805358781
08446655658161
77409832890397
78379882757
8
595779733
8775635052821087
06856209694864244630909825630985
36407947834845842
463019893608033895
161908739984200611040713
0205012961634906280689087
4839452509927
1
24153
063982426778809603328457
029
0501268384261598762923
99864943263
21468
650141625190
86
1060126283387
53587539971537
44048711807
42
80833440133950
1236
189313972283804400
8135266322878818936940843
878116666414326244
84463457891915
15400158
19350276919110841811912629614890
923
2365097046494329710454326048801
2262374584767948
46594241991921856973625384287472
4058
242180108
449888548533
08786
02762221402192271
1083144434854378
567752
267636301075791631905590746496
6177757842555905858
718503836872898780832244676
4012610196653172614760348
1050436209390493264193770424
8962136261184312349121129905526
908297174461684892
38020248140
37705909072
5753599952100919298
2729915058342256368391055
403120960243412870575
9488491
18702201504249492837240257638
19259357805690
641365390378431
2289563
58461360808227511602783098
556842330845186
89391360976699690434086
99129678801719312190379383123
484293015145071478283143934872
96802205787
44738761768883213611796675
8254706281760
584288632957105357473874337919
2885511357806356680699737163188
7707737709
938283913334787249371365482028
705277
06461653
0486307
504958193253664
220067766945634755380641395
5963368
84636961830130034244448
1169757204763585133928988234328
69940192182300890080006
82513863636592555521277
70411419167
6196136
9387296107324561685362223157
31261228938964786938503
420127687
1113869159
3462837318584112
71409411405382065291810418818
094
11337046801357510985717777
3137199057958704630745404
676169615521957236307877
1308160089179532875402097262951
376868874990
4498
9986
72593291190832959504415500512
048349
86375684951856832439
891007906
73693473743307661784253598
36446088491189404450111962201
2535897323150
2874834905329696263
9692431815793883929351023556185
9590
09590
801544946737706071294429
454580077694166020712
2619218521111742987270242
303220629098
05158125892182061224435837
24230030228914992
695
03939333540150
9750528090749849
672052216868
48120187970933752821715651
3641
139974605469265106
42773133029607720432941670302
53058033519907186768320641
7217618723108306046384
8646968675522598411971325859
73177916
66844328366654095253471088747935
5809
86516481388047066629102827179805
6530239
89505087481968653492112543365
63603994411026392821697881
519310643
97
67496011630875226732858168343442
337
11191749762247
5
991849889107268
863012446002104
5192254154464970741
38
5891046070724783508260299694249
735668134334646488848262948795
657317628164353401950219263827
250610232773143604583005064
58578638
75771121911011
45225327
81094047716078311423902818458842
3
7691436
877
385762378350659627592
1362828849600071875086
39
117846562557
26022719585126931125172889042838
4562938097
773444
9227613774845767029107601
167
09088600947878222508657287
26082695700559555108
69015487184048
79723755206159738784337
83882335612293899023
625990935332819889
111260116258763040551241926071
67133
526744321948270061
97
450034
751928978984936718357540548165
8233980100168565556574922487
19910853
565954
2137514503716
5067060524093205504528322683091
789820523050109757934389416662
998370268130823
894635140129396178651
95258352577362364351965943
254655419203241155667353121
34983672
571596688158765846620180066
853669530246683
8733305293259503190138
643945977708
237701179854131872158981600190
6851132
982195230549677259336480059451
2863153379050657382344322755373
73493878616296529289258
4994
6771060073
1233
23081565
3884688751552915492154
81177272994603446315084600
87186804315071740317
8147019992524
45625974984681395260951
8380294390
3103243176970181365181950
4276872591265854534373
8898
0548689532773234
71922736151351262194534649785225
385285763716
9559380418513309453461
588527817555794833065
825325
682884560592919737425382506591
64571819706807554685401
5005510504606374119
8932212162809333
244653166469439
476940364149042026
7324349698348407890283070
254513925144699502692806
930
49602567816
27428800707072646269373656
2334775214073494144510823
32018680
6
30874833142
0545
793088
51348278
37
1345489372
8893315471692489873073279277
62632013087
7118388738406745357
10415238992533689936350153
0801632
37174955
114467300484761
927589252448
23364934786432735943233100201268
95173774097656428553064504
04227677061360374148810265609561
96711832998320642344060
1129869223473661051885519
6089
7318451161971835728243840998381
7459536
99871175744490
40326702302218669
9864544690053744909072163622102
691506369360
219443450719781235151506356498
50603390159089187881479234029930
77743757629223002436315395
72
50770096536235961339837
2869
0705679563277659435862350866
519283912656306422702818
0365149134535750302051
174689848035326740208173614785
88681547580393659822858817072
2665903866130
5825514857723170289671272
604
7258190247745603102
8738526539140296941452419
1242
7997697
703252123282560052615614164584
66503681519182947913381
8833712
0917102853202597853434
77046664
39390322476596610544327
26113935561742548425589857500
6697830986923588
8452743489
10413369470246742380
700725659480910466650172588678
3645628467557347
490555838437363914347066
7492792469413745552606842997
400867387277
719659746884572406995
6953537507412044216
405807304581
14060024459401
497545080131359851490891668455
5103222785293041717813656
542129968933422328789635
84756
7346
82785483755475048126
031728627389843482629560427
9102
994833965540549472264381158
424015837990901
31543311
314428306814788215115343119
87920457141037823899067
743895385459851093736
20
49308754884
761
2553266947689
81886303667443590389180233852446
37245913458056273744
389397008454709698920589
02490902154
0776370776688944304166940972
57288535788107613814
0914466
8706197567549837327008032384
2039416729948
958113387
2342579434686575063
81870407950394761748654
631857578122341225786638233
13197600
358963397906472750
1976770579171532681005702510
9260872533109057270608321
7966928
5170179943
3537954886117966215602496028636
982274417186497777607690335
10584571447614207402752680
2656850392830590801
484657680028227250041
5929711967360011863481
074464851
638157
99809799593625782050229053102643
4040877315870853022133700987730
6635715135798
579016686203
8
75209918872095757328896464
003
50312348
688971336046
171006825137
44969954106982470
7730427699264235320223238210860
9551021485684762321195296606250
497448718764158
98227
784987956373965970165836294336
162724785428585322222500858775
9780626
74656286369043
890019726225785108
16964845010747551379219422
7993810213996027
65275007208993157982
310389860635466436
86689389859
2786525
6163268
632630503648586
8683550008
319023507404599384637228034526
4892857113017104
3993571375989688654354860860
857434943334153068530911397
01439584594701889556292326207627
24
3685120757
886000021
604674528
73643733351215219320680
19
974431122629206
79
35765787514429492552877066
931
022807569198
3086326204105113520
22462632
73076104455001444760
37091579942
857160521161088124742
2
40316519395054698990845671148
76435571072823619
980586685994046663265
47434091035861634609354
24680641
424383021279486733744
516050
83201916873
153439870102736725157346
594
1331109782621718844
615775388574601325887
6464576075709256742
52559836713
435058
3606284826866
7868915177291385655568
839144663517369446845
9082
754670
5699781291581736881
642337237457885865019097135
2716277123098610753131
08274624173452866022
07623558420747644326900169
6901089585783175
4158183376
299509550341418081824007618
221320466
7053161
49309831655
41571
963242885607502633177899941
253
8653581372983797969711946432
8309658050937832088175416799
15482851523058975480
8940450118128
89520512645619490962287
297999446997
9844558345
82587410
24694504
452005454
35608906709609706553425596728
08326142
112344641467602
428611774704245678415994
9245603034
9495843439686560920679
4252842928739230233382836
59
86538180917334372149488808241632
073210958
305953228856
31422950179251312
792790537189978829471134293
72009053973104492688734910481
66860053407407270
884270689586328
560
48734403740868681786
589864075083125269
50705220566379778885634
802748805146820
4334786791321053
67427
03577441
639765168080969
13568
00392643749
73722
67546135250325463999250761343641
837896502424805
135968214689916597483
66221471115328471293177
9830721098159414842995
257711989774424715650
049897550617182572658954
00717462970748487530949513050
8082943970678393321140
458
709868839
212613296942207
9271908401724734150834340072
1495333
182132
56
612483716602546141261800
72123739
970680075254877
590694532
3
07
99503808686711112809482948528944
631995096421542
36712050170261425
01759795910252637198439727
32858134223532059
2338367706762136147518390
084027780527902297978552096581
363488446640404019968
23559013088097945
58166
314896193081589896323113167349
37975221433826145567713994408
695886137150310840995690064691
7994266664942
1795709405231579665697
451666939713
96042842816688992335586533915
425441129987818077
29011836185915623162456
7796425621639
19807947289562857854482
409298361104192
7223448851460606566053
532888
8365698767526878449357013670
71689596939593133795033155277086
13794
8
685858527869430231676838326
15648728132065
05819565243508171849872942
7336
80010709
45979602575786004
021488347346930484
05547923357170068666876676
3690862899503771087347672
046534354
7104877968267023400915630222
2263
357890597
1932981604758571760321895787091
476
9305570682404590
51957558553928511361751651502
9286931980871125143033001932992
6686159793431
00022237959710210802396341030
362081885439
8062845079147451
84175587808206
208676474386687936918018
6083487
2447090769927700939857
6
6847510641172179039752
851960337004338858538617977413
95082993530412
8577339165040197829530
69407269664207768
896029074733963603
3945621291031783395024736058525
336999969714385467163
2977393292478176
3921459629013040281576099794573
850220195842683033147125
9924800
626
8712827978386345033370
3248714237098881
4210925552374024653707525617
06653756848379
359093498207236
583004111297968027
40203426572164888089886
50323147269779404799402829037355
4753612767399861258123654168
1308540670695207385964234
799927997653289645571451
73896268388227171958561011962
7065976
96426455372
1889586800460901
3
817748921805153
08313
4
510255220489254993612794865
843311452855
282707
749358927871192278
4156638847149377
1588697
1195140178167681013531502837051
27626530164269494
03271352593653598908653092854
07460762767
2783309715567740419694456
115901084836
388899405813585658462731059
50014241425919494967780
0652791306
74125220855457579616917833532083
64764
230307293946921405618154846
734220
63312629064022877618656112
4110510096538402703881581360499
9426343
4033198468751746
93406253459311915658023455
7340136531111597248
289482700153532203446
60600273856324548
04288705233709
0874328
5358
6192586735755513467942501242596
2784316805155589569908
282694757484117997685218276177
8469540961735118352060955
844
6713010802569391733
688811239390
526910017294215835546657270
7110637714518740
8244145
951
2343031885971972006577935272696
65113406120524496149
37197296290966787
302457894873955105
834649027366562161561178
58540966748808306746038133467
612023116608
48471487414156395
020064428224036292484123693
428904007347390114266139695
845215128880348826077
682109589625099
305904380083343587
9116
3857701044054444972589
8943695994189358
09810549498656959945645
6482525952699813229
410357
73734
696530646775491640663238248
026827200767992090406352527653
4035836733537606348
28151
8475725185316
0637320443
00
646526423
738387
98042234806622
4199493262327548832644
540
946062028807231307857448706107
566894
525637085091512765571
36619096017
0
1375132184198037764307727489
4
9
68667121233
81538
8045159797797
36887889540060
61012969474
81337295030905365087121
22002203432808030517087788
52149595748205876548471708615
39035008190360037851
41363535647730944341443231623493
5637121619443
862057987299
7497782518134
496664
95751025354
540636546595261292696899326
7922760241843879779653629095535
261684574281912589997516684
4894710090423076
5713321
051147801082570205070
97431123
262728176570145948321314
73
471
7280516171456996
841321
75120631
69080169099462
3896407934681978011050224235841
9702
82785568007999
22748589316147031204347716921414
277
33292195646301
70459835380718797143742156
8247361531526798426
73209788493222876597
637195822630557681375385573
83
9637215294524758618916014788
6378628392975952
60019277812435485371728541
54822638488747122169910018174
573848348
415870357590933
401377667
19944154096663106499259531
3305137280656865
989877285059427806965625923
80626125919712372289155537870461
51077675420978
568
88924
3200479561637542570317250732638
7
763289539
20169350785607032433038724
25
8476764122970236036188044
752710218421898
7952600244258
0607275869349
3358987680221
7983663742178180
609408151919
07627854828638145865143
7289480354324518
6772713
23848503834133
1861511802748
3213456429289793092907913591
0282407677677504598141
258180453314
75870606923
1139134774875023896373
477133671369395102189118031
99750230703446913101918745676
0465746181215255484437998063
06258315900734511220696111633
70688718108190760211206728
4835882931732278935298516976
534
69211140182322298767979
772923867041
846945844599966257082781
9730789375461122029
942613617
05620220500884522286
25327787309266
8573767277253
471
977972585034271
08670224838771
652652070
28871951706
62220573514161575621901987607
800366510
2980690075357
5304278182
0396478855
495348598452810251
0340
5386
150205070630944780001
09840811762492766
021716564818116547762673
98044159749
6997047168161683218537633207
0
3140285828
290343097845270
7575310157778991842725
98265652951533129105307253888
8213917012292519243875961
3993598662408916033836222
030
816818
9654901303790035084486
1400
58
7128377467
86735316620044447820546034846957
9843918914753321017
4670986286839052888631014
26949184377630352129736693925375
206376750298733
636549536980
86601899965388158205321920514
902276818346121428794629312879
23305418758657
5
1519529131317472
4949
969669207255438647800636775958
3387794460
68446770
77871033151
315547227256207870172748
22674351757541253778627668
7777121618908544524133153419600
9012787326
9032041725
0782692210237002962222387937
741384030724333994470271
2639338361180155600230
260952918370
373520149926915211827131
8171335360258839897
29767105866550
714537224673
3487001466077011246026479711
889872474306
0616514174295636812271532210883
9274494235263426464909537284
31263359805329
67076481066499
176247947
57176264893243031359357
2581562890239548145417
53040986546285901
7341516359072186011611396
93262333625928905665
9163639031950981412906434
07536209372341893261
65356
714911842228227
11244846312934419166
14571462346
9043847954532029
33089105778927
70812466008424
36
5134987105208207617
575
89981921
2376087
6668049541062844753
80494940
4995850346350403
034205590912608743899244960208
82406797749414317394
4349581653535373162323
145
0284421367
7137
2609988429
633802698356968562915443
2793258280
55614546763513437713120
972900318728421401
5348704286
03018245454
252114386809
189346569893
049457028451
03959799800913892048
2552076158839285699502957092
291613241497823416269981440
6512880180935
856809039822248470348
1466156734
3043767327312917
9473438640637759059
965709264890
5843169305526266714509040990695
21318505044872328484
30
9703303747279440823076174942560
282974327407016070928713
110923827512670698927245715
0813763588212894954
381103848004707839036
83964936598025430286644085
108463913465926223747427676
42327459107750752303
46491133
444261212
814439250307308147654
6371
10002
143834568397587599477031120317
359914654414661943186
4677885
00423021267672175612903134422
7
7553580548
08
919105122
19016459189737166409136244023
48482
6956877
252
1439009767348
6979468602723984
8029976358085083051528580553820
91
69745027962338893
44696614843654815829546721772181
8166690640609851223954110608666
7
2
13313
472463419274240114894758864
1524854354
9651816421952190480997
3234634169873686296163544738596
6689373519
4719428
16122920865829267011557151434
739419518837755757355280
08101707192043363394405639085775
0847688654938991366704173
380339019345749
8265909
460425805202363121071123372783
80838801853620477
8410878376
12555
938207
68955
8984
7479
494
6712947863052
7203226882124528040184
869088808
55524154884277952430422
01459602948156048588943399
9524567770992050091398820
4413106933030631294
7944104431713745873279
39551841
52046334806420909064599365
898151854940467554037420315
2169592537254624
15439327
3404
816638846152120360902609496
22784
2037667526397350423805113
71511345474701170557396526
659395387176887318334796382079
935274011727557061708
2255780790952773843261718471
879853
7706906633520909
4339102504381996640708
533501242378842
42150688106152176107670048507
3352913750
51830481751090051803
84040
643
134124
6914923
6541042
348643537064679360949
38843489907431642481113373173
345433336183905714056072
648
185188528936875340904945
778065666275965073
953378437386896
548908260471
322676387738072871760554
785518316275525084753
770457427934904
714104989788659516626934365
16
8020166436973584
44
339040902431302824
56550101251760059927904385077
6361587322807861376911989
6452
96504340771958478
80510260682908
288042401821410099992785323548
5074040808
159718214975841
0621422934
178677101829386932778672982353
672546058
56469457138086588064954
4483665304706019626368925235
5632015926611768805552131181762
713181355811
5
643
11916853604038091700080429541
841
7110824933539526
4396685
01718366202
455078
65259231721972220
29607843119047239635607931350783
040779963037
98163834869615806779487075227
63350312
5414877287654
489453767359903
0
380959
34402331962632451821822106036305
284900308562727455337628193
19857642371
0254
4998066963356434703756
1394003
363834391
82829
8689
76226723341209
03254337623882
450231128480939575483434820976
61422495
59161193997
4862730652487921526814
801496
61343846195642168712732872639203
49527
22424117974973
213930261887
3550731560208559665545
8
481604865111839356
290525063050170590526230795
697720065579
27458
06307846799494497022189716667
0787219241752022765511594112033
353296849345955670805
6539251866048
990312221634
20
471697699
44873422970741010644145
3636501703141130339488692919614
279900
73653
380220622853452146163201
92706744796014333662464516
5847344921
649660989546369907
359792
603
822313040
3082582559426906351317103061391
282758
567985867971180062142529470
30277310905
55725
8091
447
146829085964007
991461060215692638183
2841496265480798221001628450403
98710161647506721911920458
67614803996417346392416
9057051900669457724565310520505
078
517085040973185555495375654
4440308006330842311062220
022803922560698868203
31419701028219685474177789739
9467754527
56301737292471
5452151577823744955
1852
54634401589167213
4100386771290813227074
159746
847805766200
6102077945103051239100791
735432681570998
9244102256484570
48415931896542080
12509
947284617
6660153858796553045930309
79455571
4823343
253548540757858505661447423525
3588857687618121764117338379
4075861265779
9947
6
7340696
88992028250220003
18774259576685070542767091990440
27864891564465452677
17530768598038862773071813560947
021820429778
7835268425
4
26645323607815078119320864683661
302701823099411533
859329051632426753
29903326819
48681495421494997509659459928
43301562556842429417527
801799575917
449569780532743167354695
469748434000385068499553
35198968293070
846
723617387362632115628
3849813812625952413510
570592384064347238646842940041
8111289853870238137328414
83088994234867752515062
6542338
681432691904673
182699328
300816966777
466365371911180
8932788138503421465445145484
876
13344816974821266
05140424653765109432392717567797
1342505167515137042303412
300582299791876936561517796741
22951816955693394698217744128
7414180370
126596
641211934874790318
853892048908
43146844735826570535874640
5319923202
4753
590951
828344029124240613394
618947975132
41549743924900
8558426756028504534112269712422
34
81297395104626
846335744070068828188563
449846298822871447271606317
58602625361947560869
2324111544108438021378992
622
35016689414359
92675366339043281248457429570457
15999599583287606370391921
77074973532
7518004823
741
4947211392727750690162
835402098230682961340730404540
564494058
1886652860843735698682649
6714274385498401237355928710994
059530
49938500634261058114949841991068
1158879220
15461609761268228763933988
89884
69706
607824672117801343427232
5000230046094863305183141
53664483481540
0837557
601918487
58899414571815946219537
167296365492468599898987607387
753253634639699099414366011848
31088679040814946842
0781178664280018970652840603536
4845565843578317
6125590961
202857
33
9666818
503
479156187339139882465718452
17794671
5
3739888262705631052008533670069
31535115477469428320931
0573453144694441325698639434373
2124003
70116013803794790940092388027
40910773
02297518968445121237342261841651
43290935891017900323686239
454305067
8243890575358743615661425973
4153883249551
6379631
94288248461817337
102631189461897
9529462518
83
9430790740630452895948490454
790507747718063767288868648109
47325595685495699
5673831272145141019049
08
16941
125317074686434749177470407
517833792883648
4226005809025313528300926
66964589428960
9257665781
2543
8788833816
24570469678779
180750475554496405459
179409385654327993261908
694
672942922844
81449369370815724735487
878632118
0
943829986034945171
793968499333
7367075069853539729897403
67094317616
2361656660852136591620011752
0778551352
56959274556987191346798
98048499550570794
70173540686044010
5515510276933064232938181
6
46373141523780
75698004768225575625008156480
70889668485
350708096810003138
70040072085881950
81920719891616417129422784098533
58913080412267729148350753088075
34980009065527943
1374239
013953621197873
04
5056531099048120009778986659
5522801861901262198
82043056
14
8611329888312382103818
913317179
14630312246256553694425596845
5849225621118582608
3265487565133167
15927648192338079173139
5777615423918715
07735128900864579366943155
2069543037649100205169731149
7029607866711778326
5766830609788737202927
2357370144646729486454159319
4
5
853802540199518252679091652306
418021101869205903911893526
2357813296338
5516
9
945420226485689
22831636181587822351610659773
06235807611105755321623807272
5
8856618857108
1101924829
2069
70112657600226010901
2742999386694674402
4694236159115
3982
9288746081444941635734302863
23
5808685247048563977086
9096
88262711998512673483614695062
65258
661245703009053832843731198
471918674
499310842584
2396042039821
963903993270604641883470
634003618000497
18735944663331005825
3662
1587
5322913456686889558225336
144108658319626880793020
801397
851083878527627911849512
21124295776
335377788585342679458
541201912345298747800468
6818847256023871
74
91769665944510907522677
3513
2
697136888414744125
4454515014733867429849098609
75266
23967143875929
38624648884173403703593
4
27461680088855496460
9962838833132163253368
0
154
8011599213530026196266236205291
82675220
866380151151195
2320787562
4429824801984116613652100132
713959080057704136149
92683417548835677761694
89238135124636
69202
275622
7711492467598
975806176362246
295672174698063234581912603811
810
1642926132693292097533
3396288722000606452862
103748247
3215171115131928
583859382928703847116475402
94027110
45995176291152729
77
5369644
38011005254538921982
703
32257456285977306480113476
2473004785395
84
3
0725555669317200230514025
7585767576328
38171261218060016355088346
3
7952730934496077177
29076
13
35105508243191631470185845
44724578758300541
424388194466348898465749340298
1414567
0651363368399057
19104578228666662474086
321
3955193197560706602828
95325118264275654
04540652217737513508391962164
38155108633558549192
55052295640146373658538
0570117718260
495027102995338172772
415293573349089
61786248718451882000725
379947588667121101
249052
6552371246611957280122
78120285191645520469
16780412039726979
154718728213431159
5733726997083587171762889
433519
156823802087454404924155639
2511
95233403806217834
62417741887473325
66635657708442812302609
6929190204234344396706
1414864
304838960846122412530347186441
923033444515548067724
02026199788995
64057364651539764224026022600
270305748
8275
708388991
35340397656058430
95049844715954321644365173223
9060186387421929035845
218102
8563925
444116659704830949089
578002966773854986705757687
3
3118216432262616778561849
644597542473636
7909566632335963
16904803680095490796851056616777
323071831128142420564846962362
036472988661583145297
976305031574513323548839
0142668467841
007240458794690867116
654832866946
018744556197294368332638
955412693594
9640985505710167556837664
584073227011546169560293
18627810
6958979715291
689136060847439752639974100077
3728923
181905089571
14894643650546212948475894
9126175
1721694031214505798735
596057741470578082
53303933338988171846644679931594
10772010
82218014964739
8904581510
7467327855754546018584
993740231480
22869009568069869020039
22011263740092
24153746355746537968971627160
1103563193405
4977241
6133401410722568566635615
495431429832767354212567004633
91352029726768713937625483
59530645544445912960008636265358
80984418064154768
46936168465983
676890555912858550703307369769
415553379853047313623449305
7234
31214454216720464343
1495103645397770303358569122
0963777096
807186341787172256357
8639021206396157801608
0642845032542501703054839787143
7030182274627560437187713
8591531748586572
90023677588722351328253967083027
919458262848073082
6801152920611
70138503861104750177744073425038
696307539389378034
11248653759664476531696960614967
608768845329754
18329969439187022234601359
41694277365680622672994789869
4669889920325310
5569504560
99
132545660485011285157571225835
70548396
1609521595477343
267451878090186432095798
0976293201179105144858819402947
8043502472010778130
959
6811666
02162203
327111317685170666
4375313487505158197067355130763
7498547515080076529241941460
015581968
310775
09450020
47133157378352299205761
899011512642570
45714259046915668696684560938
51846134399608073859505650235
6111763350676328828708239341
006417804
36924269856786318
42289754
53942302002193534943130441925
673269980
6
325485817152386095109
1032499329
659
797768426031
54782101234764292610666355900243
7
900162245090345710970
3564266677989
89274597
071059622164036880506
413377278564104041
8630160506
09441
7082
0390405087965
9304806396
774916724241
91745053309771274566
67003483082937682212766
668
88894364618428142022600
1507762234508794271328
91239436
70636016563954105111
23145893982
753548
65916779007146055577
5451
320112855825
809120888237413188277466
669095621603578026604219667
56692596867798548551
8
9089477497517801343295552
96683174169093211774213
06197109475148
52570
693934668257250716059559
52811
07747785
5571847275153
285596021359892772332184739
60077560353087770945782576445
19888
682435215
0880007042685552451
65747062522516400251140190290188
38398114300140
309547189
029
7286013294177186114087
97563720567151458830108919591267
40425426960140216576546930719719
3813751109522205461929269016
9015203536490534404830621339
24445737978622012776894
050158218316230296065361
51928
96022153112974376983676403324
84478466877922414956
1621558733252968
409
78451055863229084043343061100319
2196998208681871479
863118408578191535132452449
5585
39
78110390982076458677264226115
019618016807121411907359
74575626703203396132
075042
38162245208276351712310537731602
506
6
41740224466032387942301703280456
0480092306304386
67532019677014422923394666992278
31554981454919494944
25846506595507807326832874
5349082554116474034371308108
2237492850192564020817600862942
8447855926
009806579053767357933323
90251
47818196231736149103910885918
173714507
4995242071243840248152249293856
058713323379597575960203763
5574464575173383365472518
7764242
61377673786866622362050472003
80001266467298126723856
76570676782850
4969596373823041997051297300
14731388303695557307
9047627890592286219881842898537
110
9353018591123394697
5041503758093690192
0
3504
03924912553728
69473486669989645587
50207838555861147924
3878
458524318736522632
969884236922832322
503907837342467375473873913
18316880834945505273257848594
6199618343425
942
9044449698308058355
097723888923110789204
7105776834
5251642
22608404
71
590998088532005950831932
4367534487978005261786486763
3213332319483941595
674654318843561
531191610280
4976496569
1270825202853845090634212944
317
73199024909128306531573114676
49893432896828226819812161372
4189871995047641920721190874
62732831
1017171528826539583937
8
6635078
0
4727294795730137296573322273657
10255971450095740351
29488274393446148761
923454244
8
7851477929385202260939
7262882
505953875545144943254170271
47773590
7163660098872359502162609127
6
864052818363433
437167
27151324008010922887228915
0425880997226708079454172189461
189973481523175876452686842
98091
00462
244681969655475610
37
8753171835560823725547620
99603282944425805736483304880
8087
17557487452
36106217994964715294326
5041598258937335518
318
637
91003374930
3901663160145746090
5950876811963136837
57
615252401809152048318741930
6899480313024738
74550556425328201307
7809081031
2737326272156938637
25117232995626608704496439484859
791775723935698466
6811063137503012881
16090
2372
43472757047199718929354
5747201051426
83638329790402846141951488589227
502319
039999254326
7166290960295273159914150
3702619320
70224214738568346989954995822129
566345960724
319688423
7487102173947720196197
199711
374404261480224048207613
1765800308070072919
074159824650136210
98975267910993771818
253636
5369699402396451
45583968543
485
8359660776
476055379495377
0601809330200
84918350252633000
0786344203146811165960759823335
37675550530474005497303466
52075460339
889342869774863175327663992
81056369662592148
3036389792
178581558722575560
245795257761077782251384
91178858755737402685
962964
462092582260888085644890582853
059930217913723518066666
5207041526722788516448
28581274125059298147444797061491
7269844171764088
2773277400200720310
73
6926657746
130363141843239861
0078757860567365730926117831
4317209139425152655575
22959689
4088
2723996251914660580303
36517322346961165
06
9808306650
729866324
930018694702028362
8810410989365412
0475413
13063
87
5678553673884962012
28490016049051120686
86707878556482339203
1040916561318509095119440724366
240386455429252543353994617
537846605910690
60662590172065667999804
0430914562037633
665020128790246685470
509249944187253463926265042
801407535763931064
6596401898028057554715952
5929902061
0508041860950600101623557831
93855028067
401
9
398
780252891533772922812715281
92392279597461281394
46719068340204180795
242238320295
9779082564547116601
1814727
05
44327341410616587
2
367399719192875258
7788010
916480349170830014603549726
74867521647957
1
4959904552894236742
4157561161434
58774914087
95401041
457269327744
4387060181232862
95372559730407
938754131648994
66098886316863493275306
585833425944916860348393544
680576231
201629217
0831966250110737685191892
80281212258368
9934811161438421961
179416999
3
629916711
38452723954312125007747
47274247157366894
84205993283908841658713259
79952339034549233939
50582198887660161208734260277637
1989816901325280139
7644306064365
44295755392392777835
0769
0826713824222395744527946534748
76730751356998924819571437134820
6224782435028
5
894610174048822209
614774434923
55684287034844187367329563167455
27784543072
34037740454993861371
89315936404228416846492371559
84357540879719929356514819
69691302856723700244
285458505053015597200823629581
85162731948
9628
295713832232537904114299792365
4412470663035149946253628329939
1987889921669350
91065
807708930610607837782783504
9739541292290418472996
0451759447743398289284038621
714202082357230397
696165268293041
5832168043676292309871433
432
1009624700191521967831842353
71851331289526395
458753627
49432147621
767930274967412437983254046
957202456
04716751352535926
89052691926127
81881208172228216487032
5966007217258128920766782535979
6125798580
2632
164
2399026373335593888270387255
26569338564368
7365615
194885706620
86
0118
99132733255865202973819085797
093981588464386860
4007051
914781
84093275907689926
568371555385089741231394
29810466378844644470075561590
6735
72339193
0988469358420674
03433075312
44
9498579373981209018572
8653996271404669676815
051308699
16914755930215060591544
437602987862
69645773831855941777343237105788
6764746763344778933000241
51384726806148016715723517997275
671081166840646459240064039
6419554896807966222
296204416139800812400
795006319047
73910119
9212880002443404355
00541818020589712086547
8898227382060905565683381854
65130195094178089
0979046656337890533072244399
42314
72658888769376784
1908493310016757301534001
141197969
334456914649842166551
3955157891816789618568252
5074319788196939174787313872
2407373047543791258
83397124
9884
4914876838576062779820685171607
161
663838017199687707437720840040
3006057176
6838777364707500282657894757717
420015321536597787128033218
4739398322984019
790
82857718848
3317151645210467685762210442
0826368948492
79
212039169076144
102232987436066554067265470803
9129867386297519079580
447592701448423528950237273536
939887930586253606275
780909536
9784263297549
509218404166653729117596881
871459231562553383869257253
82827166483304397802131259824
29922849204545450
0992753084897951515985025
9295456823163745906217
799
11
2413
6469
8
721235853318412393
7165191690415019720855775256
38801304119848
0701480577
238138714
376217741
64422060583533297927649705
984928080438069035905049240842
22386289791
473862321975062060070165223874
677331210634510624095005
103182971707239123575961
974512389387842
7705101405348149052087
517
345598712205697874595287081
017958331616415289
349920219
984747644781
8812361202551622174771345
8555036627
8900290267791341052
337451
0
63646313163517335704764171065
890186973211738906960445563
04562462441
5900065790008778988
8638058838535
846004993427741791872390231
460905682
106073872056325992
98357238368762484031253978
59704299156684
56713
18619602028803677692750
3192914872123
396413111695768617819231766433
779145787698313639476
2043
809845747
38
88537554072411016620777931
498255895
0472719925188302
1204
7785460917887
83389005299404534490192269
9732067689919
33608624703900332
757414097407539696540
317679362911057331
0028703671
342174515734975156
22132746897083
15540145721
76044040167287
601803904450517079
7704256699980552098921499
94
07730635732133742138884362561102
9860823483692949
6857654214869263186899328
00900742553060
69939346381184846809
0769071955275384402904280500158
514
90798813109096776752848377
1505186720
7106134006176754946
55311833795325328
730426319570399594452
22574972618318823381
6670404678319
163706253700073694865
29010329067603812
09189617225714394375769484518
7873824998483275176429
864752934716718061748595
670
839319261862414807
70797099475291376858903599247
61720935665475243777125962095
23759490351
2685943024447
867727
6954725358086867
094314982752643511274
63121553858389515
046933789770372145293123736253
489847271
750146502791
6078920492999709377
881039396268397
77704142908286446174480617183523
1478338440943182
1
61
91964790856
8570404388024027729806624866717
4094377741455158442837224
0706703919391629
45309890
1064864
8663480759842110498832176437
9605534361678345
85578060009824292883175682153
869582357926219
331282531074967
8288154912543
4543749451361326
308
9674227216754466391
9958802618224
984683
66129923
9478843474
48516556472
3643650571798711153592070
9831209342643025843244886133150
16076793531
1063652710612453
70244786004061692468
33911250489430954325754362699
203
7335353076
8504383118056
3134686146897742537359312
9708635491067252226728303
51190970953895212641877799106795
15407354794389333445039
6582733663102526608327637141977
59562155910333
77695
741508579526
50320
74047760710570828414361
9569913
3074
1493882326848286749183757841
72038463676811
6901
522955346968574620824124399
9972279483779028344
37689932766702
236667419523541229513390553799
21146881553445510777726690221
274541858535312725
89398
585522883
2048541546
7747152913667461746768345276212
47471828239079408
247
3211004034938613548701974309
585
22506
401286649740299875740119
0270660519625843553801206
2497125858794089713
88575510377124603521
35392143258
1
23451678760567
19642331813098
6
322202544
9734998351403083062740833
13385205393875173969369
660
08582690
7615
8916
072045936754890456099628
23750
46932560783555610064901653
01438172590716559546603725585
696782186131460
02427277048199525106466784
3614
6740472465521643265877153663
4843425640086468
5551153531294161493742476769
74431898
5018228586107677
747374341682211725
75689060755656
0557442737410400881899
06147266091325588118337603131
31713785470308836981124
97240783
62013430957393
61768960050059
402940284448384259
4037491793086024436763547857
50293051047
810228288880987513226723921997
4582473809575
29168707786828431669636
4829574835403981213709
9703697902596953868
9551293308528034265942
9909222191719193
917775305
185555
57493037728770036335164379
0965187748794
2027025826476304
1254666748622354668221107
9504535103
2999294024238142614807
6269715940
3796068377000952
82180155087894705185261112
99012169863391574
3324587147
779390516604
31887622439012811170376032
99792341630569944055679895009735
3997836138344817432
782472
94849799
015594815
7788615517776437360343615582514
0855493899907485453889
129033639798259952831124
6703018775461931365500
8364115543959031
8442249962350366
36
47776
2595942083463727381024730822
32085181
360809278
991
109638424895831260
552902153286623172394
57295988523405924510
07666
090881770194373221
738578675106447725014
99842616279621723993020758085175
44
16495843
250
678978831136740556755361391
25799312
3083234780423890197546
355274508209
0774458061901108096675330888646
22795350045712118
5869941068093828684143
016983199241
497
479230547391597843112025888
5136235689273
485034313781842754658482
935359623746515753777058
55985761708820706440002059490
72114176457154644
6023741304216104683980
11274509480406437014579009
23
1281631946506690793409669090
85194633574919020504802
683190
9870493
1652694564
873
138193179113309099784102545
6
90037504159244780773952057460
39867437428663704471322118992208
736
0561062141092978
61279010622425067837645513
34270070484019263709447015
8467436063708602258935463676
6
73850
90109106180
75897
7152431285428494950541
510641542531944107403845891
5273687705669092
070930375773900913237726
1197047831037996732318222023
3102985589862147087765
51919223
2256835324123488
7950735
80048934
265030890101483474801880893
272248128470670147195681
37739207753128
8975571481936096066413
344842657770471919657
002582959258592978935643053
139
77173698182605332031271
5943636516150
22041561972754313614616102979281
456113506427016458306
814397038198886116677560
26188776347626192183
9555677271476216424236765
408426568132768421289246
7330392469939922704552068669
2908028587249245009721748
506466353445409238743431
379138953894
83838689619
0750302130680563475117552738
7981085
2043126209
583623078688567298651300
605168991978
342117
72931450431104666727505766364301
2929904065931552754
0450755499680507857
557806
6708
61498925484392586
19
970834601510912293883
30298248077796909
01840864546453581790220027105
375
583291638731
660168659538545247208
028097916474
051628779353333
4547700805961
9887978289255437103739257805765
443080
027301845
1037826121108652334725585
74690382623318072863143338
6254614275930298928189888
23545671152968998
33745467955628675105155489252075
4482
47847604908
391914741268050309535915
0449347158958138719519367
0453
16341201492669334535
8148983686104118152708395686253
4244464
208152173449316617244478208080
72712494018013745501770
6717372080838172634319921
78481617572
9599
23019800225071020221
2835
8536466500829636333113330
02217684901283670692426736228975
1409808854422
2976732485749963289227
32531002204703652
447952955341869878477559966522
397
790241812666565573491528
167201067699326453
8099903151931451855020
16617102475894
35981126700581
465472328465341
0757449286864325648584277
41496709
9783400062432058
725938844024651547265745
29076043334358
49595907758423248963505
626499923156565758109275811836
319757697117391905867139
8280394
51670704366134755397442
410613907679594190208386
5612930826
44780502
90331935739188332625340522707
154194
2589292216124079150
400197673289644914179670748
36770814077348047054
67081
8809085412542081809
92715178859772318484385367
3581440058650999234257
93431027435944559444896024259
99046991248
160318702
013096402071
7915139907017
44822748
94927140238920647721638762
59134553569090333629
9366562491999483
221773278268759529347393482678
90946718030566609374
4380873
6459360814727965572
8236826357772615739187
5272051609917098257
51736
45612715
20711039238845698073296
595239332234878317258817243440
88695412781111175540
127812219401533
70344839398140828615141115
46606129801112528463016192
98365609761477630351916742
9745
8490
8501313726523
8142813318632852619191907627
169908658653347093620537
41374690849117505705552698817
5728798667913
0541295487
7964592960544547930519628
69301782213725466699
66652758659461832513421389
85769
67783122870551207585841878458383
0124377828356904252
2452339219557002060387011
2544708384
80376320172
319777
321912805882202678
2219311677495724
2019591494563541321964955185168
6281434175362179695296281614
426719348131221629502840323322
501
4822518659008204215853008474
101548847260876464
0387105376182430768387231607475
12149676757891230172037078
5526
9830
2899
269584889
4894375924291599560513481
85872805404474692249125549003
5
043256581920146106408837426513
30349882491793380970
9511189425208234209711
71729548144767547172419491893319
425
132124175747564307755
699878944726606976275924241169
686734247712
458892809725900302378298
9513060
6639
291057836978781
6450761027996766268564429
06706876377895209133
22836714491571852575289487
4660931619
707551397136393199512792
461465615
9028576828113632174051583
217073667091217715544875599
5800181318847278565896390358
897385384820588266134
015103621
90689130481624467
9184613690825
910593664
24195034
3578170182082
67919499709795533541880286
88764019059018681417658488892
10955607834553548772211463
51590580142437503920807887
6676071383331122726848718406
423670405785191104
80
492409
1474497794431276967942350744
44935203797189740
184
2586796850293247639
2920328537523410
39122065063036086979228617
9054242
442785067
67831991917993201630991956471693
39360453757148026042581589310062
494
13079898776079440384
4548452
8916457421588903154481
88064885
0568
25141397939710
3955595880566685
497203
6956580197989709382160
34
651578262326100105540392360842
06054
6237623743369612150385897568
59391822824
743899438075854754747
27835903811255073918892
53719824598342987143028557350177
68220940629438269797
6335871
99672951057056002933
408074279
18458489396808971116446
57592791374306428814
6246506050
8330932
784019520352216016419937239
38310533625814313671601
7229939661083057938336233936832
30473311505003488
18079359159661
723
1591687381
582333918542
99670749038901244986890168
1870233767466797959726432123
0358072956655256313451043169
210979244108127311151378
80054977780416394340398
790600977909282430199280613880
874767
1474357290474
21105
70467231680063
634017232796344929086557076
89185454824788835127202667673
094420494815879586
2630929248281978735551755741458
461389163606612
3
1
8613064906097
84564845098517412390
256996470315
2662799324475737546548
48004
8
278
5738621480556426
83701248089
14351
704224796038572508083
89302091901749661206
2
758437
404419222328808203478
181156464483256
9867807711083168239917
282
669520310636193466044687
402561339282577340718156
205724084
5616308680310728571
108054359949217210936
47818096689936185330
8884965165288895628948684
72599799397930822157307398
34923185822738667241044127870
05539396744637
76010231001585765294894
065030436243173
7545156729234930522311
271182699633738750793294506834
5494459792051903
42218168847
43070795938382972980291666575680
45978078278791919
94
94246975
5292096789839979089254129856361
672472420858927
369222627127879
15018452978756236042064447
76799377988706
3473936600772154943603
693148870827862037307463
641307344784541015
9893467754973274589053763
7614355791400540949572051035480
81386088832332099352559659
17
95624452495704720
1836536565
56723292505
722625997183790340188100462
278490856617862340895211975
5465357985
141715977947462267
823619174382088315783
965229
7299625660694251943795
266689260496235317705734800973
628370585574942109
0857153317689834285645
979905260271
845736882
1823863
89940271045616555836651981705147
2299265829125825
406020582216709
941662163121530285322
791758745406198387926820
305577549394502
7
279125898
5555703391568070495020825
6508139838746780675654922
03271
4309540712100784488
42488380820820153210945562919
447719202486
356723839013822381065033440
2090032428694335781900360
2394456540647
2
332950986
10058326842909482710993368070375
1117208662
43045320263471462740469353981
9768872133143
474379930017786000439
1448746666479275961186
7
63596859304224121116
37602
245709217080079685044134590
242769442845255835842681
07
37344046978802033830504255
434753707
67824990073274806016
77330
743281433045718358012900
6771108075970238620002102935
271460669753893200035
814793196
26
4133233484039260
701
383081098894231958
11429778601642873
543360
16
79
454566200417508857909
242
7
9
6516018171906
77004423173979972411167894282
1125102317843509246550
780137058729880873466
303
4117259
23
397873270505
12051675403
047272358353136
3644066555
7542844730127377
4908714562827449294
09473454488825141518284928
2
4912093771
85753432618694663031190
40996893863009133413087912
705725254
2946024876377899168
8849704049821403854359
8
2428771501298869408526823241
4890093
10167079274826739505
3083421991172954557147857350203
845729671939653199946455457560
80191
3676034609849952934828203787282
0434
47
44796290773320620758
858873389194977419137554834869
943390854992302812214042
3097928515525517060355551819
41296826991281681
65304275116467
220987277664261721969196428839
066800894086521366625291
4
41578612
8177363874416752696450989
4013117668724274
5479733396319345
845201
90513856020099628136535
9939334695277954693
2111289927
1986611404767367769980925027380
8503152261683697609826286503
301718510
658931637527
317674259202721480078372
910497722141542957119820894572
54561902985989750682907014
12693363605
131911651945897744
08116047763396591284853
441278699689890637536
43933224376052273398211129
885174594666282926406
7
119156534850699046126640493064
99352667048301401774763084764
0678853935243245653868456523
4230150773454918622998300025
549
431862312
5396896917433105845713200010598
89248
1000
484798
7656897144348122712352
92044782991425102338988075170
2427392475767
7671185712430977
17468591442723062200411
26122661466
7946748
4052935114711619713739
57147487
77189453422552557789626383
81394408389926330614460029458
192509206
1113131871723122616361031
097182154751189168
2865281959
1179007521392
625538308756558039183
185361309486244992509280179777
6399590695
536088995301044
66635110988094370836696458381385
0413016132825
5593646790027241
41682786178696717047371425201
949725741
400
5915350
1587492465439502133390465
1181620965783918453765298366505
8238381093338994
77
1932159
04050356
2811674679
5355235424385
9978741336472927004550059
67954639267467567996426
4
65048223294416020828862325954
42407293231492
27542924867470024395
66428491093826335275
96058542824597996825682916510333
041638494324367099065
1766518512032920
3218994083218909
06456921415164770404863067901
6104598032310760921
77798068832019344781074
7
6049384166672497187900
66253127457747
2377073574515
462854135754871
09794198714259852899546261151440
7178621
63101209185866330112
80433155
9891870825293
303575833005
5879132974848125386590571399
72355825565280371409392888689
196535766034
23770762418982536641979
31505171875626223736
94973193220
089367680921045380484380
9668679511
57446462106980409652273691631261
99912594448610523107
289983698
3332663685
711223921
77
26
374650518412086
53
4135719547688680193849419
75
6302901
167351460364963576686
4131451
7360383325635428404697
6939958657577589191881219719228
05607300591881557909965713569620
50022124269170186610029
060
186545326911529125107
53363490138
004005712970987464685131645230
67863895935635620767531461934939
5974325607499492
89067966880122421
97057568049652061
114803228542211562695490034043
206119970738797727770988
8083534692952712360724877843081
2979617906451630
31202347718360490634
60712712568678411700719427253480
95
12804386822857
2204039376650290439293986
21479703232965272944919371198273
01546782883701
76870848363406934486659
845321936832699
965488
7804002277586919422
5930028512
2610937772248754143125101336521
278435964697596425039355
630155672863256094921655
606584233832421208838817573525
34045304485
5079581360666695400907172
5125964
25782425877797634189
682346168454
888643635066551
09338990408
112814796641
18338379464927062968185
73687
126512266511439
33098
95282334530800908555788214696347
5356567983476180983268678885214
1300248425358567584170430278
3544714366508912295181
781759071648899145928763088
83273333
8004564
872761621
307859685241284496516925784
8469474072239
330518962769
495728979632143043962005912568
75235751775041409
468679022686478249920641166
36
47786224971715153030
792914780135215753
517865888079
51425996948649083
318492626134806557
13197367660155001826226264587558
999587
45619972315617683016242550721
14915743
507
04
795926604686
42
4681992597515
3006
2681052802637
9458856781059831197022791752
226401792963600543308664015
673
73378446923839174810823
528167019593175734
2608202029671571820786991
1
98859250
72829772668099854622573067759
3955024435454498717181802
7201751
887378876062928350148704
3865
09996917481499
379971749207217
07057307
2399
2
66342119250622627417022
120581721371779
094244295827913396510459
1
84928190567208474259430411543797
2900152950196
895606320233129555
61647621253435261968
38886279329978698397132932
754
138245125587623065168010
54550188728041496878619
119932714
2
99177720864771622754
9164837561119
26
385337354628327231651409644
8515389588658671419458
2494
57561746771216119
856547580639015457072305855036
6634022599021296047575190
062224006501716045977046
50287971531954531801
06307585107217280279640
87
265
5
280268588475941024689204
279666620
266554130704349261315
869
784502907191096
78
295732
90005302665413043952
751352964946022
7559186769121545654556
73721866179189961905930034334
3719852758107196941541261356583
4216758533921127
99575
143106645
22880485836
4608932225075728976249
7291239
6178768
5976328511247
8994440154084239170904294740
87409
0160905077402
7517
58090272385865601610134604
050
308108380295682
1804085115549730537982902300
7489681439
16691751577
47326566695742891964
19808160895155
94299473195194
66097647168924141223832
353179603950970719
71058384
416011087324432674054
849075534440084
3577985499947826526713
8
45250902502
00000577259329974816118
2596189015672860942629
65250146377
793755996858831235397821218172
69434
159803295713076082
239
6379
82
24611333222
43817777014301279
85120181989959762801278
1641855000905225763
24971
1362314337123982583
51251116414
14947400370798734118972
32734662986624575260092677
10454878626455429599536650144
3873172602522030380267910115634
20076724488
3954374
4
80056
48719163160025596750
12339933237525624787120467395238
3808597102778
071709159954
882122319468523
43207397391
903429496476000997
53970648
93460
698
69039236980607030680709571
482991007922823
1623378761806015
4104708219878997850346
8324413150609142
430635
258230226564529
309764205771130484534
6613678545
25053324124761
77123813879451800947439443506
03542534186338305861
162216164856
394290719719971427545169
384123059920566143224913955
0024233018061471948384
0794888579015866663057505213
32021
68113427352689
8954
11455
63
706861962041026321254427956
699189176333230705872590331
3353
8121615115472250138204488830239
73203536888340881451673385083
82431
358232172567560943
612274198207
3845677844922170768687952559211
6332667451985
0816925568063
4408825650825689020265548577
691753634
905149296460519142172055811860
31005186041662
3319
8264093114893580687
5
663543
7
8095370276531072092061981496
144975
93600044626867374004712966
10758143833335782750750530935052
9674102630487324395
802233308865075139
3151321205777591230920074327
1313968464389
08775
41531454138
192134
8107240
398938146
7
49942909820396457289542312936
96597242171086721603711184
4001600504946917879909260
861705882844091434026078473906
005154246412653600252
67249060139643608036235
72190930696789043776172455542330
29438
6623418
1277797805808171865888674608
422349
21919
274625267282006784
92083063263723933202649328596
7661085879525047609
575302658435
08039334813677851
754457873332354435200066176
174086117017487041888846
817237
1730446704609422810
251
52004235840488
6364401
61928820195942743591875368439
04341293697168533
8
7580862414191337946
59712085404643638007419867
7092702259
2933896674624211705535160
81085245733047620747737775
10872809349114491468411524996
992711492
83367416810179241008156030446
72739835044825400506497
39121207680398
1548943865
44
09158001629500880444154965
4532735655708690120
628619420639609605403020623071
02753794383201
98990813806856
5940071758243
169163741285657149993797815
2766985458617137833159270
46953946
800899170418921996075
0271459635
946235041801355
831596405
949989584
604378352440672475
9
2165899
4641480588720989539510969973
611
2143865018694348
8189673853919190152568
96786886491039410
06087624810
01125056901022078091011906
8328452685837005977061102336297
403517579642
6849654261977586209228278
3795885501642457321
2099
106909301270
11350347142682399094
4155027707122394
807813781356131
369186201041
0081251202445919
5608342
99452099362530029100388260393560
8722292152070854781671453605322
583
6320100500263051
56008786029840145119438817584
4
065
261
40007596022694885406
4585933846956527
6653119552393426053358709
6619474576664431330799212938120
59
708959289201
98586339785678815538347153
71643886313958165660400472228
6174
62408778210063507488081804
70930
62883
253897749394028754005579269
03275852742456
88
42650444879865656366
868860326923724254353
7331676697389810700427842495
341026362259
84159480653776206
4089349880061271441316
70716068797295783
595598795866364534435
6131919115597409527074256
317
40002611485
1150766514973520757138
96755438590176347119380768228568
70732896714525441928713
9196918418701429235866628
8855559
78714811150573482295511526914451
215771833140
069290428291646582020
966317042212698459665
5105526952933623393010820
12411817911645341141760380814
8499089169750580498678604595565
618091682420427699839299
074341597261773099070717553980
134548021863369696629639
706923350873
416817175851766250523404070566
2885820068270154041
20
267508
7096888357047187646119982
361339452406010490
9574717274464642
252234772108
60811935761
3659639666000
29346008378104471536475034689
16805271369114598111150
90632
460672369287784902163280
057070550623317581292
2349232608289
74076522020435938159231299640221
7500
52003692283408609709122
5
5979817511327102
3589321842945789
7
07766
2227954775746017183986461340
8604
1234
3291410883986936
804172648276981129067
353950760646
3008450643991560569928733665
8129849373321667429953308
89348104817716114509
087631
9524282575
66037550696878
259708336558624245088776221379
368343640445
379891289426896733230438135
5777078111329658
06081
36
6496974118959
53247763
4200038937777353111633464281885
259500964328853429371
87860097484214415003087562
993283182961923
462938211785292714374
84712306086772196
77014209889812927054620
7200497176440606
54317042304
977040716095093
3474838883537345
17429751796684568272577403285240
96717656510250770730
406051376914496063353542151
124312391101
283857748577595743169383393
8331541
19213024621292377784655090
28692705292236167547707001314
1063796607913
19080375856558
4731704273813163
361796889
120
0302260841
0478394714
6937339959309021873582002978
3878611801611558998209697550945
873750
32728872373624163911
7995078505498826409144842141725
74641
16894797559649749617688
3848476148337353476419
885749710899
5824393513227
6537525509392468468091525912057
33969729152660
7215608325
6382
16203232427
7608424128586877270140967601
11452091914639844
36611571224
936793926916338584
01288508753
44456968168298016561233032187
686881594171019
7289
8069987873
9
8035860155
0768711424829458
01585374838779598479828
86044418470509722415486542
9
57725050591308
98897137887977723970670168924
033193677511681725770
7806763
23984190824835
72
213449
4901802399314677
163849740626453441
708899968271282898020477696894
183647404940
08188
708728
47592560244538119672088316
6473680051383
1870899718516186814944178
0161007542526251741676
66779867
227
163832868221989390310525803630
8242124320799
640622001866356357829395820261
68381823108086972841
915262569947743802327308
99064213
107
18961068138555520323775197321
842078094499708819179005
4055806
7541542964605161238375028
8259323594371989
387392
9996315
920947152
3869859488690011195576871
0648733002
8445169278602
83515279538495
667489714726537515636987610551
6600618329310676294966083318677
7667733866738373539890
9284627074
89705568310564095282730
44
22823256659162094656125220907
7
1537946664019096
325099282153893085275
57587169213
5113605871899312
709066889386
78494844628394
894651
310022277177305771293311962427
86146505441221631826707
2356956692630668497
47104208
015
783946792472601341254332
28362636043145576446867
50083532244309871392745445830
4913849858992884
31
684613076
9348118634426162
7023
1257550035203265
75240188904053055564
23316098585809
2045677762535667712526881424
645640
5422695862533335027686272
1441970517734
46969767768
9982939037855310008679
093120409926901417520136167
620884701979
633108628282288687152890865
266294442238521192351395822
80378304949535505
6
40999302858520768220216704342
887185
423906
4061041873179404
5929408418718436589559935182
4821919166842466631847446226
9579477149400320782
66653131296633898448032
52825000783357693421
03426491
350181673669768243427309
320238461174594
7981314800
62706428130886569884622
2889672
26413094634
98247319671930205
1406508418470637693793489
2756478737050457571
2000253589321745515
4499242353464596721151210
132
9321115274812115752113489931757
0184398390
278009646973335850030647915869
8707388995
058852629529029418883214
431
2175930817277103418165672971423
10889206240
5080909389809966759139198008158
689200139038
8048685610942431190799321845364
572450425296
5850738562727288740394397920
531498432675698310475258845
840560046935487456464320
9521068750477635967848203989
67416384
268
564075858
6755701278368151987553936705
6171942920
297366388203301276800802161900
905526222551802923023717
00
3350965055776198305624214250
6575150527
996370410514791196623
431686451072057487974871115
5645257409108729019
97475438896805431015305
03644622564366026698
04057897970300180506314787091
7285782193285351090005812
376705478014335615410
996
55211714
62257221168
43400217310870952619067269165627
04282857782687369958736321056540
92739125
626
3794957254480
431032153455096297155
00831427342170
3303
563430912654094974708466
5088742850616422
2261992130902304419713
670261090250661806861671567
20813801
44230897875254027175
295195722865371484190838
32357338389980228200589609
89830730606036614534679267111
62826890185994145
39596357879315455
5045547862
685079667068
423
49293141401044673193610
474403369012290034573209
060089547128588185367120
6994300
7347777592408
01648518343966263140
31
351441862619505221114
87940644911757964096186311532
07655833554044297031522824923
5315161530966545338601511882724
168253
35669416567954916812678717119914
205935178296328208626470
6
17925763258756088803
19299193
7237473102
4929478428520631051944
40386079040209748771679124465
782641583221742968965552374
935039138033833212479
1699
085949841702762
464723
9687
843172926653510284266
209642910486614668547509
47216300698002448
54128543
72070
28098639480682715
7442038910
35311280022
881
61301476136925976207898475411947
45476
504417862636677482
13893
4755411689755
1979555520368250513856274
880598383831470628254111301185
76141865
1591044453307580034688055308154
3335472833630085265593596
8470801960328435907
7271252571483733955521367705
20539206450590544229890330422100
1553365293
19504907
110459420309551332441
67010672
21876472216389979590415
408508039485655978
40070703993608125819446
581575214616163
16754099798129573837963
42453144227
04544033
0652371321193266176844001818
396983091469021
99656944745752
4397954425033586
5959334804988
22
92
58986327138954112200
3919264086500765899166366486
98915
136885529284822558939941
09711620119
573521085364030952787540333
058760350944
0284027228
990962164379650229689516090860
0213873351
33180328201650
194933929022846973585073761
194878736409
4232151656756
525894
31162685786551486720030326
33718
2331821052916
341722486190975364395459772864
01924752736134
4203
63408204236902038
3881733824602095984771012306324
769192585
80840183853826202790
317064437010984133725573
1183276787638812847115569557995
674075511306297324489953685
2517338
777258621488089429943001
8616847897973099365038
08511976389
556908330607811349047972237
530432112785
1988862962658166049496151123
9541715798657611
21807095628463618
5076471796103816312975744830
94
59486400
247896850083474162792
468233430413990677218
96836398983069354608584463410693
6525472089462416305980
602780862877377682129832291
6176189842979
877918261661265738673077
3657909564142
460724365563538891
922440926195
0664888
9819662502530616474018669
6652513213666934432212560
991209097336624215936445082949
4
73228004836667
61941889767690
622676
38265800309095071848357816
8512
72853
162930208614300990620524660
470033
4730330338824003
56460
2081390868879
641
805612178479031
51737474095689452051367398
62203294187086738822923
310
5142673346063857682592
077902447151021656884560656081
261663379819526
883701172980642799
68088175006
6176577757683938
1833076036864287477800594780242
1921
09149517917665315679
47218223
641859069592649865375
71791439508913108290293367
306725062986143454679371706499
676610745967006281470748585
954478913015995
217014434
66868430257200953567
18548559009269731
6268485297297
825962243497
6686
8107456
1848318247
241077629245721004057
3979826737738911293978
501300760064137810914706337690
09971287758
9779650595
640017052772219938247324
36870483913623731750687736090
1
589673379911553047642118748
01926531094864236309639037
780566763
4254399
60575572689900202307
8560480579318614970567352680
732412974940
48255425133476152
8436695381
8779466784300935558447
3168313709
3695818983696484434787
47957976528941044797838
76
3035306337341947151243100681
27934906
48887
0695514365272671475067880
12137592901931313872654
52554556806
8731055194112347436893
3479933470046666780207816
5
86198625325077660201
70260693756839
94291983094000568062160
724560391
4189019170185189580505453235897
4005256257547236134
32027158
82212031479068220760393993006
68636937298527938111669524844955
0508891149468773015780997412765
0516523037777
86801358372
82859
474667361775498666438060451
9455415
85599329671862811236
7472373
64182495
69504148461954653449905599591
669288369116777535089093765
11034434909664452231
9
82
958086403955524525440
14743593287423835029669415
3635
3424855714315036578344494
297564128989085171231027
08534266120991061995280973502
3844500201972756443
590472287580156064011391260679
00450495407114601916881855
569604703
22584775223093754124
83726546453543041866881733040441
5097435904254914700
8534098259544306059397343830867
55137479235485113643718
0637701645332739342323023
3815679186582657274317532836887
494177782608195940486743172
7845463788295456986141924
09137097052109473611465865
869131783359405069
150735623266101968203080550
3536197984113685355767059
9359017986670816065
11270078101053489522222271
3601733580178464397
10380549890993275562
9777274232601139
014784017846244617329143
35298164256825578810388
1665746027
1567909776054941257439
09353413319
62
8235
62592474588175
059895765088469360708473123
40912330810397913682801348332398
11651550
49175067
444996
64565920453959
3397737333
87372955677
2962750681764199918130272007690
92132355667652384490468787
854192100734
9665681
0441457896789586776
0286054
5107685169
891587333
5008
744
8031634861462821876269
08793305
72520538079470377561770089468264
39000511878062756441267734730975
09447937773
9815088486064
9633899295412218141
905633141906
1064796426
2102772576213290131668484466372
972003021812085182861259209770
455032378473804802880442
765248893
5
51044575029768539535
47578
253019814429371
58700299
54757288526047514
930880144523507476641
0614029
0446685410201745577
2482898134703218172529552945
6448791963667111
137395039200353727
8141207737081501074394
9987181376947660832324770
25
4682228024666
56
9406189318
29121657093485130102229987572821
34313530854642731522084907312891
2293323036084
12215628725985
54361811
019178167042157
82922026675213086129562
424380051005754
2181
8564601250941350396528851514
63230917659431
0152334131
709602790220044865
03
5386743881369984306553214509142
49
708855249870265033
072141097698445078232443415324
6421037232
527593834581223
4734576536539070
2923871769234405474
4875575374460650345
26080
3416486275190290986718
427305919832790125922936
6833693849
6941582533743
54626805378361731752621
63748581331089072269076134579
82386298463290559763116
38981709741
3064180
8792640312398
63871679631
1626538046167604389600898157115
16042404443881
1845832877958589096929637156621
51198077808309566849207
060155468
83425
6815624742931533819444
5077606875350291445579808104964
9617286692524424146
817489754269661
72121
3463281548950900261157271
5135787999
2888699457
57542368799380693774
218107528393085327972445322053
3614
9023811
9326800073202656675639
358124911423004640515935115
330256387290835
464392747007057215682705501500
657990851476166734002476583
6969986337250733035
03699350557324527055
666494077
806
339404057058949
6758928432292561031671241423341
54
72825444
283561392825878498906006125
92457944208660088937439941
45122451767
7
888685079463961791096145919312
3393824372005793628422
17247815835
834586306313318431503035
8726619394684
56436921282957451729874322
9195018944510851674697061665648
05388
343855
7891189244728163382
16295789336
718412247
7679
221863567370
1318800086136226462358518543
3226898024980057364417869
20647276550
8
73836236046766568198
0598910639903207110941236
613675262993316495930129
1156847922015218328884
7868
687089845307707
05470803421822980774
4162
976184695740216
8099088929188142059574606565
1417195269030536874027409933
05302737368851450
986844
7478847477
5668
251
05941
9092914443354384415009944
4952403862
3489294893020535960142256609
3823705154468899521170
115108316893
6439213677304229
97161
34664
390266412099636680
86985163310424401731792001038374
692127222334
33050736496980049603695254916
08
1409565740907542165351966
463652337018536670055903160883
234263191677751453
2986308324186262373210
5968106075855929571
71209124534635000470
19866399034751500427674
508279871647230102177
962934962400840815008
20383469929725
12604307478803441845436560155137
6279803802240711518346286
097
804628
2813577315402847036211
503210
86778507982590558130554
8592429511232
47255393685242
20598210298144353411626
83414136831
42274498484
8586002575514882542313
84
34592651159280041855
47927543063
007424180647182037
41639781
44017892801730676961997
20204355043710759744915862237206
432949997358756
400714427636
527026140483427013589093162555
8080327191557909
25215536912631001077
937850566798
543212125907
83606757435088930141736789728
261653490460
43998515
554990724376365414749996682
43672
19756
517288257909152013455111209958
12662929285272900649098192364633
9363568950535189177446902497
887
322099415338252491103644
319382497599333203574482693672
8031744393
8
97946938016402658
51290223646294886864875495441
6780
1
748922763895653927535633
83688
298478948669623
32949702257350489794281581436612
65452290
6280
25
103482913
9756183078946852256264343823
78022121
0077468976
59
69301542438307192228
163560208317880963401632
4241269265
8354266272615445387934
829647725797847863419519096875
74123940004
01411629005908
50872990772816166484186
6555
647913961370176963
5370046
45263357059431668742
33199163325725828
928
5368902309967273655063958436210
45876309
70943316562926335280733712
255676128446
946080970470864731091086852915
4130282493316079050495
348
988802
195528019309344326939631
02575765
960623662877340170897
68649406478
1
17501540
570441915940517687942311049315
941200880966754607826435
38737597045717733
9107252707713675320047197548855
027942619
05212409897
810272
8284523117142083245129998004
4439763733221528276481057
982660515735948355754
749858118638635274553
3476201755952035
0471921
7978315228235514513993
32550607410618747745331662
46554
038655291868
368541848001507319
13733
342435955001612264
12922218583771707765006829952351
32059658830
36024186953205013311448881
56
415654
734880689043155
63594101823913608314259524389347
7209678508765359277570
79443708157382664876811211
13680428
236166565
7
48710611240995624612480254002177
123029748234
50
020494445
65088929254054783284339
995268227759767350066
93197121418870305880160322
256836316310062201957332
778714017272454
30219991043158265813
83924497
473852393670206926290354537
941551009970945357271809886
63458486838867845019706636312328
5089183917344880782972771372
207152912374811513522535178829
6792
97209
307262328018439449195123913
86610411604
2347887667217133637739893
0140366640804168663936618392710
8397
2949174
4191
51212057508078754
54372488856877897888720763778911
598811440
5
121722695455476838
278214
71907466901664973503
803866307098951439513902
965017373142912013138542159024
063359787296489327946205980974
1228374908059624828
228
001595752095603
435776664817646868260568
53758502508533511647760599512
5434
80950501805070450784373109976663
8129553226576682724966990951
435292767
878694752762
162075214983308487498
66
77751736056090
747276729488853410539
06554990140955751937919886507828
660918475807717
8065
14634
316912302
5840116842213964679
600501197
2151269268060444949
58279601494494425
029524745337563694715141710
173720180288647430381
556807814
7613826379
10558356225270026981744702878
160
489792832671440251828412
406329
631307559805334
651519223138
248674673
2280
698316096699
613220618812990769
826
231991563595
822395355
8949716
302803155
97445691108841776
35318404961284668001211515151
706997926203903210246849147
8520673602431
720237620271
875143170868314442816879269096
2603477340265771075143494150358
752
3833
910826745
921935299
74
4800646258761203364744663
47616
97159287722902299010356183253776
9816034982802
32815249216255089816359607457920
7099386931820099900600436247667
4663121061131781545622443521301
89
35869580394870664115070398
57247738165
961822
00728656361262774426
666191001810
89117
67608074784644511450856267800
99693972761106188071530
147116454009
0888569931950703232
84282694433260689206150825861924
4
538468259
37045183270365
836485892686578715722136580159
291335897234004556
2401
433396176
363584338
097864422682
00732301587102050602
3296095959478034429679
9795069870162126028202406376018
690328090463337281043852158887
24448906430653178
89847759353681
6020861107696117333915749858384
6606380453
507133548250878641
794295944608449539854161648196
45
4280464304073
9
6605400541356538175933
67070558534404766730663772
178782097
502880634
58432
857
588528583940406286092229696851
6200010793677286874
29425790616495184
249225001920
8475376869921158723642452480778
60575525744188788993
4467457526305982
04391
73332476961
244
5764075970084512517467284372
6555892997292681
3243155160985
71
71134624560
774852228741391951765505216654
75349600154472182846494247
4203480807452314
6918052610607474775303
654689032
22991747390458474
69
22917334067609344222436620610828
89716894892913616
3397465887284603
626702462834971
468
1791310119912304339801
78813
9
0538671961840066143518143
904202807689576
60
821438666043797481146737547
1234826757859459
41241108903881358109779228190846
999
629872836996
267918035811866698439350
01694412511988061680596682611987
2631246193975942587
487301
9245378067185866234173
51605069401
5369664396279622761345283491079
55479
3635337
0341903261348737297486194189249
594150
1486228
88329872085525340023305
54073961821855722647454645792463
112286388155489084498369791719
03887
130848646870561821315134
24914
445475
686916562575713076839340061462
1101338767508661647663222588370
75398719766697983
437783905
902829775
01705892921312
56803598424
88241985
34659404
592060622704294925369229
508628
61296828228711
3818882498993850064378054053565
180590
15285
929567439
48631121836273678527022035604011
538987105555273
40212110647173848827030677443
32895715907389819654536
767785055743411350281743989396
83284812724706
1754362181782291733341876307
6204
51642240
56431693160637
624473787667052635093035
65778240283703443649585395
5791207069
73563191310804163571
056853461401706357543862
011884114
8268154778335068868806410670
1366910212866231713458644723
103546501654922512901129855
515
78892526893389964251
93
77552029897539
8327832
923
27885551274139325196
19493129068998012
7974023958777582942845004401891
889377106772870205790419685
8801105537704605190874440170541
356305007639177235392
8
096473937417434899208730
5495108208139933
54495300603065746774169865436
9329685
3
8189674076649418043273
60663
1074
92025829
2776586998111
3455700724342
51669652818207942213338759196429
1440823811774087155645793
63687870501697182605615449584
6646796
24847521100962254462042846140
09217600680983
82578495211918632608065928
492286720210
26432728921908
467
4712
617089597901247738651543610454
8347218452
3
3917637401989577231973366
019320253190981229858
11347398978
693254829951641764884952497
2161264017934728312473837
153040
0076076019
1
1959548437785
16085519314049710
19150983
269358234951909665571243880
466454541338694
39788100690083129417926548
03008
78090502051382500073754
460275202856008593843838
5361728634087177755185012425818
0267742366
594540255781572952151
6472879935829909632447502
8959406753044064
3214250704362102508787274
8818990864797303
498
468
546104638051935085265
3356052930420598004890636340390
635
613400360449291913572657
5
265545686
57452290361276980619556
4180280289647276724157
5380528043993
186642405501034
64138017033771274364849939
379117933
284739123350231784546
40821521569765505857
53894415120631158180631022040547
0595
09820860363061225624560949
2771762
94414048624786651915881
195907503895
1285835343444370
5169619154026645750380128775
57762
4174502816
6380181197484481142775117954
635
7265911
4832
863207865003073999454252420309
6111349471770140
6363657
332756484760143525056970
85984920
3311883893868046067087497620093
068577619226033537124725725315
2127111151
2665099489673019568
69407022669199945733755911665
6419
162965721273747204
07989
4917179757486389250385
28669954148
4235
81360468926753020208
1553621116452627
562
276477076121562
7346736464323
80565394733227187110838765273
12196755513255345316
594615145984814660543739
59942861041302677065
22342013223545956
97
2803094196658790179455613665583
76155426891330
316
178741211839593132
40607164939995163809899774
069712353666255419551751
1804362540110659672088
18273885592670619376269065978858
508108867135943353441
9145413462024036
773816262918161709456612691
0156408242563
55240882883
87916967646627014
28372933850054386440826
278917702601736128961290885
14601412946604918
145000727514733825159102240298
78473103665
58
70991693157141465909443
15820000207
07860599111674930167640316703572
089624233641351701245448518
0401634431102
6050611243658778052877828083
96708945012
3308259961633260027182599
8328916188685664107583294239
10024
4947376
2707
34784537545814
601764597298669186642406287
184
4455087682
953543009454745687381298
185500709757284600
52200
2350532588099139773995
96
98471570080
73159622652042025690828
218
8595780403957678441882170
40135322972541527462747
500
4721822
19277360262850
5786779024979717376415792
749704
815
0554473797002170373702
118409
3844089634755631585215
52528887897617651130
1
8521411112089810
271517936869527
143578
6342324
103481574
45742443608883299184576406641553
4986867357
467687
152677098510780979509396391938
6070915152345752
34997760996935112394
9
804500
7456231196
662207699733173897920
5435149
50670994
30810418405727861047
011220216339360
01
58514209913
564963064878658909965224193
062388596403706834020415320100
5303160591137007011620902711048
8403231710038996928275622752
99956536
6632811512950768933
354248261475
93334946697330339925904034
1340345767160613260186896
5
34902762
77062512654501
334405571711505622
0443680559
046150036156387103
327304573589115870
016
95318246818110338454
6
475687025019343695265320688802
064557646005943879011119377
2111540
69556
76321135549882288590
5815359743
7
4468968237910940259
15833841028490854079420885
8
63621194151
9857133129648680516959586965
97116524251308277925146
442093691
92409297548140412
48996334915075996488881923777286
93769204309136941691387150074382
07752533888170658640991
8946499345217488801365682725
53510809927241679288222664
4393049
99028572094754
886934866031743
0503808437226380152
20803984716857
191797812499118973
73890932679176376048272370263
33008
922341262163758428779757
9
018732765460129
289986607121904594212028972
9523953069986557886437403
513855749515303328
79418557205420402193
492573524362
3065731
59380753411669
144433772
99
156305006299454109683092852688
73686
83758347833603107334360464
30122
41950425793818490
645085270518788070084091528772
7450447027963
0140992310342
181973969475050429574185
1
58209615
16716844
90
595150546984558885
59993604682321435514
3673027
583280453419789
33775967689251646
17175782993
9469
29650802376701758
54093038783223358267373045560
9490202766830824
08889894478
929545301742005
83057129
4990729602584843851004955660
815559839722597963471
24847
156768047836336112234907
0175486
389168299443
79165
11560
0046685546991091964829931013
997788885
865428782138898612
670228280699523
234518
752797
27450033950677895420598393702
20838478577501565
80517901407339608
2629649770315786835176337040981
0262408014914000558
7945078731
069955465584
743725666671446958106
2301400906953167
003
71878134509079
42
47324474058030908137799
239
604
3087955551906103
8047192435874131362984
520447385051952
171904
9323246409056127457151498
03758913086589891191571868460
2886979
07042080350887320679392
92035414412465843152
9715650045711
08819233352574474433
011062523851090100931
4
8812
849865829377001533
9115219531052743008
80506083275625825
3981940762106636533870158157
08105745356289581261137
953983
55454859713233144850
694
774517
4810700523439
90183176439299243700943265385
04129560762806107563
397724829
191344326914862314858542964990
965763003626144930654486
01502349066
6210679095364834399234202761192
4
167953054110
5900804426438653556062248449
48546566083118538812
1779844514169929752108512
0762
440008833003229198570947485081
38990549613909136
8625393451393076
67152234377396644112
268378284850
51
21931
66678575868953659195033467187
14910851251867096418796166
9
097567677784535
0813367930287
8476818578797000259600792446772
117566227671540968
805863621610123686
780015595725914
55940655308242859925085990
0492479461836029048842
1180840
7890543718771317621040
53
07541488694276943487
929733848200
191742
1949533877147856522271027
5614649995212937242226194361730
2
73
7042546460943818321944
460770482208681304526987758676
20069352564528171388060571
504340727753816505852
7818066392994575905024473952
310068593074853
68107866692146058096908991486
241557705
08401515467557976116008392
19
1184113
0771652
19
34706024564
74907409018273074980376
0
8254140901574894606482274500
7957760994300012844765907022
3848161182
119139607961762065606313
15430
198856950494846291781513553
76156196
72831084667518735544622
53299
1
7714701
72785604
98410110146
12837867139
5696804739604999951219129
37923298720471796995890239
5696777944178909867
56559733460524
73156080311192608
78798725799580
5016
702027831196712
4147938
226945
36432
4282279871829300153708777364
077208665135432931
7443938440229241877
6
06333137436357474091
94641779539961966
144782296
9281
368984625119996640463982402
74383896322
9162374155
8969074326794
206291704971035825353
5084676963131776775980764701
148727103657157604491064
6247
74854481272404682844849370539
8504106150501022192098214127
438573802
87896
6268217783553549916094332
6170711168963
48449024
11156453619863568253
83
17120066148167057834781940041
44959829416710968247
0703495146650346759689371929
589024994925546905266951028497
6291689098658051
5932844844032342355273866
797009109949643823930
7885272940674
148718289026403656
6137
28404264346
61261726524626783069694486229521
975723042163083782286249141
193
321130622550309567815
62052529
8869411346
40420790504521666317922798909345
753798979931470835664237405
6936352178132325882
024690730766252276
418400382
973721328
19458463029
31426342387406244285943309090748
2378
05656056738572
924351519
113086304570048
17152710440206259
65201473145767138644496864366
141262288976
7998738033269
28005868090
904397591328015015739901253895
3345960374896496
9265447570
6
47620101
5480164
9
49573349683618559
55585412795369
3237
023792817500
9620965460
0298284
9322375217536723894
095743079896
218481701710751692018032956645
8396
6094361095383815
1219
395798
691764374007673826558143
10962764451763179245194174675
7993071809625219402784
79833932024524919393630240366439
82
09892584364423142189556200013
0
6310855650790618556990795257191
98368222021903577888201
955072808731393
1193134036
199898687540312392953205
995600573296200403443956175154
11725714
6770445103
30
6906530789076953064
15439293233018688
4533785452368275
425227684111
7624
3842894366494174939342
10547470584355845
309788
62240101424525324000366
3
7226892
07185
664
3167714169774760934340
5720933694216
765604241675699935
843911815981645597442736283450
70868333756395441113219
22042903063585
702726678026523762
4378656012
11971
64689783112319682479665478670
779917664291
18
495099071466943489594217736164
648005684005598275764096120
56432736723885
22699740304563530
2398037042
51483785322301
772353562434265
0732039411
8971380
150684
55849650532591282546098891280
2756015963217550734590975261601
89217704076364699841271429757262
78480735259426620826742497498420
09598
560880679013
88
7695255
80147970
58234332
563160804398128164467017
871636169041335787511355
74886085507268688061732
4277972235506553446313
184587613
27437362509470
29165613177782
2339526
5
744014741844042557861934046101
642
8703143961142764
213676804541680
9950670094335209277
381089505272
5381055099954651995525609808
979179392242514
3715285979739523721
802474742743200561445195920192
3
9964244578829010728077236618
82087270827094
265218255972944543730
564348
5378227693310609585616862
3183183922
568916863663197911137775
3433462106748146178
169783540506134253589200686
504153633029914790192725918697
908924239935365297666845540456
094218638612024
40446991694713445403008500094
8067
0621401795745418471655423352526
39468794472541375708759
897636655814206838969
53659537714256025047794
145
7895555288
323285725156103408007789963609
8189762587132733596505373233
54456684863
9626040941422350915
349292959753
1402065578701940835330
8930
46411
438191088315421
5437462024220897645546
58648
323944030374720318851200
231175126782532967462557
914695182187571117691157269770
5177042235820744021950586669776
96212554508550529844188
506518930786423
8549276581423504404221622594587
1140143835795406939
3815218052
749
12771081632093467267106208887
8757576461459837
53918473342230608795327
997641761680866420678127201470
797546
78914643173846945914188
07709319
635503
74820
77581596713048375563
8476736248062632900505186
907185151
59202569019695146341714312960
74984
966196980898440825971615492496
18450275112624969335
70849171
94259
637196929648523584725335
390296
6162311262323180208
355779270917284469356
671866953668318406
1861960709883273
8674558813522717409077682074356
4400952793312968505498
2259
01329
0827282715484445395
7606688465923215618248086914550
20031402976180087455229
3128145282806
46124300780
1653
3349391255174549334366368585
4789378899
3893406132469721364
3649985408903628362485
385891
7158437071991
065221
624440456495
544934136797509451
567259153391331849948240752494
80145579645
9205
69366
92698641209971006571
63523472843519574030996907850
6698357883806793071344498
171409504693407935
40412325058671188778299510758884
6466308103875031
09309
73491942705703126266514
494909
422765
61497392087
06960973759639055293526533532
04709418779565
1402276780315795938820
82989058932433501893331
795165684173
6316117497963775935377674630151
298
03434
24804934216142696887165
9163851229
7046484
5233574580445893
963068295689
0016312367722430076
391115
09969127964714608026022254
69882351774286640962174522136
86034895175728460070066
010006446997565
224024
9
44853844
5034604
327434846
748035671648892397
129895604765379495344339340
039878399325242371731577415214
3895408527309660507658706757550
161479871825750853162771
9373616844920497906292
0170328
079503160828884036650895491
42794957884879
334679
0541045212865309470769458153691
226595535396838983875566
565466235142
88109724026468886685
6086183523552343628704362712332
8247024323677680039239531453708
136641939250218943759094413
3846017076655068
49667520480604348025375697823
6140290448800986216011284
005947520024993077
22610395843
6297422285752818632383136243727
135280739987
197881802030168403776
789116697797492513
2914213474906054180990
69703707286046929
581503
8414383668141365947680143
46557125
607270420
56764964662685838479503
9471111424627693
93576
191494824188433512804131
6032438606168413451
3542
2649378616178955872
91448368395217032853
903964167
315041045437358664164
0037323799582
6529
719
05901527893584
850378
6926817620079
102
618272238302015382941032658993
2574473924
918811671495927651803415991
67150075
48738380701
8625471916729
104841649
3005620521788214
1
0958682087368108839874
00012751124955526138132380657751
63392521062071890963
057499909163559250370
27
8626706713928309386066105088205
44403978237339922499061937
7817280773990082393935991130358
62677081720158904778914315
513096405012
878129995910
65531952
1904271097696530557403599
8
9688209
6908717921240352
25978565125690506710333107107401
391904211168
367070002
487775663
39889
0
87653
81443871142373619102
1271
2543013571278183119558152804
0201
1309832607266353631195086
219141930675878723992112688446
319679763
97150
54922276821343463683234151
6861764482950180062008
13953473214773252333935
82659915688643929234223453336
98091135679397277009615
90058193808306691
3
48571143638581545
9996196479794573165082702191259
74736
0035563673706
598660966410256207696342580
85
44819909
968960166
130290581546074
005788
53
15160855282259633
6191412
5
799678251839453511342
78008669695164
190938733
945991092553
526094447188302106
0832
7804424686392754481211442170
94681262744142676193
12142742448170209707409965552093
64863186
93945499755
78907076610766121470335498525726
06066
56416941122907
10271987925939276757
482
527871
1748
6980949937130617172204472
2802431725111934929243257354
836840
754124363515700624418834451
413315710897
821780148097230701960389584
55507777932427115604337396
922266151841591151828601716558
41
7762921763
2986251
3
70333345003651237663
773492282512
23798630560696658
5987903
439711819136899619196
31887347370346580737290160689057
21953069640
593277116536335572
832575043410144052132074
662464341120233
4079676737126981666701366
933499480879443923670156472741
6057918256527125077600605377
373072610142458125457111539728
16278236
998785974364
512073
035482961563651911322316
99502278865363568594
07489887493226244790
0053186
8
114633369460287708704
1997011269390
1479591006927736348910
910284319818785166777338495848
982749503218869438
26771169119510
7380124776372516683140372729
2
742871
5881205559768465055109809873
55284389828397259614874041517
3739
48879202412181694126581728
9612334187
12250292555
0685640274480070
01227645527598260216466180945
103296566254140000724
3
8279607074
2027455973168689088221
626646879
81265425491371
4
76376843
16842428898
48234718029505845879169482602
047477802460096
205890
232952370231158937374133
0
58543756791
67740599828610509405
41268851336830620885
51163393489
424002512655
025467568148685468
50498405373
307329538384780255026
005
92590900885799882555073320382
321755632272
3950675990364619978299603983
2645328906251893837582362
216482486723206811895172
7098
3930712905728707320552246
544
17080752754064
3965274422024690
097391945120330326
9919898746860182565001115
3
59364692550595692563
965566355838024774454781
862347506707238829614
714804110905310859624446259969
5116
55619486463293324722045048
7
10405454
0
91706156259856630997234289045
1896509
06674203612796783
2586
95254181664565053771
226694906523183
3044021021993322173053
65725804162628997
735935559794910175
64801582212875081888692507510321
277361658772510442300
913785184404156187011789795
05878821
4631173216548860642145028418
700142172699436
897309319946752956667332307
8
48169583985549161
37735730207935618882316834883
62389
24353458322444289993456256293
82275186494118442
627841934721
387840290
35
8721123401025800922
7
3110167916287844451881305251020
942335156019
6
285408641028072
69775927335824289
7764352295239843
91595317609123162
489913819845925297
85827181007496456350168917355
11922474071705
739397725522
0604675273051000813494327628532
812844597981240067000264833359
33652639674658570598542173478695
601776034925824046784423168
555472275398793900381
98188926129104
1720864373010082811
8098830238492879902718400
67572820715
238600028791680546317469
03334990
131667875250968012778862189564
76
505114075585
8075242
981882055486
6202851838054734225145700
45648965834929676
7692
58655992891811419833090
365231834885061
27288784717987633326
9700335561091932209440297627
9904079694070996587670
446821
7878244206875
081823450229560602982197
4304743946922356227
7100376007
9311854699644241493
53729809147469140457
7313862723396685948871087499606
740794
5361
438255821676
2177738134104635
0596389372973
779595328759958
93357328302081083699678
8898714011
57076434606583267378222
2728660219367707081667854230715
1717706489289743209514820682
77413426026918149404390231674359
22949338784869
09059811634044043291830324143362
9022863119045106400793
80253245235178254
709549488023
1798678465
1788126378778803
1926018012260355900870682888646
23770747876579741346541224196
03711868003025993
15704141852849873355
6
5073344645769900
860564
039879203876454291997780113
088616690524
282486737
5004779
88718279479764554703676689303
352677643767
427955286925656
93
599176317175976759001990
834319937662
5511038539075581
02202375772622214277710142
069253560786962247042
8798
9
19319890047682610693
1387111448667489563
696566723040091
7041522536667229
052938216906086512635727
2201649942706
896949819135528063395951
4892
60426849107497
3319892576844015299
9704935973
32644528137850395012456281
32770920446500
0872613039369160878095
7713773247622911249
303816
69591740
201150538438253429589821256015
8121
342665382611
20640320598339549022064
9174501563309808
02348973333036885476564582219
614856175410179066855301192123
7239
7049704677
007797377308846816421
420
27
94649892599
50372739898513
721369000386962141215
92
24142933
58184300927686849
72
70
074647
897
39635888545
96670112511287563017191553577336
7509704568248625183231341
43788688070635899260968
68616647222230373209814991
7425619257852984688388497
6609794167162
51641666552474473585192
317920194923939516533863
67458348716476
3370584114
8
25647261847180922146246043
75157
87824042941526105804050498925198
3720575181637
4786097075
2925353313911633230567002
0
8553
679835924097449230613451
54887
93704551775267364816
7275
7141388714990040496370067175289
869754130
036037
1539255
10883906553649293560758
4059527739642691624181733305699
3980071969
273899
12
132655257418382
29931955
28
662
482110461845116585060703061335
130328063704
946122436820115135335817610
804501829473055669946
317950949382809611027
08076813805148
906753736380871206686832785934
9375280421670948685802
761613976245632777573
9322163316172285
3354924876967241387226687
35
0425
32371244440485160707832125039527
353047648745002904950
019422583
62974925280267
3548712456070114159188123104224
5365989847116464071
6063483634
331636
5349390069292032958
6147
64115582709076854
63168719755393440
7
5
18242746347694773
501809051241532108909324879402
24790228095307212785436404802824
7
53255912160778968785454704409767
7082939631643912583804
138279105499
65868857575652787880580
997295987359994074
6700435698648
015777726363275029757
21238594865235900772985329
7827515296
75530400207930335693102
750
72278628295
9793766662988751669449811751
32947822425095621050156049
53
39662236
05667484405438179004627805
217640925515
1408796200492994482078545
599689334
8877195614227988689231765042603
730576854251817480296
699458913722008410546051792
17406751656750524969357531010
9100361544478
738988788128360276927306401
5363699748066941726112953073
40538303812246659157214154032374
805540067140805292854906906782
4396252
48217673680495133
48713563
645937044
37163912019505
442562581121645
4399965793970958560
3240789
348852838307697200916881
588561
60946
443781074268980
2957670257
0726
172203512
479
2841
783323
121151
1054399082
7683884
63728934100988618082
5585163
0834219
6466330519804156595
05123821140464473880196666
64752046156024398150867533340755
49331
7984
81526
8540425
031622920
908257307307
746772239917343353
2389785920781481786771980658359
229277708401
6283099783288
50750191206598044
605854720717151179770
23322210356
81921240
4964
754114203
918608813596
965187196500
604037804
21778354
7774521
12036323967820
218848580651727382087
42681677622
2247460522325945631373515116135
317601115326625946940854
6104451942744264555
3184233781
1183609
0285808512757
5213265458403850714004895204503
447822427356287029603426686
47802311874
8229738215
07922402200203
725849
59216665
12916076233142532
80413
234
02096176177083705778926
1236315553096
7801548799794657362878092320466
0980271593205584203778200912530
2590266703195598
15929
7
16077599207747
9
9985468005850
81696269455070024539133
69624
0936301804
9301797505172649122
37688914339246665
39468267527780198171
72344429933
939842530
936990154194905250674929154
10079572869495980
0840313604
4
5974259204720653
63613316862267
95426004525990950283721917706545
04720837954382132729775180877
580364794
3276433845
7
949633006355830949303
029424
755559470184987490175107
7102194523903272680671842
12864405335060
100582172109
2625456999
346354337915
216965
506766189036
272262090626192603671522114
87014423386
7882054133283442956
30800275548085808081408079
5656
88691
6764126167333426929
53326031153635849040448557345444
9
42268362804184018704681345640189
9807710428479984780804622498559
2278769172730259472780657220580
37666642338703098570897114294
5
46303199620794301382920424795
3734136781517656382946
19255872895151792915563743
4035780341849216488839799289541
019027354
03711492535940199170169016385631
99996451781143739261368275860
92972725145743
0649961
3600419814411679544315
61195903
15356699786430629987769043681
726089852976483008
0279545
6528
342
2946692916554337527929224884
0785833532989657801760179
98349915703425714395169051245245
926693884440555
87140
8163856899199414596222898998
0735781663615908
981
56422855740934871009
32748994780800369398
10636718346583184205973280307
596205600207
8580161872778417787
1679326991515749583030758809739
30134817081
47937620518970
6632815724838484074175
2
07828962060888083439671
46025
26159593786673087951
25099133588501545594886318
2851199288
93783403512407851025106
924879006402
831766713119553790324383
78489244376230696497917
21414
7274214972108812283
65229370925457685774273203172581
4329076234604202
2982701343367071319837137167
060535034136
364
25071525150576190008841432
7635988632212
7093635176448774274926965
68629006982839534
807870614467502812793
471211
0
470
7939778421707372483190638117034
708762
30483830
284140526454779909721780823
68936
03900422050124095383
5442254866014271
190532318471792527
588
560130957045001194536
8
160160
62800044167887797593169983916418
80405166795
288854899853574306012462641
49629682482
64118747
5149269395334868
659665
02606255401161847561011303
88
13109
07961083946444350908816039971473
801510714804
748078361446515282
878945710935983495157076341157
303924876
974439302367282696162517826
9491263538267439345021
70400272
867
10020194072557038006304667146925
6412
09782379641804271765994027
8568230284310681
3551864138430394217373433465
1144451
529961342665224399329997
6677528426251383
7222641836
1100006601655957629165444887986
0065020264288200
64562230765116
567387168148633
1274158197244398500
858717155
7269360156261805382620
0708572679050119667
6596490836314877973393682778
36205055865264573625796968093000
779080819247137098602665775
9621647610
2277499161384722582
50140915768929673507799000399345
939433212485897306220
3375571696901805013445
77165129946720267
8260445451760129087197957988
16766095142936
376577921605854018883411398
04563258925424463238440073
65176
4972387
7589093960
9
04517533750734726234
45838591473057403199613453039983
709294041697
09999403227792
836648820890919203446903942963
2877396362794706702
167270968118154749066
1
48188578280013978029102345813
960
09270078293426
8051
5576626688256385
37004334887200744978
224249764262681488278853650373
1
60110138333759929777320526244
13809619868891546640318853927152
597538
9311238278199677427
723836028550
83140691244336808759602035
670482
3997
7531043712609
3223651445510318664
44423496904142151499369878372616
50158443327
962791303676242653898
73314089927478692283849417376
36762743897267
774903201552385
6775303826508583671328
030528533296480027655334286279
85660182498
01242785455284096
120263642655032771819748
06380273571629416993006615483792
203854
933803007429804194
351244397181548516299261463
419501474914970
733596372122541
56361667
444
80534122276
117436546239
0382382
66721240874438092767790400287
33980282834200685641
198338883427716470677571
96506671742625498
070
091285527
9262689276426089578163970077068
159502003
87574740
7192501030153606757169513302659
438549451
86990692499159773681054
564516
9408659385707456100626164791369
00273824860815684700
66
55829
275803195307574971794
3580130518329045
2757434546
9430873
91804
17614867192
770875401772499115
162018949505886738
837873949917756859
7998342948477896339450353954
76603807989119742657256606911397
86597634
93889406422219970997338941
2566290179
21193843136762026
5012801206123885331
8132314129
3581
03750397016052992404
793205073807572959635613
44
57918
29770947221874990688
22555119405188613396254725537621
74057868
6312721
47293741
462985636
975164805
452111962524254058620780
5384807878148311092810160
286745
268338777496023672193
108760193644250344
03
84500237563590742380247
04166238943142698576
26233393476815043715
863820248484237804401888964
5531
9420896090515876
85872524
529122518985413594609900368
861433
6689551147
783469158685813519600915621
60548528143159174412084444006103
21980112829
18
0599
671696901928132
414401461754577981769753118342
29029618945411431260360939812719
15352810492120108909299819
875
75
354817094
30586157971536717305157039
0085059858244129866
12119818
53353287616624
322950026907608642
51421317028626728276511997796
95910842260953435056613610013167
751007031294059073944
1761537526423612601981
9610
074927
113985
732546891069003807938043796863
80973606
33
8
834352
1945202
88526357468756442273
1179165895929480928047742
6807489584510453
92843742862859753712302
7870019721827256277033
1491599485638644843682
7360
544624726102214503
5815562927479
272
97956
24625932377404867914763962424658
19421505502744720754624509
35207750047558623032953736
47088218918227057723995906
74186445520
90721991
49644
3811
28893136360375597456374252293
730
43353
9202
58234206815998355841383301229
431343494242712
966952
3064141957539065310546746356383
23728152044
275061
985086531093410
893158741806705
0131592451545802036175
84205
82114646726229
144820838512081596467812
224579856809268
70309887250242
9998
536121869459373651204789
817869360439384102367
57804493388546339
7370483192402795202464
5848222700410976
93726728727685126291
680218
9
37834847851139663903866
815295310
08922059
1667498544983710466
66972
202688887495524011609800381
2093944790452316499
19185361353343983426164
9463550881972150
315933423940358311539
02413422
2058167954
247167572
26406867632736
4476130743016
9810278174045268320
779213928034260463214379040
7
1350447613
2698015245157958
9582723142329797
119886674
0463532477517197853028470714
526986276790354099559883971897
54512349
05486348198365260306085335571778
82444318
0744239544841933325
63048792700356486894366474334192
335765179342550651959094054
125514
53601003164583183
4663
86606229738435407147610
9871147237
473212
482769035173110
249
082876807560287291
5390065164159822
80001
5850453
41030802439697
37886781584
7364951874187491567813159
743852405751710237482250048
6071632065005250
3401315080764
9289580571525917
08396490
2865777695858281
74227996184955
1712667573276580798
19946
432749141
55138664674384449101508910946653
5615
3475887
07664757188485627
620
331767602821929099833
0358527877592167671
1713980281419126337768935548
75719453477431835676387
1965409994883
3001498374399959
10655518885343321
616391782449527027260397
4667496420737644
41537818092109696488463210
7125537301120
9215458133864433090145
793276903244438531
1572346294326298161
669180685
13793
2331272440226237531590127
10271771230
47697203955059
69485
164646779414776720637285157
73325017917
06
028750826144409012615781240
18446316528779384259568954
50669921502
183811140921301203
75832367616962938
89126
422776155768279379
4114225823
13705950348709739932902117420
03183119207
2295581154473
15752286475010658
85154549608313737887882347966476
311997295826046122795610382
43586662633638026874830
921
5191052155954147870891
04
0530947819825226450
74619743829693157102
2
50675269584229112466820400808469
77267785408293621763034
46265565
399690516630839928
403505860984
00809846
244904733364
345124
937689
9389
611
844
84704720918742463497576851
6207531
4763717241172414
68285
72183295276211011881009
02097435685562372865758801252677
67233113
6955
32716956919323303563705752601
43652071464582821
4139487149993807353604701
1361532601072058610193
11107565586238706562
668494908440934776181821037
3243423787
535526711
750572149313837914349801236063
85537912367561213080679165
58317589618683213984855841206
7628419337293539290
616167277967287192311123055178
066534218562661
1712720597
2637996743929874790111176374
473142162929027550
6755295349090763630188448
62185245545567
86125569307864
1731812692166551003
6141430
850588808
72975
15169566809210443512576
4418327426147656510152201121
624694916168958976205134946415
73726181156337251411265606305
649586225031
49975552286
8
5608348497
1926901134250511008552065
56333807770151628790
8940542814895123165
441
554725612245520213890603
7566117779982
9261855996707665985145
06656
9730103475315039658770892
8374083
3452530491280872058079913445452
1593709676946647825
912733062701243127961067759
2226090702611378606240497672
8
76877249817837319614318
214873791302795201773825526078
380751383005449477
624129813128
656864406820616
462761485211767922516117
9960599718008243622115
4
742207021679500428
88736440410741893951891255686342
5833666934731626583848436752
312095438361201604655718017
56
500057
0146297204457175
55819136315030885645690414
3199583656881997361
146785475013
3788884789698995521050436019
3703389922151789990887
1080528914089729789812182613158
503887319
323940420964440
3147778399611808394470
2591227775476023292
151455283865
02054497897774498
15
934544040355631765529911
38881669693471962436620
5953095164907425975176
40420888903491935
592281072001543956102
656395715
10886847257646179698433895471210
851277503049623078945031
6957775259156101302574043056148
0177171242070731688810125
033225547033221
7621807511609093802141172
116797928631201184667
63687110166751313
99006752100
113843620
27562488996486446793505
4431132698
59
028055865547160612525
1836574998534346690
8036812023409735450017
69034
6737286279800779403498362640319
7181630657537883855650356279
62777296778109146043
8342530
044236545417712492683093
47051322
616324207151833613478117
97378316
72780145445614492
317503204503732073030
80211542504782
3152915231
8119985281
18734203309302282415958017727993
8021170829828606490569889135209
1481
3042120842985272444933513919836
978244715
2822652247683757439168
985942291123718140099
81753521686062733653351018152
3159
407
6348415
5749047465839516245700188255870
878376714
3953023
8448485455661
754290943224708157173689142344
1121316558851316517990417
7938475066119273
382677393
9456420933709
5821789971098946468013451701927
90313819012424
758365484797773503108138299
0920081846098950770
546057564227217
7716875
2400465692918110580928941
55430075602276010
048959617654424741
85790790752003699152614064
638306869247401414194683422
810376394173
62596770896718
54261
1695863360056736
914972293707
9777809005140616203013786944
430755
08167074501
53365498180372600646136353178735
16117059084
620218617885828277488362251990
2948713409977
424977491810455
92752263331090470457417
7931216349714708548985902335959
37385881939074239158103
93231190250318041175178636
37717863
7641650323575
01852445898847184156
514516868407750807049300
563871795316519
472018682110899865432
63931391957236726024123405
0624577440823724350568
510357332987
21924161853839719291
84719558382
272872182852
307332542992989313
588489556961616
182070979716335295
57483524685925229112316205
82406019053029483110
074637203040215777922650
8250183421452310996098752837
7226699
1069979191856939470
041594363134140443391
6123897380003228
9821
58067619615453347391371228
99184848751120302720012844077472
28
82153626468324092707200969427377
4766861
838398232523
7
324624730
537821
7
55426922136905375552693232
4417242593
53900045379335
4904529486458943022665072760267
7481871615392874179
59522569
172311787
25007915774853281
8095618826210
949313720684221134963544739579
89620849
1529785678379147
34062644
950880312897944604960580
720019556292
76157331578822596772
771998987950042156332305721971
466619471
4117974137364793752
03147872939924745927338
118396999490682966628306
321954711247
301432450583505161
92069012746545878405002726631
7845895718800086488478949809
67066924
2231398632895352444821060
93207255073616
583444919621092016641103
170343015756505002497720
391297087820932970703928
6
04430329123656083
3145780914121
7472065
487266562014608247
41382028769775303641844479336
1080763800266255748227233
33148691672862770311749461
88448746115023542
93868036955653042252953
969606074755989676375346215
2303057237810959
02685843502979663695682530
1510609599230951724303242589401
77101328896685888440
0
54600702
43531149779863632561054738732
20403623
83
223168243325942388414824850004
7648811641449669497930925886378
8584827102
861548466552
3989248415397
0756619653621622
92
9240575454969605530131
4843505209021423086974
4153
96144
6445843478875437
116259961035792165718212516147
27618193212124861095431906
50378887414105
23080055158341267725842
5716987223149507
37001266396750
62657649617
73217080890952504071998456146
9967350889341435475777836
22
735086564586462803974
685944519752251
51125039980819745741
615538900196
3899882815776724865885858
5424623558891043882383
6050844452327988
65693160786913169147
1270860873854971037296620
839917794689959845
2227139062
837782401383741937169269486
747717137321528512944245735028
1174923040070549990580642670135
7054
29474874462
55499911319592370
12031401569699256786
474660325444780261559635831657
7139163236223529620798
713580980151476
34323447
33018285353970725538
3790025732030460
605033365630640742068
83037819312
59645501080533246006261558071917
0728202694317150
7
423875703713999310671848243
10124321
166559133376466455
16287314432663
273205499223279394
6122835
1477
02
29
719449118097959648570354041
44224985274135460
9234715551
20509698473554
608288365464172
415477335225318770
6026103388974991075878712
9
683009696144900248645
1684
728266840333899228116632
455195441871703
341774371253
959472413302
38009224752177098233204622105882
9446810
4331245438911440283042993483783
09342488098188998153148
94348875938483444833372
4546803000
5223108
75872
26757922236005612102343600546
2732927
130481652282223284738729039753
5846091
9208
321867
461502915295239
62241668106471528379989415982
54551418550118751843619
8367547135178647009925911
861520204977
91811053444164011739938290633
76
797201
23654
882802848592
8897775
091657848013446
633610341052528377783963302
998950240111
564973626289968
349
075450986747972054679459641871
4424702193754123634
30841563860728294
81844062042581431409949171910
48823910
28577955392125089
1801511161614467042940703
4346849727757445430132779132410
34313711094140737836
7993
703130753
3894405
714686117155
6041545389
1326554215137395488808001
00
5097745028478
95500811622003369048
02
274086159924224273561
64552907854637714427956095839257
5717
299943195223012853854796311
3773148535121152113546024
98
74567150
765640485400190751507860246
04694417062015352306378095971
1395238653535082111
18
6094304653
69201956324180146347306109822933
99509219838172959739128682143627
070677624215916
593361078592753997290929
642582836317910206
921865198
3
7807448845759505369821516
0201904374534363280115
865449094465769147939104493772
319790023694370129261
95495712629559931108939
145404722
0435891450
188664012948679639821619020252
784
8659479139445213435768257095
16666
68868950980106
339832130194973977838928938171
9816849209871838670040
081009123327090573
6112738615155
71835
606010815014168886544617610210
84
438040546075528324188801
173753370170234781694
156054
34920409
50936854649554612988233
413154255906
1349797280364117
1154913098471167985576530
182
4
7842016269967840694086108
41303084024
3141605564075032941059677659
05003342909238463095752
014610685942956549
00719679596338
5218343872833539595616979864265
73132114530426212000441001
24
0472829541492062633566816327
2259077940626
04349458637950211
6327626984608934623974
884864107207145405663257087004
82193363363075
518603689618937076271219291628
0751023006695
34054006512
3090876
6944969777080377998070393
730
33814465168402532
392519607989914525146156
718133785334619553408088886738
6396052227350397956774764607878
50986586805135695781843062835789
73427971
44962055105014398
75234171474629
492311298212594
9587943493
9718766879052906456
14564529680400690648618105
9756114137875017749119560935
9692
77480
5726229290
8568297566217590797008852
7906887225603638653980610536
620211615904
36111591448060191581992082344517
68
58706913493
84313878598003
499406939744530561506213819556
41940370
04524238236721259927083667881441
485497753893047423380560336
0391
46866526142
38301068715410300853654192083
3713341579572940602
8775129407765063
6291363273041254687676776872305
529139483
43695262710
57055747
79380527903805965509291722458
67221966
75196966017717
1384
02759677147765270
695900941
56707372160963634700155707535675
67
5448
7085
480807169956022770183048399
264141811964038598883
42020582035348136405572977929227
820448736358610962062
73180
76355871945526960
140403641533532816542346401477
16528576752185597121680076708048
6
251364257856406003621
940
63182227555901109992
7391
710296805507
694165037896800598958030108636
1940845126525457974440308
2185651752951270714331908
018415938
0075354080863
96935682979409030
61
5969193849335243801919224848
7
3759486370295925522940
617508399
6611643087866742573034536742
365494320933440394667531033209
5887583488665695
0428
03266066748282086095024346493574
394868
804573900250827
90988152
51789017143173404059801632
97254162883
90911344978314183611845
93
04816684578274199145391
2381570457023345771870153936242
14115868789
096249163552669545962851
535558501657896429571598826877
5613095669568703052394648763340
6270173066350972039660
4786
4655425642722213169
71677461877698461610281
21483052136062016606332
175805
821146492459532075
5839248134882091376294156408
2920635248077
91365213090151117455431806
270188055669078363900557528
34538948995083
297306265149
33501244977523213803965770
475230415714605
9949025069618612261072559951
5979902459320784870477099769
30126
83808990
81354249409561733944
26707534110289790742
891896529677
242290062752617428388679844529
25622123595
9
85058962052711755500
16650990389476648259
286772573483385624086209205412
72429276540
8259746971282501687857
832296792177
546789052
134521582183813986685832371
642332430
32754549938842
240391
28029062048581394386507645464092
091829158
8968276712868
48608639267115282075033831263371
1303604287976508516639449679
5119443052777814126522941088
94276873033768423567513310
53661396189473666061809
139552696
92052955422277317654683
060
9518591542513716384703587849658
2506862
392796228935
221443036519121168807
4018449071855319322472
878811
461
73
6568
7961031585413966649693636721883
37037642540924137
4994416216184
0734184502090769701564524884147
81869
30877
78659674946260647085873337
6490
9929408509414875733905542010032
544710514303143416088928437
797688958661
4519566509266362
7495756289214979092985142
7909580607
494943632839274252549097809
9969924572
394622836670922650
12419588158240145103305061744
788924809956709975157
7
33
16074229585661
321
96
1972573429515128
79740627054285078940247603408850
20932711040974311151397583527998
52549721
48307154952181521547
4672344114659790
5725
24663052288930912
506949579412512237
74114614852009832373
674994182894568443309
789292331000009095790611725
315045320
1
903431
019
6996441336075440061
20906
996784176061899961080152
7780343336772
253710382066894066
2
9390731657722426012836826179
27202
8457267019994792858
08
9627169179022256052035
2569
616886366889385384120
84312700581
84601
96562516292872638170474330466899
34087845600813883627534322607
3437745294027855389292
3262842353
2552972014133537903562137
62502052078264
820232756025492652637
518664
2702083864206
536063
53800303462
6597931716329666333
645573905925165187019311
528940
3041
3671476867336696811066481197404
0867461667769563369083810477
4
00958356
5902021913785
741719706497021809108464
85648023695221
76956879657851
40938030125606832050
912342139535656341927393799172
0
02098737417799390
96
87810019912643354651462154536
0397172
975381310064106775
528312882688143565516567690801
4189737047804606
6307303427196360631314232015
7071674149772484310
96630
7
6897866237081677819820225353032
8745815344625798090264257
64055380576
4046697341679624218
097938808793
347070722511910433201053
42592944622623764394
4599273518402383405152130532735
03115821700507553971
0
022188887078224464071531467107
7864623599857507136
84218
8
0370450507865609720433295
43081325002859176667222
4063676147599705
092835913380275742556
23238644153517255068531
880576
93656701154769425891575
72
50759074737724
80
4738
18843139488803
907967931874
69
6152170776
2730072219732400499451289972574
5477841309
98654709850428360316671553502115
097680437558803149194
190818855105010348643
940694011699540145637
832220443384550968073757288
833961499829685
448536957331503820319690
68071
781481255832603238447072718
87173
9887
838477303330608240
09961330
38077489468479153
253570558740689232262741
523427526150338
0863331122
7387
5018624
726051802889745424115018
8956387985536904
89654130325709125
1250736063
2793
3902204206383920359511996178504
0067384449
5730813
790014
8687871
4625084139062005843192586
801943484
5592273882256578077380907
2535987572077535
002297118349989489882191
4439
614
450447227519644915
14918764275333453298102127673
463
2104391373984092186536302839815
979
275470680275405939426
5047713674179
55
7454878
676272400
0746873381609
18882228902776579786644
890435
315566634611991883984208432015
864248605133303197688839
40179
4672692
14946519460737
70840436204
31411449074058998031224164182922
57844767749
544468941799293293695019
03337222608752588973
571616202768508077437
7912644633443027636430931
983467768545729235
770517
2181945290469537044654118
0316
300404060159117146832656191555
2387837788843101196743733
71960130341056
85292980302628281790628810615
280074173267281619016087070920
2105
04620204856861744293392
07525219931600765490
946323343
4436405798558914432768120
75200942
636391
74782035977578386886697
26
68524889585513
07490862910
10194080430692817
48723271
73602749516809
961952194429
33770922561283
92328686
167416
564851979792838641082915133360
856973157697959373726707
592951647827139272006
277896179986699960261918147950
365037003212009705
92159242702845
07758566459
18731508
9885507201696018
75777639243734681785818
644594571579119829
1936583526124618648
1
127
3894057806716
436504
4
7198180918421780041061
16438263
3012494
8083414
25925920
83670540218161226960703
28849
503011152
29213440831788637049
63676663422
164078213
066054867077451284587069263406
0609760
28930195921029723544
40960534061078267919467432177709
521812019684005019174142679
997
2241545750308306
9338682660534094242
9680536905842428142428045
9035472771483089
3954784021906622
97804642441375561962570863
71
559
3523519918721019339
286445536559728949437641548
964970968
25485040889189082978018266
7430229814489044822187301912359
9
813558235660604966
4801038434868009075778490
523938206045594136
658024350875971558974855
450573941553140158
68403143998669203663813145
706353196257728500874
789656955416495392953924249
10
11
6896814
202274163890501079183822
8807068261361323467987344
53562339063993629311540983788
62910483476418107683186
7
7110237215589188144705096078662
25350398297803818955
2967420886337218
95822408822
547804
9206424237027949
05465208579260398
05244874
02843165243
4653495342167
214144650217533440770614680238
85628612158910454455
3
079714943124841207070852248234
553619179728
5328294713024355391682476798793
84162653607108768760451911
4341450357406004735321196480
9309504554398
2862490461477924454
3156888
3516955925099520977
75555635
59879847907486209094
2501250816549
00505881285477334541
2925711409762112163368379273075
60506667410445512673712823
646
49582851513982528306
37756750584285248232154
12763051
405970939796166199008748117723
6726768828244
6461958075522717540357199988
99171
236883015634973601
1223547439318482
9057568
371021112713566
343041688194607123
53632300256824589880030900108
70151295131625352760497815185949
46240961327356726772337119690
9363965677922216250076
3018
7757481970464
6514854
18802755053388045422338670788
855838
94055
2
67318902548
56145
59085548570604454608544928187
7840
0986518814980751795552359
74179391
4477375528908984675977655367
374402
4
42383676958196706609189449366949
1511251488313716
80898353793443971809437610
3736162624
49812645749163952391246
416617939
3680466576411076339147759835364
25805615867861158777311293640
5236203293130161
68303829478637805303166777
23072498395784321160027376
63
10285022649511776259379295509
82027517221835684136069630338239
355706
365719
686599654637762821
20420970
020491728670
101932668219705317977
992800067807787496034
829037785
0535014230875750
378834
2887050499325732514826230896268
68873473373862924746533275029
36665097001956728750
4297288248513
4860567694
3025655320639449669743
540032339481845411423643
6434137814374134669378999200
82012601
49482554471
69099825863918880240033
557813660563038
7787593
62038478035769114099267318874546
129744
68796687048692015996
5354119442
8961957
46281647322517619398
37361826778127753573
1905351486993316345434904099
06
6709367176700791401773012968
50123281930770557788355457369
932989105509
7542094458131316160
55677846401176642772438017220
7597589490791465839571
165241284806084421588136211395
819086361029
055830819423696120567937340
0207617925
499932796847028588389923245
48918
6019574349
25401131590090
1098966443772312170444
09997906902754687165303
800409981371
7591130500949517204004
5124936352317985461636063703
14865155613083746099950944590
177
9
6896677506216878
270914781113516796
14148188388803437493084
261307297060057977447156584374
2117817016514013114
973730355513980613765
79057875958158
85553529022615155567027075970427
0475
32554345
4582162628537759406389745311542
570909362670369937106
0586124392868
452165543292583527792297632
51635424720850796045978778
05581163837966567877
1281968755308940229088994
494888726079831027979
5809103068993807380
7209433241492808458
01599579712566859739670
5436153324426597530697
3707355781844974640961690
5893431951143126
995679892644
5165649930974782
14475
802751689906044098455793
6202
4097014600350171570149727
898175
70266590
3776740547
26246066197900694000745989950259
482215842599815106
5957
34851255687521786
27225419888355
47242965591795551673531764571
758730283073352385682349766917
9072225949850293100532792560
866
86326042516227186778725623
7717
06129041764221
7873809293099420321341771362254
16081062131079070979763
681548944278569813465259
91262314477616182293825701
748212
0327204440812380731
84517660082849739885547
663846019642111598088
100016292
80951643051701346373716644006975
6452421837643
95789997325163338
63738642120
589212889
4431334621711978109824843210
1059
830107
14516759241828846717417
36316322500468
612178848543539838706406562066
9697
954047288967036314578
2708487358664544354
2255376302964796
271719458090069526
3
47
133925
0578601
693192825377176
47025730218660686617433690895
5916798
228525734543098369516190964133
84345530453
3864622393631788806
6
84579
0311674518655
1348190
79784399847402881996
45029317
09093756763
952463061194279275
577692919770510177693502
2052071
89652959925
1492723092226
85883335
632
29946312
16756828742003023817433
09366
430241909417271988414402612099
0283813401553067
715228962333687039502160
3177960576590875263814076957516
50347552917756415578287530809
65120675050
227568310168072964517402976
850356386092022605
812869162850121782180
8022546091879912803695145098
44015971155945068697441973595397
68317171666580497926761576
0653
136881102488449267404627472621
30453463091053442
9808611955067677344284218718531
8118968
943222430075773
78845403418990356392641225935226
795367469062014152295965
51804425310819913696173
5134064047
6850552
005899633020474
18750368532200156671
268965614981148437
74329001700165480985
554652814099596181703811
2349331240
44082452776494
25
885952790643777
41
117913108529611671772490419470
985559
7709928701027719811238726
53939858875402348159642
5742096218039
9385726966702178575233
99
317175184276835657679
9365761476554455
055566434850993214660
50871723346072015996
52512987469079556893541822502
3
02039636115264817065335890674
4609548041
6296663442252713022
96
4126938675786773159121448
4063408571930061411693029600177
4068814511834
015926813743887777608986186
42197032362080970299572380
15857
463163389837585620563659118188
4411298029812405279332
38257155508334465008665408239512
420492901021017
05431756062152
278778661121695796404458545081
2924636
07827418936945294206
619325849904
98713808200694051845
19405369497055532030426
8
95842
64639451456806
155965506309272482596450
201775514192737
473968234711498013082974786
1284
12439655236005541188331007
25523574712416828191076828
67562165892431098
2171386652404021976255231
5891567685726249
0514726027383
770476771887736
28546452917783472214
3426440
67726824324154870475976798
246195678318223380556515
8573668929963807567094
0060631257658030
174
477484290112573
510894912462623919342
68310355818301529418
125624519547062336
123394229665472441891661882447
18102950171009
0056086713071047559473
38633338987888811985655720976872
616264491840709797
702147869040761346518304
1024458457606
646173546700001497386
46203966488893050494612999
3593101105751366851279135047315
8104847089997757
19867742
88936473265004049908
993598683228
488027177549
927064
15552153
3217913002138938
2201721000430171463
77429362383184831960786336
06964583
1429096894296078
9570675
648159663078
32253
4
2
911293223522
4221421498396094482
886675344684
18488
74
6910243086834
2002252271306228
262474073855107942617620
0406063603754996693
7311860386696395792273337265
2
17996500329398
5
67549832184392195029444659536
09
00807222996914608672444511788
827
67026988932711397502210006152
54300292601632298
452071681054701333583
8171712924995773385
44816482659761225948704
6470653318937755608987719
36508160711740357401044486065
0368415041
879018178679374697426650
338754971140924691834850352513
58645
1054139886456332976815607850191
6244953510279906231
185058307536
12960390352731821726961150567258
06361
7158278527890969
193686353
0379
119000
91047394910716408464086
0857228993668416942
993829721538672221866
27057635810730839418222856623
2101633785454265777587
93579963330647401380
008276
82038219847977176840557158500
847147188174195013080157
84682550593317549377345240573567
01258845272779116635458970990
925882440
911372045377112625034794889
98
596700612590
15590571281382190119
6
55152267157
120023966381601589915
74090641
44766893153282776517872608614063
8802060766
48061680175572523
2084500217
604074106331000
94
1869006411962856880745
3676
06024273839058
61006260578750821419338
421932891527509365928804641
7058411973174037
028221039145345
7825985447958717759229588888
8171233709
9119138410477619820058677426457
1820
39677529778991207646919787746901
2983188124841980
754953725897484045250
22943758584535065900646100250936
4871171859193292319974932
00466548989759626266746367003
6
97571159791
38966
78478719459669671010
257269732026220268530471625
17
46436329566932005827518127
92099733095512388080043878
81879077966830893
19
9831376499344
18898
2
1424
27
132202501528652807170640153
680737551671885375674029309435
8743366
2980377135
8365520491707591642745213340656
7
7226746711949
69565
439456405427742020180
9968100402108
054789547
949707421302
1
3214586
184751376988
962469773787724949540232880
864912187
0607058894778994952723346
081112209108702524
63403
173042255548257952125278
8368563527204370
6825218402618397075800598491391
10742376
592
68871379772584506013278711
454582960648486168211933
9143867320378598
5227521982393494
3006507
09306497434646014086
38486254789822509503326895334
489569239762859341
8585831538490455772929449252
480
680885023
691093580
18180915826551
7785137093793729913417339465
9217862055141395
4532895532002350008238608641
11067898409881229670730408650982
886095111784563882926356450
7981250400193004553319235866125
00686820600692
46730369
58180865138883016
953731796588
50
95722865134724
334845
7622744265884125206393858442
9071518018128754946691297
4883
505325
78
9313140321733132
71022871674961355669526232
394779224745223647284005
058112002124813146318
2734084
16817957
23671953191565
23114891169712275
996307190
8606548178
001565917531627886769
7619946641161
308875684
712106956767510815
8037392310207144915851971
61379437643214729396464652936701
7911891579736421147
81
38440953396635356889
230234938
19248263178233
10183018254
273268483588
204323
3878283726715522086521660530
582699334563256514251
2700307
7801
86026399729244080631
1793433487777814154009665524
915222367104961997128017374917
961
674415614688318
399719704310466985269932300
85849208016927046784875862
4
1982264739303364965072957502
6854888059464417817034810
84
1634943869909646286415226053
80880718449506001642872092748
3678286
5
5313033917545860754239454
3359190418344452129898493
2311753886532804715156642232236
74249098085827639
3878436566881499963370757393
01502788776636068459275907916856
3461533060
40883905223084410470282324
0032
87669060440381220155269036473
3589
71383819258587058538
6224
54591271061525920199833533
3
60083898302397830874094490244037
47
21244428286691251149744
2316843218275953861104381
9530106014240761732591839784
408104464991375465835351243806
3743649280907084464859
2250131475610523290816781939
2231219871441116086189
004678095217726395611
3437840649413
448579737069985573753973848451
6636569499
38013507624647337581435530492404
785065885492784037564116774087
700381904619583939247113594965
60721692885520438
88223103581224341875455
490204130953824364007075
871328935439583926736774075
98069
3182689348662815272523
624120835012168677303275
56526456732024696273768
7494075753293817744069133908
42836
81665849542428
8
269
5728300317055515237251
329627064939771939
0498391951699646380347521567
1790
41152741736673620566287675208
474629329262121
7153
0663
92
696
2684833642078398378672569
5915234532231827805
708559000851317
5946500039
9711190790617572865040914378
27976
69209
82137432187227
8783474045202939512516
088730024689561039601989090
9095058565420126
6923282560
80805742372038470801083024500054
8833773968199428118138783463
5942906450194615
9779499860120
0
866841466159614076827990
050313853029
3456767281249037619164
64076477052291321
3470751
87070070803
8777238598
22697965913347
25650902
1554554461245051131986421701202
9556
0890703858074821287623399808
48866501
58294825859700926523211751497
1439987636125058457246327
9774
9
7064738899504
9036535584
3
99275788288072058869
3883692177471032183215334012637
1650103
48196708
0892925926816591285679753
8331247119110746062399
04411986430326981704063386835
3
769558706451877404784
93292350909029
6212632210854836181978385787368
61139144123838
9583455244726195
41649363166187677019
00052092496174043199510628202
9336425
580805672297
5990490468775
4214650681618355667144076876
22437316754106
418475
914
52489187064311
73881734145057504093539046599
60546075144154668029758447607550
18430363308
31811240239952166
781538917590206612
4203
134123147920739741157845763
161972944195724746814806
615868311538497
80503
029577241082919838833617
382
39416736031344567320586
28
594526420675823756
29924839332858830317057025826885
77173379646495282843328123983
9847238240857416620443530
3375110582261860426949433
18400625235210
324378209358426235
67371716175085
301424006
033242
5114510136391066748
7991027421454153941510
9253693144818071207745615
52649265719366944834500042769613
84030773490615660000041340369752
8934636685553346599
01025603
634675526970608138
00131017189421206594226
461597
253136136514129864
6981
24710718773
5066831
19931437363960729890430958
7800532429
666877141664161624627376026493
385497074347079
88746682535268727535064325
41964748861049727198
208466549
4
639578
268692
70988
2943539512817002544
26903151481911
5240341
105589373882171578919712
88730154643351127762292915
4837248548725
390500091708389846581563928969
3
15381808418253163206
7451986090354352237742960
42937685135128
597425242732
6464143708298046702424929721494
65796623307279349701884382769
505030526397828880302254773
0925976008935
0546275294405434565198
531
018463578288342790016375
1774866491525000227367997692089
2234582508440817479
0
41742840177
2074366840262675259398
56064429103946230169166
2
9612570542810347668335
333433172934861216691051722656
954141
80616199528317807634318290013
0152034207473
872592990356668548681664880
64325
4918238130938
32
39714063514958042295909
854120014573852186
71
9253932947974299177936685383
0211941632983
52100314012560185271690999275572
490872213702
011611394632820912
0936967557445663030
0
14746308221923
7002607215303725640
41920
81322
18131687930516
82008290279
5575030448143407274444857593433
745819198674
927802210811177735474610
3168012262946840369250
028980246064110907959
17868687
162
189043371452616106424020
5927215649341
3517
57526441159093720300838414913483
51329513602910
80894693705
581439
31041063
76068879400744109
1642
79148393287941
3015036741957555533775050
767521042661780990115666024613
013269
6098795
3
476415735087371829855
85875295463034585
921523642183777132832041511405
53338737126570991334151351071
2771
7133068060866817321655148210
11415
113067341
336
16622451026377332697204
5
32743966686323671107
988718322613813973
4341953716935131525
87266807328
6
7937285562
052588812332522128930029415791
191878404444
536970236065
9633881
30
64576418899208163029
10382145221274454775343785088
185437587899824480
03078295781969943
31854137215027889346009795
8364079037047910
1364422
06631285196735110880
18527788673888352522371337196081
15211162985351322
604185050796069413558
57012263013390015
328655
58659805878770473481967043923282
0838912856293641577195
4813929901969444
487217014577146047608084294430
538490380742113538
2429055604686330659941084193272
338976682
010654222585776235
109584754442427
175019509207286
79649167690194
32972641510751850013625653303
085188777649187595861356070
9500804002
35262517795445
0971561561545386489843707
27796043454093265447499816417
95109953923852790894
77740130727090499450
640051302145699205347219593969
7182708825075952156494043005049
17040347573473720695760
978821078526825
16
2865293293658321
1251570452969
78922660521313
8784138867821761862539473
947659768
6189513990996453383924741
6411
244694
28022898728519950200222133367
0527934823
461
1110833677549
27260225321480483356014109
799334967514
29351405011906941578
19036376410765858
870379190979
6142991721110992284929881839
68425919
197746942303894974484636874
86
84812637738963097240
7395989471527656399910
64633436265164561365641270
41480317
1429444130
9923370898691760733916
73676067008668
6704
9964115501550965
68359413099122547252
122371
7
4367282801845021450218194
42233594184132189203230688917911
09679150
72536085
7
096592
714334369576344915054125590
611105814987820601112887276247
83425470439443595045
470496631201799153941679
25289
2320182019
864505024353959781339
44120473833946525216724132189346
8903989877616408105
59628949371557
7029102323886851521
849252
681013879232764791936892670
3720170942874741566144
27674089099
8
8993842
5121905392722599624633067
0302193200
01821
3662
66923528842103569025056
3024559426827294043871643
36760489800580448
116366007912131110
44914925232062225360529574880349
60836483
5779049823413530323457094
42603404011955578817477270
65
53940849177568858590220545918912
5473645064443046879151544671651
92722643
74684441286738
95299348606
1
2720092710765915001836493831335
348421211747836
63947
3407455673710974467287
80686595380185072184868626745
152099
14479
884777981501517270314540
329886519945952628120401
3095900216371745506426
712902298468
621591
317139697514500301830810987378
85976264343581849960534619
757886196813
2004
2645482740138
961816320193322886291
49651134235
770808241364
5617546
16172279
181517013686237
8646405710685967113909719
59272444
210122336842144
55041764740560168270
46653609478387671317789008730
709289057452006352307606
62543874060402409043048931165169
75
22869511
4922428748316415503
413
54669486471660772930476
29349889661334854
9708137032083414751327490231826
4
3939160816498198365524440486327
72570270892305
495330432
15935856355
2621297385403723986986671523229
7243782781715369248108214
1259180
7697625598860116944303853996
2294163847837608014513
53163485
78688209599
818896883452979011186943416074
42
291858893249069550347394264
6
9369030050862713287276600824176
104254328234244901706
51377007293594260351477
04022297758595510735
64763960220173509
472729087197684780361
5144354
947058877813967298049503
0996260670832647941426
737238150
923235899214135162975
80206
51649760892354702052311974421273
629
4777803959
42489147583
8783436
7382689591718263270744223
1798752319176683288645820294232
351986212859171781619529
3088928352896279918579603149
5739799258
328628757494744755682935703206
330968678
997658223418827518
88872
267232883788542
3788702300177
66674835406
0106916089256368920739
2974547902642528473948375
210148380914
2740343676537529944111
02060566167128895322180754161536
140730963684958874180
38399570517992257777876738
3155851020043
4579631103919
217683612455055489
596562693740612749468
430816497863856
16455
71858849
1042995647521549480
3684379915287379
40167063
0755415299464962741393019043
37952802710961703774873715183460
36729947325806939211
6313133
564016736739777592735273904
55180180563624625287981349005
26362
31
171330761945562673340521523
2707
2332
5864757154972938265
631261155163409065335169662
404317917413036555493
939159646
0077025784201053710
633466108089572510360072339
019572048407810233997
781382598963615
4161465818483973146576583920070
6361324525824001624205284573494
8427
25535542203427124923144490345
71763894
2410371300748188387381539343876
555191461904
364989664244357418938361804
667137125971592166791
9250494390140487403
860
09
9892260235034263474526510
70
1547310844787930772104622192
80045461622478263067751
56911946055089385886363149382
958435110682524
9203580701500393315289
6556273510460642500
223944546
634740072637
33045819768573
594654199079044
6694788341054
617
8784155847654046124299
0993857026531687734102400
1753706947161
4204069090354387781
774
79819865814421780837436841683
015
074066476683516974
62092956515851
054034416235851994841003416
230577772
3149681801800534172565810
29623256289334093821510744028
8399990348
40070342288714000823732404
3011
3390612397391912596
0626111060368606382369490760
963715083502611400464399158297
3470
2396908943148487981557
62841588198
5831
7101224342940849
03689560721576518896025865766047
3889
7
0304362088348493
18570676770926732248046887
8
846024519017306
294957530460996024877084620170
967900267853586615135397
553230189396174650444788150145
731170000
5052575616177085
932765935207801834143643076
5568
433343320196
435184759
0111541459259100554383
1945878076636384724913252
544295437363603297
2952209614
0351960013552997008720593
135
3690633125341207329550753107603
02132900282223738746621483510
71343473241969301670581
558228974263482250611142435
566079138091109760358
0340078416910370182987313536
405
9121095541873081844957
9579391287000
19721318569038422393101377484
4672019694449425
0903320
07814655089
408209
16442042075699811925566452715771
3
52173781
792418662463959896104335315
5868252322091228382583599805
58883418797635245630713
91332614391972275842895810059
343801683408420759167983926118
5388866045
644
901373080924128
6188560677122
63994340391849098669666
8747379
72008609
037
672434851354459954812040
4957
4702256
407897089211609
4805
711199306046619323953627
9955756304
88870735093351317884374521189
564651075053
87304687
8456220090156670478
1513
3188914118559
42400
92333
4636234986234853
470877008391012012681
95709671034298626345360
47532656552021319
1921
9136536084
932498622167568178577483
48141831
1251
1108600883871591607188572
459481890120106226455076863729
942319571305
0
9
4864754581091874744386731
95032156465449138330258
60013044185935768645026665169
59368991871
366534194
9201021570994789137225956
0
67
5639223006674
960327751827544732880139786
565065658713590
249847193130221599703984260
0250433549592619283970117921
533111657001851611
962186
8270382937600051
029005318
2
1930838269352761690369801
765208753
825115
5220851451854654389113847605794
6548514129282720471177
9653943494735
9449
653
00599763548500306797
54541701803474
5347809570315514370173632
7804465
81082449
8887935351487437699337
257726092037696
7805393618305726202016
419148468843517100217705
69212426347354245
66417324
20247652099995942423962032
839352615430213260382234
8916761323744509
4005157798579334633794344
7336135
25122821231
77048072851
149135705
2975251252
0164027149
3264877
43016140738871
95614878747174571473
4058554095
6993817771768129594064221191
2193466744436466
337370611986743630100015
2256409482330451931685
63373711824076077283734201888535
683583634839699141187464495382
1470137120809378
96599455026578582
71676844443216244414847
68041995532005435355644266
50097820173727528589265179
94856216550250
52410998795400502718566098
3948830827892147644110249586
348582
52043686172222766
262969827750008750
3878115456
01574368687163
3833275134
24848059764628200860
859158018
13080974974266857731473646852
17506669872107
804310051041806537
0292352693710714356295
242790336
302023389
606948382823690
2077463547446822
47241913819982551
8031142876
870798095601214434937325159
302987477
8522976012
404167518136314416
935
21374314640444
8427812487606065
932435410
741045996666761187373
30913471890133315637
49041917766631
8745733
958682208499261112
97
7334843173871984339210620
597
0964688780
733917138619967
7386343488106101431113027
20216652735552362638463
220014099930494629272464415018
9941348456301637892
3084699817649141090855017
0547726527274336855814875
36926717564632003256162
67796233476583120815
1069397880948325435135018809110
9453558849665573436851324
216398504
776223713545365137
97
546815698664124015605628372538
99014490802663688602363
175654143
30387058179364
2736468735
1919450
31800196
3032899645794
09313689158
022162730
8
43290
51674154106637101716795332721
502330308680875725671670818
3882
905372144375532561
3216584226593494448723199429125
189596587594233743
01349
275419022461215031405901310
0
6658031
0548906006765244
350933089830148
858643118960709487719243948185
600508228143
4651384741326872
32417671685531173972
0292096448646983273261683847623
81
24081786655946444391
48647412862646
428905861646882706388677713
446707545483116388292502715123
837166325268164102767677234
97718278422
52495411526461370
3569
628698209152207255731
83264
9134519
284561
15063
28069290075440846
81583177270160484
595754325830749548103525953
6499509335222559984109
04
7791
517248026130947805677860810233
1961260354
2667
756
397
077278203020126772190038989258
79
65778234004
6894818235
0313088443450972
9212592723017740
919292472
5366251335438396089956235
28842200547267341146823
25498055607802256
701
32801748758896917276074696961
79214939395632181841170
5066247336528
9944336744017322407124625677419
28294866092462568606140448419655
3785311690718900617901
93411352179364180722
077409368347494
7190425
80028669955062514384570
199909
2286094254085706812510944165806
5028
53979723762066940737369419
189518231388084717346058550
650408
112225144432455570421373185489
489
436661270028117332423855656547
00836614068
460121546952
5863649399659924727710822
91207331048380847
90902850605951469985
314
6279587520274
91
1
708489289503686762080074660527
407572725996594146763
44042755557826609944313890054915
4615697799
187787252
2134
3109520
4606
075184113080289383326984259
7608175230
409599642109273280456560057
08342060193
01914193486574
84836557
46966457198082173
86814260081479010473
10303251595709
823902714333395178879045435
2
505619632484471733660237
398494617
807381764628202757
063
131301503241004898706825260
518307087601381108029133
8850057747106
183670133711369389890790
0165017978133235827
5723
937842417261180553179610998937
64511344881424346416
098
887508014058744089522501
005442
911103
0342025965
5731
84680753995409478871799733304
581
88084893739154805106080155
9147495702434
23104613854760031389018082934590
087924442530880502
59071
85
469232728
170119922618942
69483626
35
12637113336828436299908435013192
305327
25052473327185098
8430613169576760527
2147262586081331016783173867
268141949012
0
8690360
92791470709630810602
0322731354633769039405
6725491344752801380911916
587466284599931055208528
20931846324990604751040582522760
6069788252916866668
7381052362721643195448
19818457076427
5341227390097035133
7022838
81701553
0904437193
28662490789503238137704689
8802870
3526896334741505955
58535014665618640359402554
59034967468541315396376447840003
684825365089906473
802997876788
63171025280306214909120795797078
16116395858137230528599895575157
53
6277371295469889553036525017944
3541869
19722083213973277234
67869590
746
44470890797954704660658527750
17104929229050752762122002
0276926459896650317083
64770062869907688008845662
05140405670542475421724338075
29093949798063363854675
83783412320349903816607745
261
869140694964401612720209393684
6990036
05011755273808224521232489386
510655119100482851592924
60041464238854127855651859049
08041198355
800226
5612229272385128660
0897243907575186433353726
14080936869082124
4947
1638595359345434477176901
790732968734720906
94800212184
43476621596906196039830042691
9118597413210
30173715827926786
9550560523519340284
835774443890861597606463
367307733447
928654046602
28496556159213212770678013363
857353
1813121
44754935618
521651806949
1899538377683037851
3
11167473
8894377174997658281726975978232
648984
774966498116798
08135573448997925668225234206
17942559702789445533
259483448883181501927
1858215709451023207206
05571412461309
2
259281686145
719
736346
344592548946
30792973834837774298774
01544828005
25432339203113280813614205689
093209885740305457039393149
33578859635295988484038830541
4948865269483451529982110
016334188226995235822544
21777761301988311038022417884
656944669734329423336560025739
16576610
54077
664533883367250554544099
96840570713088884003239540
6941801266199712453334255349
129086688
8524
8215171310672702820101
3397996000800283
246453058
76139264329593897590392221
63
77451939534
516632274635094625218983
552207
1006175804361010157062541
57985922144
026384228
12197909960156993734584332754360
6279727231781824
8152692196
09741225618202594585826
0651999054861324
585533606380764421776432046
856505960474451033
642608794528172652436
5916
351680949440265906534990
316645802099009490854239746
05172975953350276495
03822
5593931675884473414046853
8720955
26686939467841631571504
72690450
5785216544668
32911967970
21924079962407
36422866591536062124827333485
12024225
29883032566945586146909
261160644845747
4511366499797421778395125
946518995092875
92608
08111
012056264826157910780703054614
67
9132
355404759865339277829814
437
73630137316010
50306387978
526534434
9
21600243005
63892830953929453441477327075302
4159657136925733765491
464050545
34153822790186276962477072
605
8345428
76626342999558341
96545309418
021
9587611527083495321
9060998357995157273
689
831
61575997872014481763922
216147585105
78873073
62206105287650394717874498
0980630407875724
035636784257856613
1796419691540961867907694370843
3351554847857
14904805126740756176
35576
8529641519298996105062502753989
31195941964444642412728431
9397630
54683630123361241309916
54907107782143
96732737125239503293576874816
35457907197587906
162850215374462494
4549121193109560774023550
99172294495500974545238
46123727496115696181984533267627
02403219601398539386142563912
28477309116332068696229495
76098049536513
5839459336387316
23264900470208484913830250527626
549651355
011
799625965
487166882006
974052459417938656357
99696200
921247001793
5963097661418804853554
1737629
68153191380406
471265930716986593278956277203
8799393805640
9264858464203062163980906814
11742011226969
486552824807
9193940314952740928673970793
177738296140
625
768202672249773
25505923822759872957695700753554
398217394687134780897
291
75205509205035113
02462732702308515575
916344517085790102682
25074806366435018495032742
848985668773045993377868479411
566498172423248079
98043637036
505690507773837746
70752867179951172096940651
79201563588638882584773103
294722851200575227683866591577
242222
6027
30924271
44957823697448494800671
0535678277857394955
4
51809332714463441747928153126115
0847860998928030861233761626
28839302355802204123809518
78040062679212932
7393
6732
9233
24817281206303
9485
0339005539622817
799553
951244828031750265
22684
49286
347
485390291537863227676544569452
367705180417261522990
6706679676893065793552012
107936137080540694991693767805
6193145091926483323027
066683512
9049422314108499
73267377677306
970904341
76013368890028087462585
71106262943367031303420253733
96158
9955395
10754055
356826766280765678
8017198550573878906840705
016261631019648303
992044144468774467410707
67092715515391
8557053881322548443
818887725
1612601
59104997835854741888388
81408384777
725274926267340
58188073809676868190388005703369
078427859699896790673299
5886590897339303102124952472352
50279305947196580021589
513041218535139
372034
84758413662
7500873782343
8205351753776278644629595888203
4395684335892261943
87030686297
83214251773952082082720
1766237350994
9673786576676445363182316
811109960261569194932334
173932531723940
1610571924660728521097634774525
137297634369533662102
97604942
048
9
914785467405
36655437804754304917205187813
58629772427889027898258943
2638813682498037
966000877780
66466251994868512980939386
5186036
52262685405
1563171147460564808815798
29331114555647856230
0548
2474
28828980154939932091
60642981
7735130
90053129523966573505351651258
798384389910846747318
21376060237991715109544
370449858241319982
25269874348758
797856045829237975
6878385527885813929841
053
191353712658283680114
73540039891079085419049280201
1780759796659
09574803657122342075538200981
8055020577563958
53161426868984
07778378
7581923518070086434350
36612598100569833550864
4360337287234199
44773482
9047979091743447553956582
35227257187199039482191755
3640201913429477935976622
66448325900710
910629158392067879
04905786100623990143
54510888975695563684
1364647607877
900666317019929116156452
661156606020163
818552742027
2400833949507302657731
44343650304996841798
920428037242986
9981622137777655342740391
6573
90944197863189487208954
212434764603445927729363581
670245
1674261625734
5649948374880
569
5191062470267550960548
521951
306
150235195
54210997456833688298553231702
98373735883471773824482
39482571478791717642926326672180
7775807713206196201808953891667
98338945607073450998880
0681765105993711326992114016140
1552889758995120644831165985283
6057995245601967878
28807679768603130
6320909097446533936217
196244740950669781825353004956
471953959666443824736771152
736451082050331369034767339
25169950793069281875539763251473
4831587742860223202
9162
071289346580706012
5
9260786117522714933
64346997500930448712420786583672
5097142913898547571673
4530164902889590
075930903994686
5621789098634
31079193
1694981908651257699668710
9737244694647456707
68806167226720
012326138
0553
3
79363874219434
1272025009143178638730
473481823383510893141
45337
884748498598657744666931757
166253291404536470213
755593538116445161928373597
85196278
358972173813640967122732085
953310173923824491643372987
3116843280840
6
88839442665023536971254264138
0550259859969151750975155011676
384253345226043
706004473561470726
524656
050253755
64336279
4672524646309973
0596986664582063
852495666763053982
247637148259310247663
22581016112228259
21727471119306744164234323486
1740036496307875440
54862780944322561473415236913
858375452145744497233134273
2742
5496251923553697988336
77646317550392191298
5056532941615492993
895868992069055287028322346
4095657478
617373
113405762853367840408417286
23914202533293310509201191
0046522696801055994337781
9825004126
26914711171207530684616314
6249444
7643825175302157
90997017116
04319462
0361516788626268514309779285554
99708683647507341446429139947232
8770095320685807279
9911137081439
89692762948988012838849753404
288
33453540942798729605
1745646
465765
7
41994170
0611288873628015
97570934311291205389152
374814919633591
3089017254
00022165453787
2043433994597506351723580805
685328
879855234730399683686363166
1199858645920545497110415864607
94042474234912624
9983855481283823910674469594370
585614818305
5288390303178127211972850059
356148942961272096325648
2821767276253432892
627011708695636606
56285
6903136284021226398598391762632
49096649015650463
9
663
024201416
710258820127
118157780308377975775424051413
12349889733746
33606067177793069545823362916
28556601641496
9080070734
9789719303898712104
551507
62937211240193219
918199779142206725
3
54608198804145935
3936708234829501212
64514
72307275205218
1949698418852073738
497050007758637438532
1562205602954700280258568226374
32486
787504307468659650493
00249878408216398
28601554713706095590
462482124044496253818478322631
229131209692875495
465088664269219829
4718
7703956484291502495453801132653
07104419316501503272634
9548670564304767310173338182389
695281203599780166
1465807
064124790184124245
7623
471233157490372
93
4836627675
6887037
970
706545807367919
5227954624828063865641
63773449734793
7527662463330495885041845894068
04
71268
062873767712938205463
64987789935258104981832
0160513
80
13959512630417
64955309702540004
04669527962168498377355
3168054808371143545950411252
27290196884
26989036087055250
04001380
9
5373483
924042775
9450149518277667057898047
80513543380676484699
284543948857324022715760280740
4324320572195970031538523699666
14885658551456121532753480
73076349197998
8299069
3
77217604306807735
039245008
6
95442979976166492
678488787046052489
720907023596157852288045071
523988357568197761772
50042712366
854
55844
3451151360348829384708708797808
104729
551997460554380050571562
999128
9099252518
926212848617023132916
2092
23732274857134180614815374
590543
3793970588497994723293211
9420773446931578
17237976289463880771969766
2079605452038401372203742274180
04253623449435144771429
92
8857616382121742
90166450727278252813251024976312
03724001612213693587103038850
45685144767990
30525269354536
6430110146316352092448
8016
11402550594501346175314
377923981219102
08250503
51145750632
97204066990230961840114874
9605528006990517
524496103987927579814
92622984558979383438451919
70676465908798824398
951909
914486054380865467789335
42
4437048571642
593682601594667383663716
171
6918
13273352298657130531346
51
97225571
74118
725543
4
5510738297674487358826025344
401209833946
618045338
2247177
9247393592
71868
55963951
01749707263633708707525155091
0339
405258302
00803062576355421820
288400140889
530696151145107036551
9497739412998
68944880
42
7775532048509936
883361251798042345
57463135455043835452
48011410025174798
429653513845154222302211030749
436553907822585222471
50760474486911689653045706071
3258
956261134108496362842044347
303516914
148703942
29777651035995212803332877108
13018370
146125394221795484284873
234416047667265361892433888873
987418
191265755493975429223984063
25498967657196142394290058919755
897576178567
543794918345665380
0035834228547774
108965265049938326
544456030669766
81886549681623
3016155600443960189087614656607
4321101507211770803720758482
69949530943490
89730320044018756356326
0
219404088642490570
313552757644478011398189202
77
4384
404571927
5795171913161756407384495399628
7104220216
85781
616256
2004495665524393089046117
2930974414453504
09871210732059416492645947500401
691210372783795181
890924673499
5741293
2
195433205380
926
25194190778192004834267
667606
24140876546466102624256
389901076236922346330216143
89942093403604940234014
969653938880
0918759265578355
39742699733384241033502944
65060626
407930
775143346275836355149858040045
08105093858
8950068043287327108094
92967
91498426099948787447322682
1722303093246417150486
114630691112713625610257174632
17945986498416483309
41098106527551726133
3945
851713294774079
075370702159218008335
77033024272029597531628489227
872526450873037548330429
866
41
0967534424428939073168866257
6039299
569
4871131985066772047774321858090
815606057351222
067
038384572069735254290357135
3527791787868689402314226
778427338338
6951521
256533387138940175565244323
3733
3692395950766421266396912457002
3648256272991
699182801926
783589
673392882249968492258098503
236930007
66899382615
174735033023860
39231928
0812006991492367136768688457
1935936806424252183310133003263
4697801101054430702940582160981
167768463279181258
23123
88837559290
539850981017973665284908570
2277762031
4624476558195902761065892
9984552473657553015318
83158939005
92970
93224873436094
633640679
912613143
7429911
32252529
925498203802372253125542021
27711164556195712119885011
4895497305776844
5358941782793278908
291062931
517344861
6144083057063618781536130
807
792483111
496452127889393197268
39259590
6
21634074246982
506
92292244520699
376280
21319325878
55884580805541550378816287
745221313222834
77831602533541512280651753527903
749319621335
3283412
1062977
246036792834081090
72529219449768568433607593794615
3298343416057505474369138
07100371435882795002
8825910529
030000980379287867
54
2
06982370547003767
8420123422485
8907751684654946257469485
6182857592
81975946851419744327527599
88517993409421655
90158256236074601
745622882485734990422622845
4754044445107821010119
0192275833944737467297056585211
025605917008870529500794741
46337
9562470245185
5844760697849895
81640821826936491116343438981712
644135084208520491407769595
703091498186120223284
65959743458620153
417348
46092
74275527116
8365734
9876566799657412
89408320308801525213430956064459
59790867183291377
3038092
83106922899
2459124822503744757169
304087764959
3698207891923357887928429042164
1347141260357817806375
3728200135954519955206079
234290443765
60540373419570277999
00263521733730535
932585
303072
89234635506264
209129777259402941763198616
806059954
6935301878109529094
644766246182011
19398097176150
117324183330
59
742278065222900582331509665216
56187904468072106979400115025218
7642570421325396
43648025986414085056270163
886
34840164288734354353461
79670961593
7234063158287756
0873085421678315786253
62646
909359034837028793
15510785501226205890
109033765668631083395081779
7920670
802424955437147852029400146897
702218293827197
4011
9348447635138217915312791217920
9198560
058
480491809428644165122067
7404161923
245410613
8869706299681595784264796327792
03836583476653
47337588877407
189099824061579
759291792161445663
2153453222
3130
21191127
424090253740138385926642644
9556364
5840550364
77
983
24391391360540366829542
5394898209093038777590
55682186256780068158778925306
29
208486904212
29257445473
5014717192
83835833854838
166954467977872044340
8766130598051
4898383479428766415045108515514
4970373906421378906460330070
353807065260266400278299056
41042318902515296438298417914
9358
25677749630550
5370462507436
67097533
83880040099087
877155861701304
9210695414226380609918668
457
2955036065297856102596657450321
501186670257763842
86272409694835906120726965
7277861699
04400091147216474769
9650708899981145309013523144
017636
607591624240764349162150698
0
5108250492
7013
3897
689211794934032052740
841460955903778143533
329105762413897333
5232357070870987
59934
186135267189249
1148352115111181326003196321
70592437163921892040663010164105
5046
817067126981365158027159945196
526567065733
21525217129102057703155351
58163853
15157227293576718923036335102663
34570457635
09484767332428257083512883921973
55803321763519792256717491559
2383
93610071523653062447623
29015328708782725975393520356
6705972548501727613
2865346255120380297322
28614
92052016207289418705
52826
37910
9221492824634982
3233489298886180782
151
2859
6977
584346
108793408290811851324559875
3340479831661979
79720782540114246084174896721
9274034746922919
2199836640320
25050241
3031690358585680854984909033528
1876610262410075438979969911921
4388716798036
9
849
572946
15445620582
597689962065102107203
490048770095931
62311666830424
267
312
6472298113822122
443961362785183
5499659168979
425780421
86797827644
55450316279540576792
8323
3116661609175055686529747
337
42
56099930930586
55846374645944485450248765192965
592161069846783931175489180356
0248268270929293687809
04349438511900074597702762937090
21677596689239522
424140722199239703497067
4996416905186
79637
501053072435158650694288
637850333490665872640508
50839979030900333
77231494345708436
40466099991137452866254794227
3945097333
8844
96140670788541334967732292474
7890175
361359
3495597632765
901448450419571812467
5300255284563019099493524
304460506830379
392
36425865726
10352055069102770255
089044405442111023164192
00
84283021337371314099
2
70128675874624059327854
39547422344210053389717
231804100522422791606
895886826974584609763559559
0974516199613705
06030370996637895
813002286295112841890319595
03377285554752011425479047869
54411456120532
43101913813
2944481865252404
19769440
3
3665093999
22346781916362920693531707
880368198052614979531074
5442765527962
8437632250240723844
888996390760519291650
1699584459198
85614707147601874
0315898351036194054362943981
060268963787261317
460084726518216741794787
293731333852
64650604128997712217962
52176607513832282687569859042499
7041186
15092835471056174639756179862253
030752341580142222
2453502
8329013043405456
4462578481269339360184810181
13123370652434047221316511
6542
988468009614666
41872079043
84287
32634757838215375978494781929
829074045565266271646654
63306614100
587721231730033021539545
695
879702094017268742
9079180338666771846
7776694512021
09206092778204457
72793531785790629
4963261817248477696
67047
96921447646194791
7733361980187390222077
58867008175142174626075798
60683040500317
52
9611169
38837
67926218993337
56434363018218641638
0197159483533932
18822560578
62765
5114521311086
8828131291899312984
221637819059977363225882823
6143140912980
618130395274348
917015781
5276017481442318700074255
1132
60173447671857213425
188279320967097292847307
7647603543
0710951338
468059164953
822973
881994670
783856549209857055543
5456240299425262603637535575476
153172658
92473
06279123562153
751717
21843649023504006
353327828042632790
739768
7822648994088077
392767400809876187
734296894970121
8495545
465689350290860700409
763415675605471637812489242
552266430500
6
31271937890621023
1454112757843739773928
42767
4590
23320704521895
8
30967630776210482868061062399144
036728826510
6990914864331870695270896
63591607324067060240303427413940
90261888647123286267822953
01572912101543951
07
07666
6475063870382147631783579469
254173675660281637174609822
7473
2305286
579
899786683734763766720229093098
5552
03561109444
8919574958432807
30713991
4012134496619
8004765971335
1626729628433049769876267
6687259583283573520
4930489338309191839536
1825135341928
45
562335920052137378116610647
62583937286746325265939776121
3703265652137654307232516302194
2
575621903629739863094
23248853845980
0800309208812080888
99313046758620173742
010
06594273525988462
96151892
89690307831326941
73476448370
1592377828686554364
234310
138048432497553384
179
32
383874239331
572
22
137410856466253068988539670737
22159682
3347679079647691121604670212540
3488336588148629153619
1907
65164288500157988890
148
85392
49318138754960202170
5809
7248649381677397417177254234
32407234924279070295967294288346
85084314672487921
869554735191967151644014665538
1986980
5506484323974002527
3204
2333850
8
3313144084085290497752479879901
2914292243388
9744717493835206358
037601433
0076190345311
9423733209498996528233769785
081558199566
8975219842
07
811755574586224407838527386001
57233331854722
39733314134
0362586885368
3593
31211662
0086145623169138323
82766773941020654696156676
84
17342054
6
607904
5516586519368890007183114914
90690701081
71254
7567988298075508816904557439
06906218264
76392
79170172574590253692816
2517955
07054690763668936389488
045249572831140721745318314248
2344871
73204504681
853817531880599415778881
3299145084090648751661674
16710579650415416
6549774223802447988829076465561
670121871415396199552976159692
27251616368
4317410201179
546910080903936
45311587671282
9664637970576
84252943163713129205275792381
4872986532
1846856603534463217864276866277
21431777
3243619225
942912180
79433607130419208710992
475627695
4940972992599261028603051559
448931010809020262760
83
236827137687967760793729423
569993
392126251572194431478785791
850047183820254
99
24439589366729575989047433911
418888285594851949589
06859092296
420078
84188387
71895824895759362507187336552285
4564161973513668087192
933193185688
13334444976
5
7369
3179123359634249467867
15187735107925001545705834279681
14488963651026380
59562330711
8532087946856242782564765895
42432226282815
1371322207
77493388
80147219883144040477512419791293
217153151
13009319
8504400
5966939716396866
19851953
44790777210
199
108201111123
384025860
18821170230848812194132348808690
45992615199150131
87095523473516981063366603007
741138238702074695610965
088
0898882541434253214986474
3795071081707622087509181
13966697453942
612670
1049616
7155967
3986766809732312900697006
53363406
639272
59435389155082
774531768519242048733
634933101478730510992618836421
977558117805526
5948679818819208889191206077
44805016462762198838
4222896080728278211117772166
151184655798946
226579905754096667763507408
707734
05564500276593647250904510
400282
8846369030299998162771527488
64229704542323137960
88
0676206730219573559428
1049078508572799477669
5908220669763
933703648377864273160796983
30553897063455428653979280
06690
51897875944
88561337045570297
22309307698504568650
19849631520604075138343
3868171
984370873379259343047
32382161551128010
68664314344666519963595
283117548
3407
9576143
0264567461
07506080896461
789
5161624651
484
41664366617252838902133979281951
128461921087668379503487220674
12488504254
548674920432980246
82603093
756689896635228894753144882
4469854590
0371199747299489142635574
0
48
83372080
50554181581721758989925
8662817056428223073
1201602254
113712257676273
01557683048131788004634308
90191
27939
6
200793094926101
592062150072874970
7690903612375626574
222871619
64785954599874321304148385017
1707441642
976463731836
99557461
7508507482981151
202591970202410868438712
6336019817693588779
58419266841413
86410848993626512
98062914
75
285872338821048854949169
5558225162447
228010153092
5952
332216892255
25743522
155377933207825497
7590845
244606167912398
6523377
91275857364093148552
2577851834498810800362380
4874070933297549813
772697203866
1331497
427072244167414
254657764409624828560
3144508
861356892946443282554086201
899289
39624497381984841768755378658
40631678736607937738287
080955913346135
015056225840862748242598
2766137732760727
662354427618654792
03637698970495
8568398707634310956
4804569201864624464185598
329186
21722984
485008252249748899006883349257
5434798228056624690582
030968538737231475
4523893506654383
5268192466950567
62111567509241343817275762776
210251679
49258022854227
97201813373970779701525541302876
22183723065259143
374579803614971635475761
1322368827582592
12798
024494793
804047
340563421368950634
980050373427096718
49886810548578
84273455039070
840
77040049619283038871
37219529668296167774122459229
297651529757528334707276
520424064081
876
827884633956197077354121412121
7712704654219973026007372895
73662589116825
90665013885457260
68405119069632235174599719804904
2127824873727166453320833640
086755325808620774
89528052408
16906709691275584485
7
956236711134735875
5379446
45150232982532509458880
667917691105
0833974959001404896108653517
477927790606
015585463807749876248275259364
8754196131548949210710
23857
63472784232855396032368209
18881016885292125657052015
49349727
4399697445931
1555250696475246541378062756
4863229
29719
9131141
0484083557
5814735846958799633813
5913941213
36008284181411774
8553632556399
8614858147854322802955
6281511040671785403612893
21
721205936159993
4163151054718457
3744462
42852947091624
23
9467370
85912153072585789637837216115
180368
895014
3848
9024954514
30535516
143996492
4768324130280115
7677166606660073009199635398987
1711857967988957333962
05715509870155930695022782148
6476435174824623083
6436062490
398948
348479531224484241412402873960
6474863
33558
2461186859124909115127
99759552362411208
74323881566910
33281915265806016791543781303482
765011221808170379
7066762856725716681
7260
5111
3016514316384182602823
982953234
08871
7747108610444136884104
8
76477726885883255300274434483
48
2749070692643066
74448261590253
60014489396425669
602454419830841398
663076312155125725901884384152
9403
091324053807
36145193
61367834341
531632
149216116178433637175165
255948083854768
9343914839626472
44098468803786680218125757353784
7727157809311
15
94927209842860565110
747366737307823
86080211945083159
970229276720612711869
1573476482371041428207049776
602993
7410743649412653608901192643
8483885877156958244287947
17548723331914882
82457108432190433023728176299
4327419376085364113755033
742961964836921527524
391908395162566638704
9786691232472031
2375033236365397172675278262641
906447162539206738698
666
53651861702
39142177598278317885634175147
05
44874935122957651353850504
181151958591
36
7864615052919067285
74247
10072745943
15384224044432282114306362
3787
194146703232710520749296944001
42784838087827768494
53
78960866
11137964499915564387
493820674645254143
1434504536136351336089396416418
7191008759453509
00662167191909928935625305
0314700960178959840100
25193162404
23925036719028
787075683825242095834561220215
3147416396822
07631534
375627612654271065273281043
0605417328861815312200834
206252621974472
83847824918519270710997783
8458488676434926
7697197967530288020161256
159023050838
8664381773169129
61641278675270
483383181735686407435
712
1893983652249
9667
559546670451139168479198963
093903565147511166269
32622
984214485
226282657558144699
4811070555195827
0307009289
722855764055862
50
39583069718320006
523388
68125279640474445906243206778
6064176342785512
741341816424952
1802919
666928301910387147
48343123594382182710070
8928783815
1636018646089909922027922
2980708385870
5
83552
890762
0025941920929800183888203
330869468271
254331
9830822358
20139958903195021486123244192175
91832803679271148260883974860
2879895416284542849848020928
607169790295
1470724494071977194949001322361
41641496
83697914302446829181
48503918
7825372034231636915099
047847411768314
71925
4503268230394316070
7993302833131276854173827808
54483550605232601926147545
258207530016765
66049977088
0893676
4142986
47253585644338673057115150925489
88119739827
922022
91
33587409272220867029652527519334
21996
8064392588
746
976504306887338
670503193186056
57182510
476903952428791426875
5398086442994739307
3
3159526404326130131197646
22805
09984261810922002
95537663
4310991046693410191211
88457166470910085287291
861353465696887
206250225213327059704
096382813950086234183
520027340684641
5723053405806599785
74
469115848299780324287691612748
256713994518297154670655374323
0228
806914968587640713802102
924506428042
60166747
738504564296538148889753103104
18998126112722931753983434115537
088809802168876567605691254
850746879521667035036904736052
116952045
9201072670261
81423670158432181076
920386
7668477505336243048326
9668939354053
0802101349
971
493570094732
2582867407
86625519
39
7475270929392499044
62355469007605047212821913
77619301961567032017
90
276242786364770712
14497822853382719055215178227
9738125493981974995
5597649352616991
35163
37162443982
0482369079956897877099903
93107244042431740020
31
00255583150447651007
5971270487912416046037409
50
928
011344435680269848718
39286861861
279482600080570117838025
68740
012306610
1003650997531289288807003815443
0644
990524189759942046493494
846605134076923976
768032768766895195772
89313762164698570850711535064997
49796318488
711582618416069973185707804680
6366022558688787716011557653410
321304212890423433253931
9597771989780038828316840
2235717353
72631578560417167716
599831476345012262302322
7349321210883563192122426746
493459330792532424
7704414002027
35554011931946126
598482342492486561621813267
306367627
48410439217622924180
81347814328523
983449
346
9327008050543398122287181
652178589008569791506651923689
763106386152306709965
55522307184368414647
72398784113999750240408615066093
12917332790194132895732167
9848486
05415353863796924631
442896902844909490010
157547294819044
94251650
5419804263254
7303257976976
575764815500907615066468885918
32447
95224630247748439
80166636
59660833453937280949762
949708846782817188
9779305494137172321419410915
143
71215976115196500
526789981756055
829131669276519121168
9195436482
274533193017788572147301083
944750430512078169466833
21761969436088877400634749
1538637201228
0208493554843000139520000
6950872
864821090682301630621096
7089047022205026675353
15436229356157
04703358543673521
601
833493585429840823439248
0094435924312960233
149308539923389329919491
9430
5325
346
01
31791100380082951745915952
13445033990491294102526317645761
5314977799
881426882412
09266355767409614168
67235054344291638674
4965630402875
8514418868679894127260212
968589745323
8618333093309708414
6278564759234529127247528
967238675615
34087229992118
4809337447
99497890687351138979682267503
531671866899806400927538229
0387163013211998366222
39523768969962201701266721
922083721464
3221334587825484666820
66682658544671000638953633
988044744786752
8194380456
83121840140035922
9376888400738521514100816712540
4912502976
863515145456198857166161
019956071779169541369615848
9310225962983894
955890
